{"top20inflow_10d": [{"rank": 1, "name": "HSI Long", "inflow (M)": 148.17}, {"rank": 2, "name": "HSI Short", "inflow (M)": 50.44}, {"rank": 3, "name": "3690 Long", "inflow (M)": 20.74}, {"rank": 4, "name": "2269 Long", "inflow (M)": 19.45}, {"rank": 5, "name": "0700 Long", "inflow (M)": 16.47}, {"rank": 6, "name": "9988 Long", "inflow (M)": 12.78}, {"rank": 7, "name": "2269 Short", "inflow (M)": 12.49}, {"rank": 8, "name": "1211 Long", "inflow (M)": 12.06}, {"rank": 9, "name": "9988 Short", "inflow (M)": 8.93}, {"rank": 10, "name": "3690 Short", "inflow (M)": 8.06}, {"rank": 11, "name": "2318 Long", "inflow (M)": 7.49}, {"rank": 12, "name": "3968 Long", "inflow (M)": 6.97}, {"rank": 13, "name": "1810 Long", "inflow (M)": 5.95}, {"rank": 14, "name": "0981 Long", "inflow (M)": 5.75}, {"rank": 15, "name": "0388 Long", "inflow (M)": 5.36}, {"rank": 16, "name": "0388 Short", "inflow (M)": 5.36}, {"rank": 17, "name": "DJI Short", "inflow (M)": 5.35}, {"rank": 18, "name": "SPX Short", "inflow (M)": 4.7}, {"rank": 19, "name": "0992 Long", "inflow (M)": 4.46}, {"rank": 20, "name": "0175 Long", "inflow (M)": 4.0}], "top20outflow_10d": [{"rank": 1, "name": "1211 Short", "outflow (M)": 49.24}, {"rank": 2, "name": "0883 Long", "outflow (M)": 19.59}, {"rank": 3, "name": "0992 Short", "outflow (M)": 2.42}, {"rank": 4, "name": "0700 Short", "outflow (M)": 2.41}, {"rank": 5, "name": "2318 Short", "outflow (M)": 2.04}, {"rank": 6, "name": "1299 Long", "outflow (M)": 2.01}, {"rank": 7, "name": "1299 Short", "outflow (M)": 1.55}, {"rank": 8, "name": "0857 Long", "outflow (M)": 1.41}, {"rank": 9, "name": "0005 Long", "outflow (M)": 1.33}, {"rank": 10, "name": "1171 Long", "outflow (M)": 1.1}, {"rank": 11, "name": "0941 Short", "outflow (M)": 1.06}, {"rank": 12, "name": "N225 Long", "outflow (M)": 0.95}, {"rank": 13, "name": "2015 Short", "outflow (M)": 0.92}, {"rank": 14, "name": "1398 Long", "outflow (M)": 0.9}, {"rank": 15, "name": "0941 Long", "outflow (M)": 0.85}, {"rank": 16, "name": "9868 Short", "outflow (M)": 0.82}, {"rank": 17, "name": "0027 Long", "outflow (M)": 0.79}, {"rank": 18, "name": "2331 Long", "outflow (M)": 0.66}, {"rank": 19, "name": "0788 Long", "outflow (M)": 0.55}, {"rank": 20, "name": "9888 Long", "outflow (M)": 0.42}], "stats": {"hsi long pos": "+174.49M", "hsi short pos:": "+15.57M", "stocks long pos": "+124.28M", "stocks short pos": "-8.56M"}}