{"top20inflow_1d": [{"rank": 1, "name": "HSI Long", "inflow (M)": 33.33}, {"rank": 2, "name": "0700 Long", "inflow (M)": 10.78}, {"rank": 3, "name": "3690 Long", "inflow (M)": 3.3}, {"rank": 4, "name": "2318 Long", "inflow (M)": 2.92}, {"rank": 5, "name": "1211 Long", "inflow (M)": 2.57}, {"rank": 6, "name": "0388 Long", "inflow (M)": 1.8}, {"rank": 7, "name": "3968 Long", "inflow (M)": 1.66}, {"rank": 8, "name": "2269 Long", "inflow (M)": 1.3}, {"rank": 9, "name": "1299 Long", "inflow (M)": 1.14}, {"rank": 10, "name": "9988 Long", "inflow (M)": 1.14}, {"rank": 11, "name": "0388 Short", "inflow (M)": 1.12}, {"rank": 12, "name": "1024 Long", "inflow (M)": 1.06}, {"rank": 13, "name": "0981 Long", "inflow (M)": 1.01}, {"rank": 14, "name": "1810 Long", "inflow (M)": 0.87}, {"rank": 15, "name": "9988 Short", "inflow (M)": 0.72}, {"rank": 16, "name": "9961 Long", "inflow (M)": 0.55}, {"rank": 17, "name": "AAPLO Short", "inflow (M)": 0.51}, {"rank": 18, "name": "0005 Short", "inflow (M)": 0.49}, {"rank": 19, "name": "2628 Long", "inflow (M)": 0.41}, {"rank": 20, "name": "1810 Short", "inflow (M)": 0.36}], "top20outflow_1d": [{"rank": 1, "name": "HSI Short", "outflow (M)": 18.35}, {"rank": 2, "name": "1211 Short", "outflow (M)": 16.19}, {"rank": 3, "name": "0700 Short", "outflow (M)": 8.08}, {"rank": 4, "name": "3690 Short", "outflow (M)": 2.62}, {"rank": 5, "name": "1299 Short", "outflow (M)": 2.37}, {"rank": 6, "name": "9868 Short", "outflow (M)": 2.29}, {"rank": 7, "name": "2269 Short", "outflow (M)": 1.31}, {"rank": 8, "name": "0992 Short", "outflow (M)": 0.57}, {"rank": 9, "name": "2015 Short", "outflow (M)": 0.48}, {"rank": 10, "name": "2018 Short", "outflow (M)": 0.48}, {"rank": 11, "name": "HSTECH Short", "outflow (M)": 0.37}, {"rank": 12, "name": "0939 Long", "outflow (M)": 0.36}, {"rank": 13, "name": "0883 Long", "outflow (M)": 0.34}, {"rank": 14, "name": "0857 Short", "outflow (M)": 0.29}, {"rank": 15, "name": "9888 Short", "outflow (M)": 0.28}, {"rank": 16, "name": "0981 Short", "outflow (M)": 0.27}, {"rank": 17, "name": "0992 Long", "outflow (M)": 0.26}, {"rank": 18, "name": "0823 Long", "outflow (M)": 0.26}, {"rank": 19, "name": "0857 Long", "outflow (M)": 0.21}, {"rank": 20, "name": "0941 Short", "outflow (M)": 0.2}], "stats": {"hsi long pos": "+74.30M", "hsi short pos:": "-75.65M", "stocks long pos": "+44.94M", "stocks short pos": "-30.82M"}}