{"top20inflow_1d": [{"rank": 1, "name": "HSI Long", "inflow (M)": 28.16}, {"rank": 2, "name": "3690 Short", "inflow (M)": 12.54}, {"rank": 3, "name": "9988 Long", "inflow (M)": 5.47}, {"rank": 4, "name": "0700 Long", "inflow (M)": 5.25}, {"rank": 5, "name": "2015 Long", "inflow (M)": 4.36}, {"rank": 6, "name": "3968 Long", "inflow (M)": 2.88}, {"rank": 7, "name": "0005 Long", "inflow (M)": 2.11}, {"rank": 8, "name": "0027 Long", "inflow (M)": 1.91}, {"rank": 9, "name": "2318 Long", "inflow (M)": 1.58}, {"rank": 10, "name": "1928 Long", "inflow (M)": 1.42}, {"rank": 11, "name": "0388 Short", "inflow (M)": 1.31}, {"rank": 12, "name": "0939 Long", "inflow (M)": 1.09}, {"rank": 13, "name": "1211 Long", "inflow (M)": 1.04}, {"rank": 14, "name": "1810 Long", "inflow (M)": 0.9}, {"rank": 15, "name": "0857 Long", "inflow (M)": 0.84}, {"rank": 16, "name": "9618 Long", "inflow (M)": 0.84}, {"rank": 17, "name": "1024 Long", "inflow (M)": 0.73}, {"rank": 18, "name": "2359 Long", "inflow (M)": 0.68}, {"rank": 19, "name": "0386 Long", "inflow (M)": 0.56}, {"rank": 20, "name": "0017 Long", "inflow (M)": 0.52}], "top20outflow_1d": [{"rank": 1, "name": "HSI Short", "outflow (M)": 18.12}, {"rank": 2, "name": "2015 Short", "outflow (M)": 6.32}, {"rank": 3, "name": "3690 Long", "outflow (M)": 5.41}, {"rank": 4, "name": "1211 Short", "outflow (M)": 3.37}, {"rank": 5, "name": "0941 Long", "outflow (M)": 2.92}, {"rank": 6, "name": "2269 Long", "outflow (M)": 2.9}, {"rank": 7, "name": "9988 Short", "outflow (M)": 2.69}, {"rank": 8, "name": "HSCE Long", "outflow (M)": 1.02}, {"rank": 9, "name": "2269 Short", "outflow (M)": 0.8}, {"rank": 10, "name": "0027 Short", "outflow (M)": 0.79}, {"rank": 11, "name": "9961 Short", "outflow (M)": 0.77}, {"rank": 12, "name": "0992 Long", "outflow (M)": 0.61}, {"rank": 13, "name": "1299 Long", "outflow (M)": 0.55}, {"rank": 14, "name": "2318 Short", "outflow (M)": 0.42}, {"rank": 15, "name": "0902 Long", "outflow (M)": 0.42}, {"rank": 16, "name": "0700 Short", "outflow (M)": 0.4}, {"rank": 17, "name": "0011 Long", "outflow (M)": 0.39}, {"rank": 18, "name": "2840 Long", "outflow (M)": 0.37}, {"rank": 19, "name": "1928 Short", "outflow (M)": 0.31}, {"rank": 20, "name": "0669 Long", "outflow (M)": 0.3}], "stats": {"hsi long pos": "+28.16M", "hsi short pos:": "-18.12M", "stocks long pos": "+23.71M", "stocks short pos": "-1.58M"}}