{"top20inflow_20d": [{"rank": 1, "name": "HSI Long", "inflow (M)": 868.01}, {"rank": 2, "name": "3690 Long", "inflow (M)": 153.08}, {"rank": 3, "name": "0388 Long", "inflow (M)": 53.66}, {"rank": 4, "name": "1211 Long", "inflow (M)": 52.04}, {"rank": 5, "name": "0700 Long", "inflow (M)": 46.55}, {"rank": 6, "name": "9988 Long", "inflow (M)": 39.45}, {"rank": 7, "name": "2318 Long", "inflow (M)": 20.57}, {"rank": 8, "name": "DJI Short", "inflow (M)": 13.27}, {"rank": 9, "name": "2269 Long", "inflow (M)": 11.84}, {"rank": 10, "name": "1299 Long", "inflow (M)": 11.67}, {"rank": 11, "name": "HSTECH Long", "inflow (M)": 8.78}, {"rank": 12, "name": "1024 Long", "inflow (M)": 7.37}, {"rank": 13, "name": "0941 Long", "inflow (M)": 6.31}, {"rank": 14, "name": "3968 Long", "inflow (M)": 5.8}, {"rank": 15, "name": "0175 Long", "inflow (M)": 4.86}, {"rank": 16, "name": "0027 Long", "inflow (M)": 3.42}, {"rank": 17, "name": "2800 Long", "inflow (M)": 3.17}, {"rank": 18, "name": "NDX Short", "inflow (M)": 2.95}, {"rank": 19, "name": "0354 Long", "inflow (M)": 2.71}, {"rank": 20, "name": "0981 Long", "inflow (M)": 2.64}], "top20outflow_20d": [{"rank": 1, "name": "HSI Short", "outflow (M)": 157.27}, {"rank": 2, "name": "9988 Short", "outflow (M)": 51.72}, {"rank": 3, "name": "0700 Short", "outflow (M)": 21.67}, {"rank": 4, "name": "1211 Short", "outflow (M)": 17.81}, {"rank": 5, "name": "1810 Long", "outflow (M)": 10.64}, {"rank": 6, "name": "0388 Short", "outflow (M)": 8.24}, {"rank": 7, "name": "1810 Short", "outflow (M)": 7.83}, {"rank": 8, "name": "1299 Short", "outflow (M)": 4.88}, {"rank": 9, "name": "2318 Short", "outflow (M)": 4.05}, {"rank": 10, "name": "1024 Short", "outflow (M)": 3.12}, {"rank": 11, "name": "9888 Long", "outflow (M)": 2.27}, {"rank": 12, "name": "HSTECH Short", "outflow (M)": 2.11}, {"rank": 13, "name": "0823 Long", "outflow (M)": 1.74}, {"rank": 14, "name": "1171 Long", "outflow (M)": 1.48}, {"rank": 15, "name": "0981 Short", "outflow (M)": 1.16}, {"rank": 16, "name": "NDX Long", "outflow (M)": 1.13}, {"rank": 17, "name": "3968 Short", "outflow (M)": 1.0}, {"rank": 18, "name": "0902 Long", "outflow (M)": 0.99}, {"rank": 19, "name": "2382 Short", "outflow (M)": 0.9}, {"rank": 20, "name": "2015 Short", "outflow (M)": 0.89}], "stats": {"hsi long pos": "+868.01M", "hsi short pos:": "-157.27M", "stocks long pos": "+449.50M", "stocks short pos": "-123.55M"}}