{"top20inflow_1d": [{"rank": 1, "name": "HSI Long", "inflow (M)": 20.7}, {"rank": 2, "name": "0388 Long", "inflow (M)": 8.0}, {"rank": 3, "name": "9999 Short", "inflow (M)": 2.03}, {"rank": 4, "name": "3690 Long", "inflow (M)": 1.87}, {"rank": 5, "name": "0700 Long", "inflow (M)": 1.74}, {"rank": 6, "name": "DJI Short", "inflow (M)": 1.23}, {"rank": 7, "name": "1211 Long", "inflow (M)": 1.22}, {"rank": 8, "name": "1299 Long", "inflow (M)": 1.14}, {"rank": 9, "name": "2018 Long", "inflow (M)": 1.08}, {"rank": 10, "name": "2318 Short", "inflow (M)": 1.05}, {"rank": 11, "name": "2318 Long", "inflow (M)": 1.03}, {"rank": 12, "name": "9988 Short", "inflow (M)": 0.96}, {"rank": 13, "name": "HSTECH Long", "inflow (M)": 0.94}, {"rank": 14, "name": "9888 Long", "inflow (M)": 0.86}, {"rank": 15, "name": "0941 Long", "inflow (M)": 0.77}, {"rank": 16, "name": "NDX Short", "inflow (M)": 0.59}, {"rank": 17, "name": "9618 Long", "inflow (M)": 0.58}, {"rank": 18, "name": "1211 Short", "inflow (M)": 0.54}, {"rank": 19, "name": "2020 Long", "inflow (M)": 0.5}, {"rank": 20, "name": "9868 Long", "inflow (M)": 0.43}], "top20outflow_1d": [{"rank": 1, "name": "HSI Short", "outflow (M)": 20.04}, {"rank": 2, "name": "1810 Short", "outflow (M)": 4.42}, {"rank": 3, "name": "9988 Long", "outflow (M)": 2.06}, {"rank": 4, "name": "0700 Short", "outflow (M)": 1.81}, {"rank": 5, "name": "3690 Short", "outflow (M)": 1.46}, {"rank": 6, "name": "2269 Short", "outflow (M)": 1.07}, {"rank": 7, "name": "0981 Long", "outflow (M)": 0.76}, {"rank": 8, "name": "0388 Short", "outflow (M)": 0.52}, {"rank": 9, "name": "1810 Long", "outflow (M)": 0.44}, {"rank": 10, "name": "3968 Short", "outflow (M)": 0.43}, {"rank": 11, "name": "1024 Long", "outflow (M)": 0.36}, {"rank": 12, "name": "0005 Long", "outflow (M)": 0.34}, {"rank": 13, "name": "0992 Short", "outflow (M)": 0.21}, {"rank": 14, "name": "1772 Long", "outflow (M)": 0.21}, {"rank": 15, "name": "0939 Long", "outflow (M)": 0.19}, {"rank": 16, "name": "9868 Short", "outflow (M)": 0.17}, {"rank": 17, "name": "0981 Short", "outflow (M)": 0.17}, {"rank": 18, "name": "1093 Long", "outflow (M)": 0.11}, {"rank": 19, "name": "0386 Short", "outflow (M)": 0.09}, {"rank": 20, "name": "2382 Short", "outflow (M)": 0.09}], "stats": {"hsi long pos": "+20.70M", "hsi short pos:": "-20.04M", "stocks long pos": "+18.41M", "stocks short pos": "-4.02M"}}