{"top20inflow_20d": [{"rank": 1, "name": "HSI Long", "inflow (M)": 732.2}, {"rank": 2, "name": "3690 Long", "inflow (M)": 58.63}, {"rank": 3, "name": "0700 Long", "inflow (M)": 53.2}, {"rank": 4, "name": "9988 Long", "inflow (M)": 41.17}, {"rank": 5, "name": "1211 Short", "inflow (M)": 26.09}, {"rank": 6, "name": "0388 Long", "inflow (M)": 23.56}, {"rank": 7, "name": "1810 Long", "inflow (M)": 22.1}, {"rank": 8, "name": "2318 Long", "inflow (M)": 11.82}, {"rank": 9, "name": "9618 Long", "inflow (M)": 10.89}, {"rank": 10, "name": "1299 Long", "inflow (M)": 10.18}, {"rank": 11, "name": "HSTECH Long", "inflow (M)": 9.85}, {"rank": 12, "name": "DJI Short", "inflow (M)": 9.79}, {"rank": 13, "name": "0883 Long", "inflow (M)": 8.74}, {"rank": 14, "name": "0005 Long", "inflow (M)": 8.21}, {"rank": 15, "name": "0981 Long", "inflow (M)": 6.79}, {"rank": 16, "name": "1211 Long", "inflow (M)": 6.69}, {"rank": 17, "name": "9988 Short", "inflow (M)": 6.44}, {"rank": 18, "name": "1024 Long", "inflow (M)": 5.92}, {"rank": 19, "name": "9868 Long", "inflow (M)": 5.46}, {"rank": 20, "name": "NDX Short", "inflow (M)": 5.44}], "top20outflow_20d": [{"rank": 1, "name": "HSI Short", "outflow (M)": 250.33}, {"rank": 2, "name": "0700 Short", "outflow (M)": 33.28}, {"rank": 3, "name": "9999 Short", "outflow (M)": 17.23}, {"rank": 4, "name": "0388 Short", "outflow (M)": 9.03}, {"rank": 5, "name": "1810 Short", "outflow (M)": 7.3}, {"rank": 6, "name": "9618 Short", "outflow (M)": 3.91}, {"rank": 7, "name": "9999 Long", "outflow (M)": 3.48}, {"rank": 8, "name": "2382 Short", "outflow (M)": 2.03}, {"rank": 9, "name": "0981 Short", "outflow (M)": 1.88}, {"rank": 10, "name": "1024 Short", "outflow (M)": 1.71}, {"rank": 11, "name": "0902 Long", "outflow (M)": 1.53}, {"rank": 12, "name": "9868 Short", "outflow (M)": 1.07}, {"rank": 13, "name": "2015 Short", "outflow (M)": 0.96}, {"rank": 14, "name": "9888 Short", "outflow (M)": 0.81}, {"rank": 15, "name": "1797 Short", "outflow (M)": 0.57}, {"rank": 16, "name": "1288 Long", "outflow (M)": 0.56}, {"rank": 17, "name": "HSTECH Short", "outflow (M)": 0.54}, {"rank": 18, "name": "1171 Long", "outflow (M)": 0.54}, {"rank": 19, "name": "9866 Short", "outflow (M)": 0.47}, {"rank": 20, "name": "1801 Long", "outflow (M)": 0.47}], "stats": {"hsi long pos": "+606.27M", "hsi short pos:": "-162.26M", "stocks long pos": "+336.04M", "stocks short pos": "-20.22M"}}