{"top20inflow_10d": [{"rank": 1, "name": "HSI Long", "inflow (M)": 386.16}, {"rank": 2, "name": "0388 Long", "inflow (M)": 43.51}, {"rank": 3, "name": "0700 Long", "inflow (M)": 41.02}, {"rank": 4, "name": "9988 Long", "inflow (M)": 24.52}, {"rank": 5, "name": "3690 Long", "inflow (M)": 23.94}, {"rank": 6, "name": "1211 Long", "inflow (M)": 10.13}, {"rank": 7, "name": "2318 Long", "inflow (M)": 8.97}, {"rank": 8, "name": "DJI Short", "inflow (M)": 8.22}, {"rank": 9, "name": "HSTECH Long", "inflow (M)": 6.23}, {"rank": 10, "name": "2269 Long", "inflow (M)": 5.79}, {"rank": 11, "name": "1299 Long", "inflow (M)": 5.56}, {"rank": 12, "name": "9999 Short", "inflow (M)": 4.26}, {"rank": 13, "name": "3968 Long", "inflow (M)": 3.4}, {"rank": 14, "name": "0981 Long", "inflow (M)": 3.29}, {"rank": 15, "name": "NDX Long", "inflow (M)": 2.75}, {"rank": 16, "name": "2018 Long", "inflow (M)": 1.97}, {"rank": 17, "name": "0175 Long", "inflow (M)": 1.78}, {"rank": 18, "name": "2822 Long", "inflow (M)": 1.75}, {"rank": 19, "name": "0941 Long", "inflow (M)": 1.61}, {"rank": 20, "name": "2331 Long", "inflow (M)": 1.57}], "top20outflow_10d": [{"rank": 1, "name": "HSI Short", "outflow (M)": 90.16}, {"rank": 2, "name": "9988 Short", "outflow (M)": 27.85}, {"rank": 3, "name": "0700 Short", "outflow (M)": 12.44}, {"rank": 4, "name": "1211 Short", "outflow (M)": 11.61}, {"rank": 5, "name": "1810 Long", "outflow (M)": 10.01}, {"rank": 6, "name": "1299 Short", "outflow (M)": 4.8}, {"rank": 7, "name": "1810 Short", "outflow (M)": 3.76}, {"rank": 8, "name": "0388 Short", "outflow (M)": 2.73}, {"rank": 9, "name": "2382 Short", "outflow (M)": 2.31}, {"rank": 10, "name": "3690 Short", "outflow (M)": 1.67}, {"rank": 11, "name": "0005 Long", "outflow (M)": 1.23}, {"rank": 12, "name": "9888 Long", "outflow (M)": 1.08}, {"rank": 13, "name": "1024 Short", "outflow (M)": 1.08}, {"rank": 14, "name": "9868 Long", "outflow (M)": 0.86}, {"rank": 15, "name": "1093 Long", "outflow (M)": 0.85}, {"rank": 16, "name": "2020 Short", "outflow (M)": 0.84}, {"rank": 17, "name": "9618 Long", "outflow (M)": 0.82}, {"rank": 18, "name": "3968 Short", "outflow (M)": 0.8}, {"rank": 19, "name": "0992 Long", "outflow (M)": 0.78}, {"rank": 20, "name": "2269 Short", "outflow (M)": 0.78}], "stats": {"hsi long pos": "+386.16M", "hsi short pos:": "-90.16M", "stocks long pos": "+177.17M", "stocks short pos": "-64.84M"}}