{"top20inflow_10d": [{"rank": 1, "name": "HSI Long", "inflow (M)": 269.13}, {"rank": 2, "name": "1299 Long", "inflow (M)": 70.05}, {"rank": 3, "name": "9988 Long", "inflow (M)": 36.24}, {"rank": 4, "name": "0388 Long", "inflow (M)": 26.99}, {"rank": 5, "name": "0700 Long", "inflow (M)": 24.12}, {"rank": 6, "name": "0700 Short", "inflow (M)": 18.17}, {"rank": 7, "name": "2269 Long", "inflow (M)": 15.3}, {"rank": 8, "name": "1810 Long", "inflow (M)": 13.18}, {"rank": 9, "name": "2318 Long", "inflow (M)": 12.11}, {"rank": 10, "name": "1211 Long", "inflow (M)": 7.88}, {"rank": 11, "name": "0941 Long", "inflow (M)": 7.8}, {"rank": 12, "name": "1024 Long", "inflow (M)": 7.32}, {"rank": 13, "name": "2382 Long", "inflow (M)": 7.01}, {"rank": 14, "name": "2015 Long", "inflow (M)": 5.83}, {"rank": 15, "name": "9888 Long", "inflow (M)": 5.74}, {"rank": 16, "name": "0268 Long", "inflow (M)": 4.77}, {"rank": 17, "name": "9868 Long", "inflow (M)": 3.6}, {"rank": 18, "name": "0981 Long", "inflow (M)": 3.44}, {"rank": 19, "name": "0358 Long", "inflow (M)": 3.1}, {"rank": 20, "name": "2883 Long", "inflow (M)": 2.88}], "top20outflow_10d": [{"rank": 1, "name": "HSI Short", "outflow (M)": 197.42}, {"rank": 2, "name": "3690 Long", "outflow (M)": 20.65}, {"rank": 3, "name": "0388 Short", "outflow (M)": 9.26}, {"rank": 4, "name": "0005 Long", "outflow (M)": 8.02}, {"rank": 5, "name": "9618 Short", "outflow (M)": 5.89}, {"rank": 6, "name": "9618 Long", "outflow (M)": 5.44}, {"rank": 7, "name": "1211 Short", "outflow (M)": 3.83}, {"rank": 8, "name": "9988 Short", "outflow (M)": 3.57}, {"rank": 9, "name": "1109 Long", "outflow (M)": 3.57}, {"rank": 10, "name": "2015 Short", "outflow (M)": 3.41}, {"rank": 11, "name": "3690 Short", "outflow (M)": 2.29}, {"rank": 12, "name": "2318 Short", "outflow (M)": 2.12}, {"rank": 13, "name": "1357 Long", "outflow (M)": 1.97}, {"rank": 14, "name": "1299 Short", "outflow (M)": 1.75}, {"rank": 15, "name": "9868 Short", "outflow (M)": 1.6}, {"rank": 16, "name": "3968 Long", "outflow (M)": 1.56}, {"rank": 17, "name": "9999 Long", "outflow (M)": 1.47}, {"rank": 18, "name": "2840 Long", "outflow (M)": 1.46}, {"rank": 19, "name": "N225 Long", "outflow (M)": 1.39}, {"rank": 20, "name": "1088 Long", "outflow (M)": 1.37}], "stats": {"hsi long pos": "+149.07M", "hsi short pos:": "-118.64M", "stocks long pos": "+223.45M", "stocks short pos": "+5.22M"}}