{"top20inflow_10d": [{"rank": 1, "name": "HSI Long", "inflow (M)": 72.58}, {"rank": 2, "name": "HSI Short", "inflow (M)": 62.89}, {"rank": 3, "name": "0883 Long", "inflow (M)": 37.98}, {"rank": 4, "name": "0700 Long", "inflow (M)": 23.88}, {"rank": 5, "name": "3690 Long", "inflow (M)": 20.68}, {"rank": 6, "name": "1211 Long", "inflow (M)": 17.6}, {"rank": 7, "name": "9988 Short", "inflow (M)": 13.66}, {"rank": 8, "name": "3968 Long", "inflow (M)": 13.22}, {"rank": 9, "name": "2269 Long", "inflow (M)": 11.89}, {"rank": 10, "name": "2269 Short", "inflow (M)": 10.39}, {"rank": 11, "name": "2318 Long", "inflow (M)": 9.76}, {"rank": 12, "name": "9999 Short", "inflow (M)": 9.43}, {"rank": 13, "name": "0388 Long", "inflow (M)": 6.46}, {"rank": 14, "name": "0981 Long", "inflow (M)": 6.23}, {"rank": 15, "name": "1810 Long", "inflow (M)": 5.82}, {"rank": 16, "name": "JPYD Long", "inflow (M)": 5.73}, {"rank": 17, "name": "3690 Short", "inflow (M)": 5.23}, {"rank": 18, "name": "9988 Long", "inflow (M)": 4.93}, {"rank": 19, "name": "0992 Long", "inflow (M)": 4.57}, {"rank": 20, "name": "NDX Short", "inflow (M)": 4.47}], "top20outflow_10d": [{"rank": 1, "name": "0700 Short", "outflow (M)": 24.1}, {"rank": 2, "name": "1211 Short", "outflow (M)": 15.41}, {"rank": 3, "name": "1299 Long", "outflow (M)": 5.51}, {"rank": 4, "name": "9888 Long", "outflow (M)": 5.5}, {"rank": 5, "name": "0005 Long", "outflow (M)": 4.44}, {"rank": 6, "name": "0941 Long", "outflow (M)": 2.42}, {"rank": 7, "name": "0354 Long", "outflow (M)": 1.62}, {"rank": 8, "name": "0981 Short", "outflow (M)": 1.34}, {"rank": 9, "name": "9633 Long", "outflow (M)": 0.92}, {"rank": 10, "name": "9618 Long", "outflow (M)": 0.88}, {"rank": 11, "name": "0992 Short", "outflow (M)": 0.86}, {"rank": 12, "name": "0939 Long", "outflow (M)": 0.73}, {"rank": 13, "name": "0688 Long", "outflow (M)": 0.69}, {"rank": 14, "name": "1658 Long", "outflow (M)": 0.42}, {"rank": 15, "name": "0857 Long", "outflow (M)": 0.41}, {"rank": 16, "name": "2382 Short", "outflow (M)": 0.32}, {"rank": 17, "name": "2015 Short", "outflow (M)": 0.31}, {"rank": 18, "name": "1766 Long", "outflow (M)": 0.3}, {"rank": 19, "name": "0008 Long", "outflow (M)": 0.29}, {"rank": 20, "name": "1171 Long", "outflow (M)": 0.28}], "stats": {"hsi long pos": "+94.92M", "hsi short pos:": "+40.93M", "stocks long pos": "+182.08M", "stocks short pos": "+17.45M"}}