{"top20inflow_1d": [{"rank": 1, "name": "HSI Short", "inflow (M)": 41.59}, {"rank": 2, "name": "3690 Short", "inflow (M)": 10.19}, {"rank": 3, "name": "0388 Long", "inflow (M)": 8.12}, {"rank": 4, "name": "9888 Long", "inflow (M)": 4.59}, {"rank": 5, "name": "0981 Long", "inflow (M)": 3.31}, {"rank": 6, "name": "9988 Long", "inflow (M)": 2.98}, {"rank": 7, "name": "1299 Long", "inflow (M)": 2.19}, {"rank": 8, "name": "1211 Long", "inflow (M)": 2.08}, {"rank": 9, "name": "0992 Long", "inflow (M)": 1.77}, {"rank": 10, "name": "0700 Short", "inflow (M)": 1.54}, {"rank": 11, "name": "1810 Long", "inflow (M)": 1.46}, {"rank": 12, "name": "0883 Short", "inflow (M)": 1.02}, {"rank": 13, "name": "1299 Short", "inflow (M)": 0.86}, {"rank": 14, "name": "3888 Long", "inflow (M)": 0.84}, {"rank": 15, "name": "HSTECH Long", "inflow (M)": 0.66}, {"rank": 16, "name": "GBPD Short", "inflow (M)": 0.63}, {"rank": 17, "name": "2883 Long", "inflow (M)": 0.62}, {"rank": 18, "name": "2382 Long", "inflow (M)": 0.56}, {"rank": 19, "name": "2020 Long", "inflow (M)": 0.5}, {"rank": 20, "name": "0696 Long", "inflow (M)": 0.5}], "top20outflow_1d": [{"rank": 1, "name": "HSI Long", "outflow (M)": 54.6}, {"rank": 2, "name": "3690 Long", "outflow (M)": 16.62}, {"rank": 3, "name": "0700 Long", "outflow (M)": 4.4}, {"rank": 4, "name": "0883 Long", "outflow (M)": 1.38}, {"rank": 5, "name": "0941 Long", "outflow (M)": 1.33}, {"rank": 6, "name": "1211 Short", "outflow (M)": 1.07}, {"rank": 7, "name": "0386 Long", "outflow (M)": 0.97}, {"rank": 8, "name": "2318 Short", "outflow (M)": 0.94}, {"rank": 9, "name": "1024 Short", "outflow (M)": 0.75}, {"rank": 10, "name": "0388 Short", "outflow (M)": 0.62}, {"rank": 11, "name": "2382 Short", "outflow (M)": 0.59}, {"rank": 12, "name": "9988 Short", "outflow (M)": 0.45}, {"rank": 13, "name": "9999 Long", "outflow (M)": 0.39}, {"rank": 14, "name": "2269 Long", "outflow (M)": 0.37}, {"rank": 15, "name": "2600 Long", "outflow (M)": 0.36}, {"rank": 16, "name": "2015 Short", "outflow (M)": 0.3}, {"rank": 17, "name": "1772 Long", "outflow (M)": 0.23}, {"rank": 18, "name": "NVDAO Long", "outflow (M)": 0.22}, {"rank": 19, "name": "9868 Short", "outflow (M)": 0.2}, {"rank": 20, "name": "0857 Short", "outflow (M)": 0.2}], "stats": {"hsi long pos": "-32.45M", "hsi short pos:": "+17.34M", "stocks long pos": "-30.95M", "stocks short pos": "+20.41M"}}