{"top20inflow_20d": [{"rank": 1, "name": "HSI Long", "inflow (M)": 567.12}, {"rank": 2, "name": "0700 Long", "inflow (M)": 43.26}, {"rank": 3, "name": "3690 Long", "inflow (M)": 41.93}, {"rank": 4, "name": "9988 Long", "inflow (M)": 37.67}, {"rank": 5, "name": "2269 Long", "inflow (M)": 25.64}, {"rank": 6, "name": "0388 Long", "inflow (M)": 21.33}, {"rank": 7, "name": "1211 Long", "inflow (M)": 16.49}, {"rank": 8, "name": "2318 Long", "inflow (M)": 15.68}, {"rank": 9, "name": "9988 Short", "inflow (M)": 14.98}, {"rank": 10, "name": "3968 Long", "inflow (M)": 12.97}, {"rank": 11, "name": "2269 Short", "inflow (M)": 11.45}, {"rank": 12, "name": "0883 Long", "inflow (M)": 10.55}, {"rank": 13, "name": "1810 Long", "inflow (M)": 10.21}, {"rank": 14, "name": "3690 Short", "inflow (M)": 9.36}, {"rank": 15, "name": "JPYD Long", "inflow (M)": 9.34}, {"rank": 16, "name": "0981 Long", "inflow (M)": 9.06}, {"rank": 17, "name": "HSTECH Long", "inflow (M)": 8.56}, {"rank": 18, "name": "SPX Short", "inflow (M)": 7.79}, {"rank": 19, "name": "NDX Short", "inflow (M)": 7.23}, {"rank": 20, "name": "9618 Long", "inflow (M)": 6.88}], "top20outflow_20d": [{"rank": 1, "name": "HSI Short", "outflow (M)": 143.35}, {"rank": 2, "name": "1211 Short", "outflow (M)": 48.22}, {"rank": 3, "name": "0700 Short", "outflow (M)": 37.91}, {"rank": 4, "name": "2015 Short", "outflow (M)": 9.73}, {"rank": 5, "name": "0388 Short", "outflow (M)": 9.67}, {"rank": 6, "name": "1810 Short", "outflow (M)": 4.3}, {"rank": 7, "name": "9888 Long", "outflow (M)": 4.02}, {"rank": 8, "name": "0992 Short", "outflow (M)": 2.37}, {"rank": 9, "name": "3988 Short", "outflow (M)": 1.98}, {"rank": 10, "name": "0354 Long", "outflow (M)": 1.58}, {"rank": 11, "name": "HSTECH Short", "outflow (M)": 1.45}, {"rank": 12, "name": "9618 Short", "outflow (M)": 1.39}, {"rank": 13, "name": "1398 Long", "outflow (M)": 1.1}, {"rank": 14, "name": "9888 Short", "outflow (M)": 1.09}, {"rank": 15, "name": "1299 Short", "outflow (M)": 0.99}, {"rank": 16, "name": "0027 Long", "outflow (M)": 0.75}, {"rank": 17, "name": "NDX Long", "outflow (M)": 0.69}, {"rank": 18, "name": "2331 Long", "outflow (M)": 0.63}, {"rank": 19, "name": "0857 Long", "outflow (M)": 0.61}, {"rank": 20, "name": "1024 Short", "outflow (M)": 0.54}], "stats": {"hsi long pos": "+580.88M", "hsi short pos:": "-116.80M", "stocks long pos": "+317.79M", "stocks short pos": "-60.19M"}}