{"top20inflow_10d": [{"rank": 1, "name": "HSI Short", "inflow (M)": 360.06}, {"rank": 2, "name": "0700 Long", "inflow (M)": 55.48}, {"rank": 3, "name": "0005 Long", "inflow (M)": 20.75}, {"rank": 4, "name": "1211 Short", "inflow (M)": 19.06}, {"rank": 5, "name": "9888 Long", "inflow (M)": 7.15}, {"rank": 6, "name": "9961 Short", "inflow (M)": 7.14}, {"rank": 7, "name": "2015 Short", "inflow (M)": 6.68}, {"rank": 8, "name": "0883 Short", "inflow (M)": 5.19}, {"rank": 9, "name": "0941 Long", "inflow (M)": 4.47}, {"rank": 10, "name": "0981 Long", "inflow (M)": 4.2}, {"rank": 11, "name": "9988 Long", "inflow (M)": 3.67}, {"rank": 12, "name": "1299 Long", "inflow (M)": 3.19}, {"rank": 13, "name": "1810 Short", "inflow (M)": 2.98}, {"rank": 14, "name": "DJI Short", "inflow (M)": 2.66}, {"rank": 15, "name": "3968 Short", "inflow (M)": 2.53}, {"rank": 16, "name": "0388 Long", "inflow (M)": 2.29}, {"rank": 17, "name": "1810 Long", "inflow (M)": 2.1}, {"rank": 18, "name": "2318 Short", "inflow (M)": 2.02}, {"rank": 19, "name": "2269 Long", "inflow (M)": 1.77}, {"rank": 20, "name": "0939 Short", "inflow (M)": 1.72}], "top20outflow_10d": [{"rank": 1, "name": "HSI Long", "outflow (M)": 276.2}, {"rank": 2, "name": "3690 Long", "outflow (M)": 17.28}, {"rank": 3, "name": "0700 Short", "outflow (M)": 13.22}, {"rank": 4, "name": "3968 Long", "outflow (M)": 6.81}, {"rank": 5, "name": "9988 Short", "outflow (M)": 5.73}, {"rank": 6, "name": "1109 Long", "outflow (M)": 4.11}, {"rank": 7, "name": "2269 Short", "outflow (M)": 4.0}, {"rank": 8, "name": "1928 Long", "outflow (M)": 2.89}, {"rank": 9, "name": "0388 Short", "outflow (M)": 2.63}, {"rank": 10, "name": "2318 Long", "outflow (M)": 2.6}, {"rank": 11, "name": "9868 Short", "outflow (M)": 2.33}, {"rank": 12, "name": "0883 Long", "outflow (M)": 2.05}, {"rank": 13, "name": "3690 Short", "outflow (M)": 1.94}, {"rank": 14, "name": "JPYD= Long", "outflow (M)": 1.82}, {"rank": 15, "name": "SPX Short", "outflow (M)": 1.79}, {"rank": 16, "name": "0005 Short", "outflow (M)": 1.7}, {"rank": 17, "name": "1398 Long", "outflow (M)": 1.37}, {"rank": 18, "name": "2822 Long", "outflow (M)": 1.34}, {"rank": 19, "name": "0939 Long", "outflow (M)": 1.33}, {"rank": 20, "name": "0788 Long", "outflow (M)": 1.29}], "stats": {"hsi long pos": "-276.20M", "hsi short pos:": "+360.06M", "stocks long pos": "+77.97M", "stocks short pos": "+20.63M"}}