{"top20inflow_20d": [{"rank": 1, "name": "HSI Short", "inflow (M)": 403.61}, {"rank": 2, "name": "0700 Long", "inflow (M)": 70.13}, {"rank": 3, "name": "9988 Long", "inflow (M)": 34.2}, {"rank": 4, "name": "9888 Long", "inflow (M)": 16.31}, {"rank": 5, "name": "2269 Long", "inflow (M)": 12.4}, {"rank": 6, "name": "0005 Long", "inflow (M)": 11.76}, {"rank": 7, "name": "0388 Long", "inflow (M)": 11.5}, {"rank": 8, "name": "2015 Short", "inflow (M)": 10.49}, {"rank": 9, "name": "3690 Short", "inflow (M)": 9.1}, {"rank": 10, "name": "0941 Long", "inflow (M)": 6.85}, {"rank": 11, "name": "0981 Long", "inflow (M)": 6.58}, {"rank": 12, "name": "1810 Long", "inflow (M)": 6.41}, {"rank": 13, "name": "9618 Long", "inflow (M)": 6.37}, {"rank": 14, "name": "DJI Short", "inflow (M)": 6.33}, {"rank": 15, "name": "9961 Short", "inflow (M)": 6.14}, {"rank": 16, "name": "9999 Long", "inflow (M)": 5.54}, {"rank": 17, "name": "2318 Long", "inflow (M)": 4.83}, {"rank": 18, "name": "0883 Short", "inflow (M)": 3.34}, {"rank": 19, "name": "N225 Short", "inflow (M)": 2.91}, {"rank": 20, "name": "NDX Short", "inflow (M)": 2.87}], "top20outflow_20d": [{"rank": 1, "name": "HSI Long", "outflow (M)": 119.44}, {"rank": 2, "name": "0883 Long", "outflow (M)": 33.17}, {"rank": 3, "name": "1211 Short", "outflow (M)": 15.38}, {"rank": 4, "name": "0700 Short", "outflow (M)": 8.87}, {"rank": 5, "name": "3968 Long", "outflow (M)": 6.06}, {"rank": 6, "name": "9988 Short", "outflow (M)": 5.11}, {"rank": 7, "name": "0388 Short", "outflow (M)": 4.13}, {"rank": 8, "name": "1211 Long", "outflow (M)": 3.2}, {"rank": 9, "name": "2269 Short", "outflow (M)": 2.91}, {"rank": 10, "name": "1398 Long", "outflow (M)": 2.06}, {"rank": 11, "name": "9868 Short", "outflow (M)": 2.04}, {"rank": 12, "name": "0788 Long", "outflow (M)": 1.76}, {"rank": 13, "name": "1928 Long", "outflow (M)": 1.75}, {"rank": 14, "name": "2015 Long", "outflow (M)": 1.67}, {"rank": 15, "name": "0941 Short", "outflow (M)": 1.22}, {"rank": 16, "name": "3690 Long", "outflow (M)": 1.14}, {"rank": 17, "name": "N225 Long", "outflow (M)": 1.08}, {"rank": 18, "name": "2822 Long", "outflow (M)": 1.06}, {"rank": 19, "name": "0992 Short", "outflow (M)": 1.04}, {"rank": 20, "name": "1801 Long", "outflow (M)": 0.95}], "stats": {"hsi long pos": "-119.44M", "hsi short pos:": "+403.61M", "stocks long pos": "+174.28M", "stocks short pos": "-1.87M"}}