{"top20inflow_20d": [{"rank": 1, "name": "HSI Long", "inflow (M)": 899.7}, {"rank": 2, "name": "3690 Long", "inflow (M)": 131.76}, {"rank": 3, "name": "0388 Long", "inflow (M)": 67.5}, {"rank": 4, "name": "1211 Long", "inflow (M)": 52.75}, {"rank": 5, "name": "9988 Long", "inflow (M)": 33.85}, {"rank": 6, "name": "0700 Long", "inflow (M)": 28.51}, {"rank": 7, "name": "2318 Long", "inflow (M)": 24.94}, {"rank": 8, "name": "DJI Short", "inflow (M)": 12.65}, {"rank": 9, "name": "2269 Long", "inflow (M)": 11.93}, {"rank": 10, "name": "1299 Long", "inflow (M)": 11.89}, {"rank": 11, "name": "HSTECH Long", "inflow (M)": 9.48}, {"rank": 12, "name": "0175 Long", "inflow (M)": 6.2}, {"rank": 13, "name": "3968 Long", "inflow (M)": 5.92}, {"rank": 14, "name": "0981 Long", "inflow (M)": 5.17}, {"rank": 15, "name": "1024 Long", "inflow (M)": 5.03}, {"rank": 16, "name": "9999 Short", "inflow (M)": 4.4}, {"rank": 17, "name": "2800 Long", "inflow (M)": 3.44}, {"rank": 18, "name": "0027 Long", "inflow (M)": 3.41}, {"rank": 19, "name": "NDX Long", "inflow (M)": 3.24}, {"rank": 20, "name": "9999 Long", "inflow (M)": 2.79}], "top20outflow_20d": [{"rank": 1, "name": "HSI Short", "outflow (M)": 192.36}, {"rank": 2, "name": "9988 Short", "outflow (M)": 49.56}, {"rank": 3, "name": "1211 Short", "outflow (M)": 20.63}, {"rank": 4, "name": "1810 Short", "outflow (M)": 17.95}, {"rank": 5, "name": "3690 Short", "outflow (M)": 7.54}, {"rank": 6, "name": "0388 Short", "outflow (M)": 7.51}, {"rank": 7, "name": "0700 Short", "outflow (M)": 6.45}, {"rank": 8, "name": "1299 Short", "outflow (M)": 4.67}, {"rank": 9, "name": "2318 Short", "outflow (M)": 3.91}, {"rank": 10, "name": "9888 Long", "outflow (M)": 3.83}, {"rank": 11, "name": "9618 Long", "outflow (M)": 2.54}, {"rank": 12, "name": "1810 Long", "outflow (M)": 2.37}, {"rank": 13, "name": "1024 Short", "outflow (M)": 2.2}, {"rank": 14, "name": "HSTECH Short", "outflow (M)": 1.99}, {"rank": 15, "name": "1171 Long", "outflow (M)": 1.78}, {"rank": 16, "name": "2269 Short", "outflow (M)": 1.45}, {"rank": 17, "name": "0981 Short", "outflow (M)": 1.39}, {"rank": 18, "name": "9618 Short", "outflow (M)": 1.34}, {"rank": 19, "name": "0857 Long", "outflow (M)": 1.33}, {"rank": 20, "name": "2013 Long", "outflow (M)": 1.32}], "stats": {"hsi long pos": "+899.70M", "hsi short pos:": "-192.36M", "stocks long pos": "+423.43M", "stocks short pos": "-119.56M"}}