{"top20inflow_1d": [{"rank": 1, "name": "HSI Short", "inflow (M)": 22.28}, {"rank": 2, "name": "0005 Long", "inflow (M)": 7.98}, {"rank": 3, "name": "0857 Long", "inflow (M)": 3.21}, {"rank": 4, "name": "2318 Long", "inflow (M)": 3.03}, {"rank": 5, "name": "0700 Long", "inflow (M)": 2.45}, {"rank": 6, "name": "0883 Short", "inflow (M)": 1.99}, {"rank": 7, "name": "9961 Long", "inflow (M)": 1.91}, {"rank": 8, "name": "9618 Long", "inflow (M)": 1.71}, {"rank": 9, "name": "0027 Long", "inflow (M)": 1.58}, {"rank": 10, "name": "1024 Long", "inflow (M)": 1.5}, {"rank": 11, "name": "1810 Long", "inflow (M)": 1.26}, {"rank": 12, "name": "0388 Long", "inflow (M)": 1.25}, {"rank": 13, "name": "9988 Short", "inflow (M)": 1.23}, {"rank": 14, "name": "9961 Short", "inflow (M)": 1.23}, {"rank": 15, "name": "1299 Long", "inflow (M)": 1.01}, {"rank": 16, "name": "HSCE Long", "inflow (M)": 0.81}, {"rank": 17, "name": "9999 Short", "inflow (M)": 0.71}, {"rank": 18, "name": "NDX Long", "inflow (M)": 0.68}, {"rank": 19, "name": "9999 Long", "inflow (M)": 0.66}, {"rank": 20, "name": "9888 Long", "inflow (M)": 0.6}], "top20outflow_1d": [{"rank": 1, "name": "HSI Long", "outflow (M)": 6.65}, {"rank": 2, "name": "3690 Long", "outflow (M)": 4.47}, {"rank": 3, "name": "0700 Short", "outflow (M)": 3.57}, {"rank": 4, "name": "1211 Short", "outflow (M)": 3.42}, {"rank": 5, "name": "3690 Short", "outflow (M)": 2.83}, {"rank": 6, "name": "0005 Short", "outflow (M)": 2.81}, {"rank": 7, "name": "0941 Long", "outflow (M)": 2.79}, {"rank": 8, "name": "9988 Long", "outflow (M)": 2.79}, {"rank": 9, "name": "0883 Long", "outflow (M)": 1.92}, {"rank": 10, "name": "JPYD= Long", "outflow (M)": 1.4}, {"rank": 11, "name": "2269 Long", "outflow (M)": 1.3}, {"rank": 12, "name": "9618 Short", "outflow (M)": 1.2}, {"rank": 13, "name": "1299 Short", "outflow (M)": 1.08}, {"rank": 14, "name": "0011 Long", "outflow (M)": 0.8}, {"rank": 15, "name": "DJI Short", "outflow (M)": 0.65}, {"rank": 16, "name": "N225 Long", "outflow (M)": 0.64}, {"rank": 17, "name": "0939 Long", "outflow (M)": 0.6}, {"rank": 18, "name": "0027 Short", "outflow (M)": 0.48}, {"rank": 19, "name": "9868 Short", "outflow (M)": 0.38}, {"rank": 20, "name": "0728 Long", "outflow (M)": 0.36}], "stats": {"hsi long pos": "-6.65M", "hsi short pos:": "+22.28M", "stocks long pos": "+15.89M", "stocks short pos": "-10.97M"}}