{"top20inflow_5d": [{"rank": 1, "name": "HSI Long", "inflow (M)": 291.02}, {"rank": 2, "name": "0700 Long", "inflow (M)": 36.48}, {"rank": 3, "name": "0388 Long", "inflow (M)": 33.25}, {"rank": 4, "name": "3690 Long", "inflow (M)": 20.04}, {"rank": 5, "name": "9988 Long", "inflow (M)": 17.52}, {"rank": 6, "name": "1299 Long", "inflow (M)": 8.09}, {"rank": 7, "name": "1211 Long", "inflow (M)": 5.48}, {"rank": 8, "name": "DJI Short", "inflow (M)": 5.09}, {"rank": 9, "name": "2269 Long", "inflow (M)": 4.86}, {"rank": 10, "name": "2318 Long", "inflow (M)": 4.18}, {"rank": 11, "name": "9999 Short", "inflow (M)": 3.56}, {"rank": 12, "name": "HSTECH Long", "inflow (M)": 3.02}, {"rank": 13, "name": "0388 Short", "inflow (M)": 2.35}, {"rank": 14, "name": "0823 Long", "inflow (M)": 1.76}, {"rank": 15, "name": "0175 Long", "inflow (M)": 1.6}, {"rank": 16, "name": "3968 Long", "inflow (M)": 1.57}, {"rank": 17, "name": "1024 Long", "inflow (M)": 1.34}, {"rank": 18, "name": "0753 Long", "inflow (M)": 1.21}, {"rank": 19, "name": "2018 Long", "inflow (M)": 1.13}, {"rank": 20, "name": "2822 Long", "inflow (M)": 1.0}], "top20outflow_5d": [{"rank": 1, "name": "HSI Short", "outflow (M)": 110.06}, {"rank": 2, "name": "9988 Short", "outflow (M)": 20.16}, {"rank": 3, "name": "0700 Short", "outflow (M)": 11.23}, {"rank": 4, "name": "1211 Short", "outflow (M)": 6.59}, {"rank": 5, "name": "1810 Long", "outflow (M)": 5.73}, {"rank": 6, "name": "3690 Short", "outflow (M)": 5.66}, {"rank": 7, "name": "1299 Short", "outflow (M)": 5.41}, {"rank": 8, "name": "2382 Short", "outflow (M)": 3.51}, {"rank": 9, "name": "1810 Short", "outflow (M)": 3.22}, {"rank": 10, "name": "0883 Long", "outflow (M)": 1.71}, {"rank": 11, "name": "9618 Long", "outflow (M)": 1.47}, {"rank": 12, "name": "2015 Short", "outflow (M)": 1.18}, {"rank": 13, "name": "NDX Long", "outflow (M)": 1.01}, {"rank": 14, "name": "1024 Short", "outflow (M)": 0.99}, {"rank": 15, "name": "2020 Short", "outflow (M)": 0.87}, {"rank": 16, "name": "1093 Long", "outflow (M)": 0.81}, {"rank": 17, "name": "0981 Short", "outflow (M)": 0.78}, {"rank": 18, "name": "0939 Long", "outflow (M)": 0.55}, {"rank": 19, "name": "1928 Long", "outflow (M)": 0.53}, {"rank": 20, "name": "9888 Long", "outflow (M)": 0.5}], "stats": {"hsi long pos": "+291.02M", "hsi short pos:": "-110.06M", "stocks long pos": "+137.47M", "stocks short pos": "-51.73M"}}