{"top20inflow_5d": [{"rank": 1, "name": "HSI Short", "inflow (M)": 129.86}, {"rank": 2, "name": "0700 Long", "inflow (M)": 26.73}, {"rank": 3, "name": "9988 Long", "inflow (M)": 8.94}, {"rank": 4, "name": "HSTECH Long", "inflow (M)": 4.45}, {"rank": 5, "name": "2269 Long", "inflow (M)": 3.9}, {"rank": 6, "name": "0941 Long", "inflow (M)": 3.14}, {"rank": 7, "name": "0005 Short", "inflow (M)": 2.67}, {"rank": 8, "name": "1211 Long", "inflow (M)": 2.63}, {"rank": 9, "name": "0883 Long", "inflow (M)": 2.37}, {"rank": 10, "name": "0981 Long", "inflow (M)": 1.78}, {"rank": 11, "name": "1024 Long", "inflow (M)": 1.66}, {"rank": 12, "name": "2331 Long", "inflow (M)": 1.55}, {"rank": 13, "name": "3968 Short", "inflow (M)": 1.43}, {"rank": 14, "name": "1299 Short", "inflow (M)": 1.38}, {"rank": 15, "name": "9999 Long", "inflow (M)": 1.35}, {"rank": 16, "name": "1109 Long", "inflow (M)": 1.26}, {"rank": 17, "name": "3690 Short", "inflow (M)": 1.25}, {"rank": 18, "name": "0992 Long", "inflow (M)": 1.2}, {"rank": 19, "name": "N225 Short", "inflow (M)": 1.0}, {"rank": 20, "name": "9961 Short", "inflow (M)": 0.91}], "top20outflow_5d": [{"rank": 1, "name": "HSI Long", "outflow (M)": 97.24}, {"rank": 2, "name": "9988 Short", "outflow (M)": 10.3}, {"rank": 3, "name": "0700 Short", "outflow (M)": 8.47}, {"rank": 4, "name": "3690 Long", "outflow (M)": 7.49}, {"rank": 5, "name": "0388 Long", "outflow (M)": 3.56}, {"rank": 6, "name": "1928 Long", "outflow (M)": 2.83}, {"rank": 7, "name": "1211 Short", "outflow (M)": 2.62}, {"rank": 8, "name": "SPX Short", "outflow (M)": 2.21}, {"rank": 9, "name": "2318 Long", "outflow (M)": 2.2}, {"rank": 10, "name": "3968 Long", "outflow (M)": 1.72}, {"rank": 11, "name": "9868 Short", "outflow (M)": 1.54}, {"rank": 12, "name": "0027 Long", "outflow (M)": 1.43}, {"rank": 13, "name": "9961 Long", "outflow (M)": 1.18}, {"rank": 14, "name": "NDX Long", "outflow (M)": 1.11}, {"rank": 15, "name": "0857 Short", "outflow (M)": 1.06}, {"rank": 16, "name": "1810 Long", "outflow (M)": 1.03}, {"rank": 17, "name": "1810 Short", "outflow (M)": 0.96}, {"rank": 18, "name": "0005 Long", "outflow (M)": 0.86}, {"rank": 19, "name": "0981 Short", "outflow (M)": 0.83}, {"rank": 20, "name": "2269 Short", "outflow (M)": 0.81}], "stats": {"hsi long pos": "-97.24M", "hsi short pos:": "+129.86M", "stocks long pos": "+39.28M", "stocks short pos": "-19.00M"}}