{"top20inflow_10d": [{"rank": 1, "name": "HSI Long", "inflow (M)": 141.98}, {"rank": 2, "name": "0700 Long", "inflow (M)": 81.7}, {"rank": 3, "name": "HSI Short", "inflow (M)": 69.09}, {"rank": 4, "name": "3690 Long", "inflow (M)": 18.93}, {"rank": 5, "name": "1810 Long", "inflow (M)": 17.17}, {"rank": 6, "name": "1211 Short", "inflow (M)": 14.25}, {"rank": 7, "name": "DJI Short", "inflow (M)": 11.44}, {"rank": 8, "name": "1024 Long", "inflow (M)": 11.08}, {"rank": 9, "name": "9999 Short", "inflow (M)": 9.29}, {"rank": 10, "name": "9988 Long", "inflow (M)": 6.94}, {"rank": 11, "name": "HSTECH Long", "inflow (M)": 6.56}, {"rank": 12, "name": "0388 Long", "inflow (M)": 6.26}, {"rank": 13, "name": "1299 Long", "inflow (M)": 5.93}, {"rank": 14, "name": "0941 Short", "inflow (M)": 5.11}, {"rank": 15, "name": "2318 Long", "inflow (M)": 4.57}, {"rank": 16, "name": "1211 Long", "inflow (M)": 3.49}, {"rank": 17, "name": "9618 Long", "inflow (M)": 2.71}, {"rank": 18, "name": "NDX Long", "inflow (M)": 2.52}, {"rank": 19, "name": "9868 Long", "inflow (M)": 2.49}, {"rank": 20, "name": "0175 Long", "inflow (M)": 2.46}], "top20outflow_10d": [{"rank": 1, "name": "9988 Short", "outflow (M)": 15.03}, {"rank": 2, "name": "0700 Short", "outflow (M)": 9.51}, {"rank": 3, "name": "0941 Long", "outflow (M)": 7.35}, {"rank": 4, "name": "2318 Short", "outflow (M)": 2.45}, {"rank": 5, "name": "1810 Short", "outflow (M)": 2.05}, {"rank": 6, "name": "0823 Long", "outflow (M)": 1.91}, {"rank": 7, "name": "9868 Short", "outflow (M)": 1.7}, {"rank": 8, "name": "2382 Short", "outflow (M)": 1.32}, {"rank": 9, "name": "9618 Short", "outflow (M)": 1.29}, {"rank": 10, "name": "0902 Long", "outflow (M)": 1.27}, {"rank": 11, "name": "0992 Long", "outflow (M)": 0.91}, {"rank": 12, "name": "2269 Short", "outflow (M)": 0.89}, {"rank": 13, "name": "1171 Long", "outflow (M)": 0.78}, {"rank": 14, "name": "2331 Short", "outflow (M)": 0.78}, {"rank": 15, "name": "1024 Short", "outflow (M)": 0.74}, {"rank": 16, "name": "3690 Short", "outflow (M)": 0.71}, {"rank": 17, "name": "2018 Short", "outflow (M)": 0.68}, {"rank": 18, "name": "0857 Long", "outflow (M)": 0.65}, {"rank": 19, "name": "0388 Short", "outflow (M)": 0.64}, {"rank": 20, "name": "1801 Long", "outflow (M)": 0.63}], "stats": {"hsi long pos": "+183.59M", "hsi short pos:": "+47.74M", "stocks long pos": "+183.55M", "stocks short pos": "+0.40M"}}