{"top20inflow_20d": [{"rank": 1, "name": "HSI Short", "inflow (M)": 454.74}, {"rank": 2, "name": "0700 Short", "inflow (M)": 91.89}, {"rank": 3, "name": "3690 Short", "inflow (M)": 52.08}, {"rank": 4, "name": "1299 Long", "inflow (M)": 43.6}, {"rank": 5, "name": "9988 Long", "inflow (M)": 39.69}, {"rank": 6, "name": "0388 Long", "inflow (M)": 25.61}, {"rank": 7, "name": "0388 Short", "inflow (M)": 19.12}, {"rank": 8, "name": "1211 Long", "inflow (M)": 13.75}, {"rank": 9, "name": "2015 Long", "inflow (M)": 9.96}, {"rank": 10, "name": "0027 Long", "inflow (M)": 8.94}, {"rank": 11, "name": "0857 Long", "inflow (M)": 8.38}, {"rank": 12, "name": "1810 Short", "inflow (M)": 8.08}, {"rank": 13, "name": "2382 Long", "inflow (M)": 6.61}, {"rank": 14, "name": "HSTECH Long", "inflow (M)": 6.59}, {"rank": 15, "name": "9999 Long", "inflow (M)": 6.26}, {"rank": 16, "name": "0981 Long", "inflow (M)": 6.23}, {"rank": 17, "name": "0268 Long", "inflow (M)": 6.22}, {"rank": 18, "name": "2318 Long", "inflow (M)": 5.7}, {"rank": 19, "name": "3993 Long", "inflow (M)": 5.13}, {"rank": 20, "name": "9988 Short", "inflow (M)": 4.98}], "top20outflow_20d": [{"rank": 1, "name": "HSI Long", "outflow (M)": 138.81}, {"rank": 2, "name": "0700 Long", "outflow (M)": 90.3}, {"rank": 3, "name": "3690 Long", "outflow (M)": 68.47}, {"rank": 4, "name": "0941 Long", "outflow (M)": 19.92}, {"rank": 5, "name": "0005 Long", "outflow (M)": 11.36}, {"rank": 6, "name": "3968 Long", "outflow (M)": 7.29}, {"rank": 7, "name": "0175 Long", "outflow (M)": 6.28}, {"rank": 8, "name": "1810 Long", "outflow (M)": 5.95}, {"rank": 9, "name": "1211 Short", "outflow (M)": 5.16}, {"rank": 10, "name": "1109 Long", "outflow (M)": 4.53}, {"rank": 11, "name": "0358 Long", "outflow (M)": 3.81}, {"rank": 12, "name": "9868 Short", "outflow (M)": 3.76}, {"rank": 13, "name": "SPX Short", "outflow (M)": 3.67}, {"rank": 14, "name": "0386 Long", "outflow (M)": 3.01}, {"rank": 15, "name": "2840 Long", "outflow (M)": 2.55}, {"rank": 16, "name": "0939 Long", "outflow (M)": 2.24}, {"rank": 17, "name": "2333 Long", "outflow (M)": 2.21}, {"rank": 18, "name": "1357 Long", "outflow (M)": 2.0}, {"rank": 19, "name": "1024 Long", "outflow (M)": 1.73}, {"rank": 20, "name": "2382 Short", "outflow (M)": 1.66}], "stats": {"hsi long pos": "-138.81M", "hsi short pos:": "+454.74M", "stocks long pos": "+10.84M", "stocks short pos": "+188.16M"}}