{"top20inflow_1d": [{"rank": 1, "name": "0388 Long", "inflow (M)": 8.34}, {"rank": 2, "name": "0700 Long", "inflow (M)": 7.86}, {"rank": 3, "name": "1810 Long", "inflow (M)": 4.79}, {"rank": 4, "name": "9988 Long", "inflow (M)": 3.77}, {"rank": 5, "name": "9988 Short", "inflow (M)": 3.6}, {"rank": 6, "name": "0883 Long", "inflow (M)": 2.09}, {"rank": 7, "name": "0005 Long", "inflow (M)": 1.93}, {"rank": 8, "name": "HSI Long", "inflow (M)": 1.64}, {"rank": 9, "name": "0358 Long", "inflow (M)": 1.43}, {"rank": 10, "name": "2015 Long", "inflow (M)": 1.14}, {"rank": 11, "name": "1928 Long", "inflow (M)": 1.12}, {"rank": 12, "name": "1299 Long", "inflow (M)": 1.09}, {"rank": 13, "name": "1211 Long", "inflow (M)": 1.04}, {"rank": 14, "name": "0027 Long", "inflow (M)": 0.96}, {"rank": 15, "name": "9868 Long", "inflow (M)": 0.93}, {"rank": 16, "name": "HSCE Long", "inflow (M)": 0.67}, {"rank": 17, "name": "2018 Long", "inflow (M)": 0.57}, {"rank": 18, "name": "2382 Long", "inflow (M)": 0.54}, {"rank": 19, "name": "2840 Long", "inflow (M)": 0.52}, {"rank": 20, "name": "0902 Long", "inflow (M)": 0.45}], "top20outflow_1d": [{"rank": 1, "name": "HSI Short", "outflow (M)": 16.49}, {"rank": 2, "name": "3968 Long", "outflow (M)": 4.0}, {"rank": 3, "name": "3690 Long", "outflow (M)": 3.51}, {"rank": 4, "name": "0388 Short", "outflow (M)": 2.43}, {"rank": 5, "name": "3690 Short", "outflow (M)": 2.28}, {"rank": 6, "name": "1211 Short", "outflow (M)": 2.2}, {"rank": 7, "name": "SPX Short", "outflow (M)": 1.89}, {"rank": 8, "name": "0941 Long", "outflow (M)": 1.31}, {"rank": 9, "name": "0027 Short", "outflow (M)": 1.15}, {"rank": 10, "name": "2318 Long", "outflow (M)": 1.1}, {"rank": 11, "name": "2020 Short", "outflow (M)": 0.97}, {"rank": 12, "name": "1299 Short", "outflow (M)": 0.68}, {"rank": 13, "name": "0386 Long", "outflow (M)": 0.66}, {"rank": 14, "name": "0857 Long", "outflow (M)": 0.65}, {"rank": 15, "name": "2899 Long", "outflow (M)": 0.61}, {"rank": 16, "name": "1787 Long", "outflow (M)": 0.59}, {"rank": 17, "name": "9888 Short", "outflow (M)": 0.47}, {"rank": 18, "name": "2018 Short", "outflow (M)": 0.45}, {"rank": 19, "name": "0011 Long", "outflow (M)": 0.44}, {"rank": 20, "name": "2318 Short", "outflow (M)": 0.43}], "stats": {"hsi long pos": "+1.64M", "hsi short pos:": "-16.49M", "stocks long pos": "+25.51M", "stocks short pos": "-8.72M"}}