{"top20inflow_20d": [{"rank": 1, "name": "HSI Long", "inflow (M)": 189.99}, {"rank": 2, "name": "HSI Short", "inflow (M)": 115.58}, {"rank": 3, "name": "0700 Long", "inflow (M)": 64.54}, {"rank": 4, "name": "3690 Long", "inflow (M)": 43.76}, {"rank": 5, "name": "DJI Short", "inflow (M)": 19.0}, {"rank": 6, "name": "1810 Long", "inflow (M)": 12.27}, {"rank": 7, "name": "2318 Long", "inflow (M)": 11.55}, {"rank": 8, "name": "1211 Long", "inflow (M)": 10.88}, {"rank": 9, "name": "1211 Short", "inflow (M)": 10.43}, {"rank": 10, "name": "0388 Long", "inflow (M)": 9.74}, {"rank": 11, "name": "1024 Long", "inflow (M)": 9.61}, {"rank": 12, "name": "HSTECH Long", "inflow (M)": 8.63}, {"rank": 13, "name": "3690 Short", "inflow (M)": 7.94}, {"rank": 14, "name": "9999 Short", "inflow (M)": 7.39}, {"rank": 15, "name": "0883 Long", "inflow (M)": 5.48}, {"rank": 16, "name": "0941 Short", "inflow (M)": 5.28}, {"rank": 17, "name": "0981 Long", "inflow (M)": 4.87}, {"rank": 18, "name": "NDX Short", "inflow (M)": 4.45}, {"rank": 19, "name": "9988 Long", "inflow (M)": 4.38}, {"rank": 20, "name": "1797 Long", "inflow (M)": 3.79}], "top20outflow_20d": [{"rank": 1, "name": "9988 Short", "outflow (M)": 15.49}, {"rank": 2, "name": "0700 Short", "outflow (M)": 13.06}, {"rank": 3, "name": "0388 Short", "outflow (M)": 7.45}, {"rank": 4, "name": "0823 Long", "outflow (M)": 6.44}, {"rank": 5, "name": "1810 Short", "outflow (M)": 5.79}, {"rank": 6, "name": "0005 Long", "outflow (M)": 2.67}, {"rank": 7, "name": "2318 Short", "outflow (M)": 2.46}, {"rank": 8, "name": "2269 Short", "outflow (M)": 2.34}, {"rank": 9, "name": "9868 Short", "outflow (M)": 1.32}, {"rank": 10, "name": "0902 Long", "outflow (M)": 1.13}, {"rank": 11, "name": "1928 Long", "outflow (M)": 1.1}, {"rank": 12, "name": "HSTECH Short", "outflow (M)": 0.89}, {"rank": 13, "name": "2331 Short", "outflow (M)": 0.82}, {"rank": 14, "name": "1024 Short", "outflow (M)": 0.82}, {"rank": 15, "name": "1171 Long", "outflow (M)": 0.75}, {"rank": 16, "name": "1299 Long", "outflow (M)": 0.72}, {"rank": 17, "name": "1093 Long", "outflow (M)": 0.66}, {"rank": 18, "name": "1801 Long", "outflow (M)": 0.59}, {"rank": 19, "name": "0017 Long", "outflow (M)": 0.58}, {"rank": 20, "name": "0857 Long", "outflow (M)": 0.52}], "stats": {"hsi long pos": "+231.60M", "hsi short pos:": "+94.23M", "stocks long pos": "+221.56M", "stocks short pos": "-7.27M"}}