{"top20inflow_10d": [{"rank": 1, "name": "HSI Long", "inflow (M)": 421.25}, {"rank": 2, "name": "0388 Long", "inflow (M)": 43.27}, {"rank": 3, "name": "3690 Long", "inflow (M)": 31.08}, {"rank": 4, "name": "9988 Long", "inflow (M)": 26.55}, {"rank": 5, "name": "1211 Long", "inflow (M)": 14.4}, {"rank": 6, "name": "0700 Long", "inflow (M)": 13.92}, {"rank": 7, "name": "1299 Long", "inflow (M)": 12.7}, {"rank": 8, "name": "2318 Long", "inflow (M)": 8.37}, {"rank": 9, "name": "DJI Short", "inflow (M)": 8.36}, {"rank": 10, "name": "2269 Long", "inflow (M)": 7.45}, {"rank": 11, "name": "HSTECH Long", "inflow (M)": 5.11}, {"rank": 12, "name": "0175 Long", "inflow (M)": 3.02}, {"rank": 13, "name": "3968 Long", "inflow (M)": 2.97}, {"rank": 14, "name": "9868 Long", "inflow (M)": 2.91}, {"rank": 15, "name": "0700 Short", "inflow (M)": 2.2}, {"rank": 16, "name": "NDX Long", "inflow (M)": 1.96}, {"rank": 17, "name": "0823 Long", "inflow (M)": 1.84}, {"rank": 18, "name": "2331 Long", "inflow (M)": 1.82}, {"rank": 19, "name": "2822 Long", "inflow (M)": 1.72}, {"rank": 20, "name": "NDX Short", "inflow (M)": 1.63}], "top20outflow_10d": [{"rank": 1, "name": "HSI Short", "outflow (M)": 118.34}, {"rank": 2, "name": "9988 Short", "outflow (M)": 35.73}, {"rank": 3, "name": "1211 Short", "outflow (M)": 15.48}, {"rank": 4, "name": "3690 Short", "outflow (M)": 9.88}, {"rank": 5, "name": "1810 Short", "outflow (M)": 5.9}, {"rank": 6, "name": "0388 Short", "outflow (M)": 5.62}, {"rank": 7, "name": "1810 Long", "outflow (M)": 5.62}, {"rank": 8, "name": "0981 Long", "outflow (M)": 4.93}, {"rank": 9, "name": "1299 Short", "outflow (M)": 4.04}, {"rank": 10, "name": "9888 Long", "outflow (M)": 2.33}, {"rank": 11, "name": "2382 Short", "outflow (M)": 2.23}, {"rank": 12, "name": "9618 Short", "outflow (M)": 1.5}, {"rank": 13, "name": "1024 Long", "outflow (M)": 1.49}, {"rank": 14, "name": "9868 Short", "outflow (M)": 1.21}, {"rank": 15, "name": "3968 Short", "outflow (M)": 1.14}, {"rank": 16, "name": "0902 Long", "outflow (M)": 1.09}, {"rank": 17, "name": "0981 Short", "outflow (M)": 0.97}, {"rank": 18, "name": "1093 Long", "outflow (M)": 0.97}, {"rank": 19, "name": "0883 Long", "outflow (M)": 0.8}, {"rank": 20, "name": "1024 Short", "outflow (M)": 0.71}], "stats": {"hsi long pos": "+421.25M", "hsi short pos:": "-118.34M", "stocks long pos": "+173.67M", "stocks short pos": "-80.61M"}}