{"top20inflow_1d": [{"rank": 1, "name": "HSI Long", "inflow (M)": 43.91}, {"rank": 2, "name": "3690 Long", "inflow (M)": 17.65}, {"rank": 3, "name": "3690 Short", "inflow (M)": 5.73}, {"rank": 4, "name": "1211 Long", "inflow (M)": 4.54}, {"rank": 5, "name": "1024 Long", "inflow (M)": 4.29}, {"rank": 6, "name": "9988 Long", "inflow (M)": 3.3}, {"rank": 7, "name": "0700 Long", "inflow (M)": 2.66}, {"rank": 8, "name": "0388 Long", "inflow (M)": 2.28}, {"rank": 9, "name": "2382 Short", "inflow (M)": 1.65}, {"rank": 10, "name": "2018 Long", "inflow (M)": 1.61}, {"rank": 11, "name": "0354 Long", "inflow (M)": 1.22}, {"rank": 12, "name": "0941 Long", "inflow (M)": 1.21}, {"rank": 13, "name": "1810 Short", "inflow (M)": 0.94}, {"rank": 14, "name": "2318 Long", "inflow (M)": 0.85}, {"rank": 15, "name": "1093 Long", "inflow (M)": 0.76}, {"rank": 16, "name": "3968 Long", "inflow (M)": 0.44}, {"rank": 17, "name": "0992 Long", "inflow (M)": 0.38}, {"rank": 18, "name": "2800 Long", "inflow (M)": 0.37}, {"rank": 19, "name": "0981 Short", "inflow (M)": 0.36}, {"rank": 20, "name": "0823 Long", "inflow (M)": 0.35}], "top20outflow_1d": [{"rank": 1, "name": "HSI Short", "outflow (M)": 15.21}, {"rank": 2, "name": "0700 Short", "outflow (M)": 3.24}, {"rank": 3, "name": "1810 Long", "outflow (M)": 2.89}, {"rank": 4, "name": "9988 Short", "outflow (M)": 2.68}, {"rank": 5, "name": "9888 Long", "outflow (M)": 1.91}, {"rank": 6, "name": "1211 Short", "outflow (M)": 1.27}, {"rank": 7, "name": "0981 Long", "outflow (M)": 0.87}, {"rank": 8, "name": "1024 Short", "outflow (M)": 0.67}, {"rank": 9, "name": "0388 Short", "outflow (M)": 0.63}, {"rank": 10, "name": "0020 Long", "outflow (M)": 0.6}, {"rank": 11, "name": "1801 Long", "outflow (M)": 0.49}, {"rank": 12, "name": "2015 Long", "outflow (M)": 0.39}, {"rank": 13, "name": "0941 Short", "outflow (M)": 0.31}, {"rank": 14, "name": "HSTECH Short", "outflow (M)": 0.31}, {"rank": 15, "name": "2015 Short", "outflow (M)": 0.27}, {"rank": 16, "name": "9618 Long", "outflow (M)": 0.27}, {"rank": 17, "name": "9868 Short", "outflow (M)": 0.24}, {"rank": 18, "name": "1171 Long", "outflow (M)": 0.22}, {"rank": 19, "name": "2628 Long", "outflow (M)": 0.22}, {"rank": 20, "name": "0175 Long", "outflow (M)": 0.19}], "stats": {"hsi long pos": "+43.91M", "hsi short pos:": "-15.21M", "stocks long pos": "+34.70M", "stocks short pos": "+0.31M"}}