{"top20inflow_1d": [{"rank": 1, "name": "HSI Long", "inflow (M)": 23.42}, {"rank": 2, "name": "0700 Long", "inflow (M)": 12.51}, {"rank": 3, "name": "3690 Long", "inflow (M)": 5.1}, {"rank": 4, "name": "HSTECH Long", "inflow (M)": 4.32}, {"rank": 5, "name": "2318 Long", "inflow (M)": 2.77}, {"rank": 6, "name": "0388 Long", "inflow (M)": 2.48}, {"rank": 7, "name": "1211 Long", "inflow (M)": 2.14}, {"rank": 8, "name": "1810 Long", "inflow (M)": 1.91}, {"rank": 9, "name": "0005 Short", "inflow (M)": 1.51}, {"rank": 10, "name": "1299 Short", "inflow (M)": 1.38}, {"rank": 11, "name": "9988 Long", "inflow (M)": 1.33}, {"rank": 12, "name": "0883 Long", "inflow (M)": 1.19}, {"rank": 13, "name": "9999 Short", "inflow (M)": 1.04}, {"rank": 14, "name": "0981 Long", "inflow (M)": 1.03}, {"rank": 15, "name": "9618 Long", "inflow (M)": 0.91}, {"rank": 16, "name": "2269 Long", "inflow (M)": 0.89}, {"rank": 17, "name": "2628 Long", "inflow (M)": 0.87}, {"rank": 18, "name": "9888 Long", "inflow (M)": 0.87}, {"rank": 19, "name": "2331 Long", "inflow (M)": 0.73}, {"rank": 20, "name": "3690 Short", "inflow (M)": 0.69}], "top20outflow_1d": [{"rank": 1, "name": "HSI Short", "outflow (M)": 10.87}, {"rank": 2, "name": "0700 Short", "outflow (M)": 7.9}, {"rank": 3, "name": "NDX Long", "outflow (M)": 1.51}, {"rank": 4, "name": "0388 Short", "outflow (M)": 1.11}, {"rank": 5, "name": "1211 Short", "outflow (M)": 1.02}, {"rank": 6, "name": "9868 Short", "outflow (M)": 0.56}, {"rank": 7, "name": "2359 Long", "outflow (M)": 0.51}, {"rank": 8, "name": "1928 Long", "outflow (M)": 0.51}, {"rank": 9, "name": "0027 Short", "outflow (M)": 0.48}, {"rank": 10, "name": "3968 Short", "outflow (M)": 0.47}, {"rank": 11, "name": "2318 Short", "outflow (M)": 0.46}, {"rank": 12, "name": "1810 Short", "outflow (M)": 0.44}, {"rank": 13, "name": "0941 Long", "outflow (M)": 0.44}, {"rank": 14, "name": "0981 Short", "outflow (M)": 0.37}, {"rank": 15, "name": "3800 Long", "outflow (M)": 0.36}, {"rank": 16, "name": "0788 Long", "outflow (M)": 0.36}, {"rank": 17, "name": "9888 Short", "outflow (M)": 0.24}, {"rank": 18, "name": "2020 Long", "outflow (M)": 0.24}, {"rank": 19, "name": "1801 Long", "outflow (M)": 0.23}, {"rank": 20, "name": "0316 Long", "outflow (M)": 0.22}], "stats": {"hsi long pos": "+23.42M", "hsi short pos:": "-10.87M", "stocks long pos": "+36.96M", "stocks short pos": "-6.35M"}}