{"top20inflow_20d": [{"rank": 1, "name": "HSI Short", "inflow (M)": 212.68}, {"rank": 2, "name": "9988 Long", "inflow (M)": 92.31}, {"rank": 3, "name": "0700 Short", "inflow (M)": 61.92}, {"rank": 4, "name": "9988 Short", "inflow (M)": 60.74}, {"rank": 5, "name": "HSI Long", "inflow (M)": 54.22}, {"rank": 6, "name": "1810 Long", "inflow (M)": 42.6}, {"rank": 7, "name": "2318 Long", "inflow (M)": 31.78}, {"rank": 8, "name": "1810 Short", "inflow (M)": 15.4}, {"rank": 9, "name": "DJI Short", "inflow (M)": 14.94}, {"rank": 10, "name": "1211 Long", "inflow (M)": 12.84}, {"rank": 11, "name": "0388 Long", "inflow (M)": 10.31}, {"rank": 12, "name": "9888 Long", "inflow (M)": 7.55}, {"rank": 13, "name": "0175 Long", "inflow (M)": 5.23}, {"rank": 14, "name": "3690 Long", "inflow (M)": 5.12}, {"rank": 15, "name": "6862 Long", "inflow (M)": 4.38}, {"rank": 16, "name": "0883 Long", "inflow (M)": 4.18}, {"rank": 17, "name": "NDX Short", "inflow (M)": 3.57}, {"rank": 18, "name": "3968 Long", "inflow (M)": 3.39}, {"rank": 19, "name": "2269 Long", "inflow (M)": 3.19}, {"rank": 20, "name": "N225 Short", "inflow (M)": 3.17}], "top20outflow_20d": [{"rank": 1, "name": "0700 Long", "outflow (M)": 56.08}, {"rank": 2, "name": "9618 Long", "outflow (M)": 8.57}, {"rank": 3, "name": "0388 Short", "outflow (M)": 7.19}, {"rank": 4, "name": "1024 Long", "outflow (M)": 6.01}, {"rank": 5, "name": "0005 Long", "outflow (M)": 4.1}, {"rank": 6, "name": "1211 Short", "outflow (M)": 4.04}, {"rank": 7, "name": "3690 Short", "outflow (M)": 3.02}, {"rank": 8, "name": "0823 Long", "outflow (M)": 2.2}, {"rank": 9, "name": "9992 Long", "outflow (M)": 2.02}, {"rank": 10, "name": "1177 Long", "outflow (M)": 1.88}, {"rank": 11, "name": "0941 Short", "outflow (M)": 1.87}, {"rank": 12, "name": "0016 Long", "outflow (M)": 1.81}, {"rank": 13, "name": "0669 Long", "outflow (M)": 1.42}, {"rank": 14, "name": "0939 Short", "outflow (M)": 1.38}, {"rank": 15, "name": "0005 Short", "outflow (M)": 1.25}, {"rank": 16, "name": "0135 Long", "outflow (M)": 1.17}, {"rank": 17, "name": "2800 Long", "outflow (M)": 1.09}, {"rank": 18, "name": "N225 Long", "outflow (M)": 1.06}, {"rank": 19, "name": "2899 Long", "outflow (M)": 1.05}, {"rank": 20, "name": "1299 Long", "outflow (M)": 1.01}], "stats": {"hsi long pos": "+54.22M", "hsi short pos:": "+212.68M", "stocks long pos": "+177.10M", "stocks short pos": "+127.24M"}}