{"top20inflow_1d": [{"rank": 1, "name": "HSI Short", "inflow (M)": 201.51}, {"rank": 2, "name": "0700 Short", "inflow (M)": 17.34}, {"rank": 3, "name": "3690 Short", "inflow (M)": 10.99}, {"rank": 4, "name": "HSTECH Long", "inflow (M)": 6.36}, {"rank": 5, "name": "0388 Short", "inflow (M)": 5.96}, {"rank": 6, "name": "9618 Long", "inflow (M)": 4.21}, {"rank": 7, "name": "1024 Short", "inflow (M)": 3.07}, {"rank": 8, "name": "0005 Short", "inflow (M)": 2.26}, {"rank": 9, "name": "1211 Long", "inflow (M)": 2.02}, {"rank": 10, "name": "0857 Long", "inflow (M)": 1.75}, {"rank": 11, "name": "1928 Long", "inflow (M)": 1.54}, {"rank": 12, "name": "2382 Long", "inflow (M)": 1.54}, {"rank": 13, "name": "2318 Short", "inflow (M)": 1.41}, {"rank": 14, "name": "1211 Short", "inflow (M)": 1.4}, {"rank": 15, "name": "9618 Short", "inflow (M)": 1.21}, {"rank": 16, "name": "0268 Long", "inflow (M)": 1.06}, {"rank": 17, "name": "2015 Long", "inflow (M)": 0.94}, {"rank": 18, "name": "0020 Long", "inflow (M)": 0.89}, {"rank": 19, "name": "NDX Short", "inflow (M)": 0.82}, {"rank": 20, "name": "9988 Short", "inflow (M)": 0.72}], "top20outflow_1d": [{"rank": 1, "name": "HSI Long", "outflow (M)": 144.51}, {"rank": 2, "name": "0388 Long", "outflow (M)": 11.38}, {"rank": 3, "name": "1810 Long", "outflow (M)": 6.29}, {"rank": 4, "name": "9988 Long", "outflow (M)": 5.9}, {"rank": 5, "name": "0700 Long", "outflow (M)": 5.23}, {"rank": 6, "name": "1299 Long", "outflow (M)": 4.96}, {"rank": 7, "name": "1024 Long", "outflow (M)": 3.73}, {"rank": 8, "name": "0005 Long", "outflow (M)": 3.61}, {"rank": 9, "name": "2899 Long", "outflow (M)": 2.53}, {"rank": 10, "name": "2318 Long", "outflow (M)": 1.8}, {"rank": 11, "name": "0358 Long", "outflow (M)": 1.69}, {"rank": 12, "name": "3188 Long", "outflow (M)": 1.09}, {"rank": 13, "name": "2331 Long", "outflow (M)": 0.95}, {"rank": 14, "name": "0883 Long", "outflow (M)": 0.94}, {"rank": 15, "name": "DJI Long", "outflow (M)": 0.94}, {"rank": 16, "name": "0941 Long", "outflow (M)": 0.93}, {"rank": 17, "name": "2628 Long", "outflow (M)": 0.91}, {"rank": 18, "name": "2800 Long", "outflow (M)": 0.72}, {"rank": 19, "name": "3988 Long", "outflow (M)": 0.64}, {"rank": 20, "name": "2018 Long", "outflow (M)": 0.57}], "stats": {"hsi long pos": "-144.51M", "hsi short pos:": "+201.51M", "stocks long pos": "-38.03M", "stocks short pos": "+44.72M"}}