{"top20inflow_1d": [{"rank": 1, "name": "HSI Long", "inflow (M)": 10.24}, {"rank": 2, "name": "0700 Long", "inflow (M)": 7.04}, {"rank": 3, "name": "0388 Long", "inflow (M)": 3.14}, {"rank": 4, "name": "3690 Long", "inflow (M)": 2.65}, {"rank": 5, "name": "0005 Long", "inflow (M)": 1.93}, {"rank": 6, "name": "9988 Long", "inflow (M)": 1.62}, {"rank": 7, "name": "1299 Long", "inflow (M)": 1.24}, {"rank": 8, "name": "2318 Long", "inflow (M)": 1.22}, {"rank": 9, "name": "0992 Long", "inflow (M)": 1.19}, {"rank": 10, "name": "1211 Short", "inflow (M)": 1.1}, {"rank": 11, "name": "1347 Long", "inflow (M)": 1.02}, {"rank": 12, "name": "1024 Long", "inflow (M)": 0.83}, {"rank": 13, "name": "1810 Long", "inflow (M)": 0.76}, {"rank": 14, "name": "JPYD Long", "inflow (M)": 0.72}, {"rank": 15, "name": "N225 Long", "inflow (M)": 0.46}, {"rank": 16, "name": "1772 Long", "inflow (M)": 0.35}, {"rank": 17, "name": "1928 Long", "inflow (M)": 0.24}, {"rank": 18, "name": "0939 Long", "inflow (M)": 0.21}, {"rank": 19, "name": "2800 Long", "inflow (M)": 0.19}, {"rank": 20, "name": "1929 Long", "inflow (M)": 0.18}], "top20outflow_1d": [{"rank": 1, "name": "HSI Short", "outflow (M)": 73.62}, {"rank": 2, "name": "0700 Short", "outflow (M)": 9.29}, {"rank": 3, "name": "0388 Short", "outflow (M)": 3.48}, {"rank": 4, "name": "3690 Short", "outflow (M)": 3.33}, {"rank": 5, "name": "0005 Short", "outflow (M)": 1.63}, {"rank": 6, "name": "1024 Short", "outflow (M)": 0.86}, {"rank": 7, "name": "9618 Short", "outflow (M)": 0.68}, {"rank": 8, "name": "1299 Short", "outflow (M)": 0.66}, {"rank": 9, "name": "2015 Short", "outflow (M)": 0.47}, {"rank": 10, "name": "1810 Short", "outflow (M)": 0.44}, {"rank": 11, "name": "1128 Long", "outflow (M)": 0.37}, {"rank": 12, "name": "9888 Short", "outflow (M)": 0.32}, {"rank": 13, "name": "1797 Short", "outflow (M)": 0.31}, {"rank": 14, "name": "HSCE Long", "outflow (M)": 0.31}, {"rank": 15, "name": "0762 Long", "outflow (M)": 0.3}, {"rank": 16, "name": "2015 Long", "outflow (M)": 0.28}, {"rank": 17, "name": "2269 Short", "outflow (M)": 0.28}, {"rank": 18, "name": "2840 Long", "outflow (M)": 0.24}, {"rank": 19, "name": "9868 Long", "outflow (M)": 0.24}, {"rank": 20, "name": "9999 Short", "outflow (M)": 0.22}], "stats": {"hsi long pos": "+95.81M", "hsi short pos:": "-104.68M", "stocks long pos": "+38.15M", "stocks short pos": "-23.70M"}}