{"top20inflow_20d": [{"rank": 1, "name": "HSI Long", "inflow (M)": 982.67}, {"rank": 2, "name": "3690 Long", "inflow (M)": 133.33}, {"rank": 3, "name": "9988 Long", "inflow (M)": 120.2}, {"rank": 4, "name": "0388 Long", "inflow (M)": 78.46}, {"rank": 5, "name": "1211 Long", "inflow (M)": 49.29}, {"rank": 6, "name": "2318 Long", "inflow (M)": 35.18}, {"rank": 7, "name": "0700 Long", "inflow (M)": 19.7}, {"rank": 8, "name": "1810 Long", "inflow (M)": 19.36}, {"rank": 9, "name": "0700 Short", "inflow (M)": 17.52}, {"rank": 10, "name": "DJI Short", "inflow (M)": 14.31}, {"rank": 11, "name": "1299 Long", "inflow (M)": 13.17}, {"rank": 12, "name": "2269 Long", "inflow (M)": 12.75}, {"rank": 13, "name": "9988 Short", "inflow (M)": 8.39}, {"rank": 14, "name": "HSTECH Long", "inflow (M)": 8.1}, {"rank": 15, "name": "0175 Long", "inflow (M)": 7.87}, {"rank": 16, "name": "NDX Short", "inflow (M)": 7.39}, {"rank": 17, "name": "3968 Long", "inflow (M)": 5.56}, {"rank": 18, "name": "0027 Long", "inflow (M)": 5.23}, {"rank": 19, "name": "1024 Long", "inflow (M)": 5.12}, {"rank": 20, "name": "9999 Short", "inflow (M)": 3.46}], "top20outflow_20d": [{"rank": 1, "name": "HSI Short", "outflow (M)": 273.91}, {"rank": 2, "name": "3690 Short", "outflow (M)": 17.59}, {"rank": 3, "name": "1211 Short", "outflow (M)": 16.11}, {"rank": 4, "name": "1299 Short", "outflow (M)": 6.43}, {"rank": 5, "name": "9618 Long", "outflow (M)": 5.31}, {"rank": 6, "name": "0388 Short", "outflow (M)": 4.07}, {"rank": 7, "name": "0941 Long", "outflow (M)": 3.66}, {"rank": 8, "name": "0981 Short", "outflow (M)": 3.47}, {"rank": 9, "name": "2015 Short", "outflow (M)": 2.84}, {"rank": 10, "name": "0005 Long", "outflow (M)": 2.79}, {"rank": 11, "name": "0902 Long", "outflow (M)": 2.2}, {"rank": 12, "name": "0823 Long", "outflow (M)": 1.82}, {"rank": 13, "name": "2013 Long", "outflow (M)": 1.6}, {"rank": 14, "name": "6862 Long", "outflow (M)": 1.57}, {"rank": 15, "name": "0857 Long", "outflow (M)": 1.55}, {"rank": 16, "name": "HSTECH Short", "outflow (M)": 1.33}, {"rank": 17, "name": "0135 Long", "outflow (M)": 1.3}, {"rank": 18, "name": "2018 Long", "outflow (M)": 1.25}, {"rank": 19, "name": "0941 Short", "outflow (M)": 1.16}, {"rank": 20, "name": "9992 Long", "outflow (M)": 1.03}], "stats": {"hsi long pos": "+982.67M", "hsi short pos:": "-273.91M", "stocks long pos": "+537.93M", "stocks short pos": "-19.92M"}}