{"top20inflow_10d": [{"rank": 1, "name": "HSI Long", "inflow (M)": 839.0}, {"rank": 2, "name": "3690 Long", "inflow (M)": 129.95}, {"rank": 3, "name": "0700 Long", "inflow (M)": 60.77}, {"rank": 4, "name": "0388 Long", "inflow (M)": 55.85}, {"rank": 5, "name": "1211 Long", "inflow (M)": 45.4}, {"rank": 6, "name": "9988 Long", "inflow (M)": 41.18}, {"rank": 7, "name": "1299 Long", "inflow (M)": 16.67}, {"rank": 8, "name": "2318 Long", "inflow (M)": 13.6}, {"rank": 9, "name": "2269 Long", "inflow (M)": 9.44}, {"rank": 10, "name": "DJI Short", "inflow (M)": 7.43}, {"rank": 11, "name": "HSTECH Long", "inflow (M)": 6.53}, {"rank": 12, "name": "0175 Long", "inflow (M)": 5.33}, {"rank": 13, "name": "1024 Long", "inflow (M)": 5.07}, {"rank": 14, "name": "9999 Short", "inflow (M)": 3.42}, {"rank": 15, "name": "2800 Long", "inflow (M)": 3.16}, {"rank": 16, "name": "3968 Long", "inflow (M)": 3.13}, {"rank": 17, "name": "0027 Long", "inflow (M)": 3.09}, {"rank": 18, "name": "0823 Long", "inflow (M)": 2.84}, {"rank": 19, "name": "0753 Long", "inflow (M)": 2.38}, {"rank": 20, "name": "9868 Long", "inflow (M)": 2.31}], "top20outflow_10d": [{"rank": 1, "name": "HSI Short", "outflow (M)": 271.58}, {"rank": 2, "name": "9988 Short", "outflow (M)": 49.33}, {"rank": 3, "name": "0700 Short", "outflow (M)": 17.97}, {"rank": 4, "name": "3690 Short", "outflow (M)": 15.36}, {"rank": 5, "name": "1211 Short", "outflow (M)": 12.37}, {"rank": 6, "name": "1810 Short", "outflow (M)": 6.85}, {"rank": 7, "name": "1810 Long", "outflow (M)": 6.79}, {"rank": 8, "name": "1299 Short", "outflow (M)": 5.36}, {"rank": 9, "name": "0883 Long", "outflow (M)": 2.66}, {"rank": 10, "name": "1024 Short", "outflow (M)": 2.66}, {"rank": 11, "name": "2382 Short", "outflow (M)": 2.06}, {"rank": 12, "name": "2015 Short", "outflow (M)": 2.05}, {"rank": 13, "name": "0388 Short", "outflow (M)": 1.99}, {"rank": 14, "name": "9888 Long", "outflow (M)": 1.79}, {"rank": 15, "name": "1171 Long", "outflow (M)": 1.77}, {"rank": 16, "name": "2318 Short", "outflow (M)": 1.41}, {"rank": 17, "name": "HSTECH Short", "outflow (M)": 1.28}, {"rank": 18, "name": "0981 Long", "outflow (M)": 1.2}, {"rank": 19, "name": "0902 Long", "outflow (M)": 1.03}, {"rank": 20, "name": "0981 Short", "outflow (M)": 1.0}], "stats": {"hsi long pos": "+839.00M", "hsi short pos:": "-271.58M", "stocks long pos": "+408.93M", "stocks short pos": "-115.83M"}}