{"top20inflow_1d": [{"rank": 1, "name": "HSI Short", "inflow (M)": 74.26}, {"rank": 2, "name": "3690 Short", "inflow (M)": 9.4}, {"rank": 3, "name": "9618 Short", "inflow (M)": 5.11}, {"rank": 4, "name": "0388 Short", "inflow (M)": 2.33}, {"rank": 5, "name": "1211 Short", "inflow (M)": 2.24}, {"rank": 6, "name": "1810 Short", "inflow (M)": 2.0}, {"rank": 7, "name": "1024 Short", "inflow (M)": 1.7}, {"rank": 8, "name": "2319 Long", "inflow (M)": 1.69}, {"rank": 9, "name": "1398 Short", "inflow (M)": 1.09}, {"rank": 10, "name": "DJI Short", "inflow (M)": 1.07}, {"rank": 11, "name": "3988 Short", "inflow (M)": 0.94}, {"rank": 12, "name": "1810 Long", "inflow (M)": 0.88}, {"rank": 13, "name": "2382 Short", "inflow (M)": 0.7}, {"rank": 14, "name": "0175 Long", "inflow (M)": 0.62}, {"rank": 15, "name": "9618 Long", "inflow (M)": 0.57}, {"rank": 16, "name": "1299 Short", "inflow (M)": 0.53}, {"rank": 17, "name": "2318 Short", "inflow (M)": 0.52}, {"rank": 18, "name": "1171 Long", "inflow (M)": 0.5}, {"rank": 19, "name": "2333 Long", "inflow (M)": 0.48}, {"rank": 20, "name": "0939 Short", "inflow (M)": 0.4}], "top20outflow_1d": [{"rank": 1, "name": "HSI Long", "outflow (M)": 30.68}, {"rank": 2, "name": "0700 Long", "outflow (M)": 9.13}, {"rank": 3, "name": "0388 Long", "outflow (M)": 6.29}, {"rank": 4, "name": "9988 Long", "outflow (M)": 5.91}, {"rank": 5, "name": "0700 Short", "outflow (M)": 4.65}, {"rank": 6, "name": "3690 Long", "outflow (M)": 4.28}, {"rank": 7, "name": "9999 Long", "outflow (M)": 2.55}, {"rank": 8, "name": "9999 Short", "outflow (M)": 2.15}, {"rank": 9, "name": "2318 Long", "outflow (M)": 1.37}, {"rank": 10, "name": "0981 Long", "outflow (M)": 1.22}, {"rank": 11, "name": "HSTECH Long", "outflow (M)": 0.94}, {"rank": 12, "name": "9868 Short", "outflow (M)": 0.78}, {"rank": 13, "name": "0027 Long", "outflow (M)": 0.72}, {"rank": 14, "name": "0941 Long", "outflow (M)": 0.72}, {"rank": 15, "name": "0823 Long", "outflow (M)": 0.67}, {"rank": 16, "name": "1211 Long", "outflow (M)": 0.56}, {"rank": 17, "name": "2800 Long", "outflow (M)": 0.48}, {"rank": 18, "name": "0883 Long", "outflow (M)": 0.45}, {"rank": 19, "name": "2020 Long", "outflow (M)": 0.41}, {"rank": 20, "name": "9988 Short", "outflow (M)": 0.39}], "stats": {"hsi long pos": "-30.68M", "hsi short pos:": "+74.26M", "stocks long pos": "-31.40M", "stocks short pos": "+19.49M"}}