{"top20inflow_5d": [{"rank": 1, "name": "HSI Long", "inflow (M)": 104.64}, {"rank": 2, "name": "0700 Long", "inflow (M)": 65.54}, {"rank": 3, "name": "3690 Short", "inflow (M)": 27.02}, {"rank": 4, "name": "9988 Long", "inflow (M)": 23.26}, {"rank": 5, "name": "0388 Long", "inflow (M)": 17.63}, {"rank": 6, "name": "3690 Long", "inflow (M)": 12.73}, {"rank": 7, "name": "9888 Long", "inflow (M)": 12.06}, {"rank": 8, "name": "2318 Long", "inflow (M)": 11.63}, {"rank": 9, "name": "3968 Long", "inflow (M)": 5.74}, {"rank": 10, "name": "0883 Long", "inflow (M)": 4.96}, {"rank": 11, "name": "9961 Long", "inflow (M)": 3.55}, {"rank": 12, "name": "1109 Long", "inflow (M)": 3.51}, {"rank": 13, "name": "9999 Long", "inflow (M)": 2.98}, {"rank": 14, "name": "0005 Short", "inflow (M)": 2.97}, {"rank": 15, "name": "1299 Long", "inflow (M)": 2.73}, {"rank": 16, "name": "2015 Short", "inflow (M)": 2.62}, {"rank": 17, "name": "1024 Long", "inflow (M)": 2.46}, {"rank": 18, "name": "0027 Long", "inflow (M)": 2.43}, {"rank": 19, "name": "0941 Long", "inflow (M)": 2.35}, {"rank": 20, "name": "1810 Long", "inflow (M)": 2.31}], "top20outflow_5d": [{"rank": 1, "name": "HSI Short", "outflow (M)": 39.18}, {"rank": 2, "name": "0005 Long", "outflow (M)": 12.86}, {"rank": 3, "name": "0700 Short", "outflow (M)": 8.55}, {"rank": 4, "name": "3968 Short", "outflow (M)": 4.8}, {"rank": 5, "name": "9961 Short", "outflow (M)": 3.17}, {"rank": 6, "name": "2269 Long", "outflow (M)": 2.99}, {"rank": 7, "name": "2318 Short", "outflow (M)": 2.58}, {"rank": 8, "name": "9988 Short", "outflow (M)": 2.48}, {"rank": 9, "name": "0388 Short", "outflow (M)": 2.27}, {"rank": 10, "name": "0992 Long", "outflow (M)": 2.12}, {"rank": 11, "name": "2269 Short", "outflow (M)": 2.05}, {"rank": 12, "name": "0027 Short", "outflow (M)": 1.53}, {"rank": 13, "name": "0883 Short", "outflow (M)": 1.49}, {"rank": 14, "name": "0939 Short", "outflow (M)": 1.27}, {"rank": 15, "name": "0981 Long", "outflow (M)": 1.21}, {"rank": 16, "name": "1211 Long", "outflow (M)": 1.16}, {"rank": 17, "name": "0175 Long", "outflow (M)": 0.85}, {"rank": 18, "name": "1024 Short", "outflow (M)": 0.64}, {"rank": 19, "name": "2382 Short", "outflow (M)": 0.64}, {"rank": 20, "name": "1928 Short", "outflow (M)": 0.55}], "stats": {"hsi long pos": "+104.64M", "hsi short pos:": "-39.18M", "stocks long pos": "+185.30M", "stocks short pos": "+3.00M"}}