{"top20inflow_5d": [{"rank": 1, "name": "HSI Short", "inflow (M)": 94.4}, {"rank": 2, "name": "3690 Long", "inflow (M)": 19.23}, {"rank": 3, "name": "3690 Short", "inflow (M)": 11.22}, {"rank": 4, "name": "0941 Long", "inflow (M)": 5.33}, {"rank": 5, "name": "9988 Short", "inflow (M)": 5.31}, {"rank": 6, "name": "0883 Long", "inflow (M)": 3.01}, {"rank": 7, "name": "DJI Short", "inflow (M)": 2.71}, {"rank": 8, "name": "1024 Long", "inflow (M)": 2.69}, {"rank": 9, "name": "1797 Long", "inflow (M)": 2.68}, {"rank": 10, "name": "2318 Long", "inflow (M)": 2.17}, {"rank": 11, "name": "1211 Long", "inflow (M)": 1.99}, {"rank": 12, "name": "NDX Short", "inflow (M)": 1.49}, {"rank": 13, "name": "2269 Long", "inflow (M)": 1.47}, {"rank": 14, "name": "9999 Long", "inflow (M)": 1.29}, {"rank": 15, "name": "0992 Long", "inflow (M)": 1.05}, {"rank": 16, "name": "0981 Long", "inflow (M)": 0.96}, {"rank": 17, "name": "0027 Long", "inflow (M)": 0.89}, {"rank": 18, "name": "3968 Long", "inflow (M)": 0.83}, {"rank": 19, "name": "9868 Long", "inflow (M)": 0.75}, {"rank": 20, "name": "2822 Long", "inflow (M)": 0.66}], "top20outflow_5d": [{"rank": 1, "name": "HSI Long", "outflow (M)": 66.13}, {"rank": 2, "name": "0700 Long", "outflow (M)": 18.76}, {"rank": 3, "name": "0388 Long", "outflow (M)": 12.45}, {"rank": 4, "name": "9988 Long", "outflow (M)": 8.73}, {"rank": 5, "name": "NDX Long", "outflow (M)": 4.18}, {"rank": 6, "name": "9999 Short", "outflow (M)": 4.11}, {"rank": 7, "name": "0823 Long", "outflow (M)": 2.87}, {"rank": 8, "name": "2318 Short", "outflow (M)": 2.52}, {"rank": 9, "name": "0700 Short", "outflow (M)": 2.49}, {"rank": 10, "name": "1299 Long", "outflow (M)": 2.48}, {"rank": 11, "name": "2018 Long", "outflow (M)": 1.76}, {"rank": 12, "name": "0005 Long", "outflow (M)": 1.35}, {"rank": 13, "name": "0388 Short", "outflow (M)": 1.16}, {"rank": 14, "name": "HSTECH Long", "outflow (M)": 0.97}, {"rank": 15, "name": "0941 Short", "outflow (M)": 0.82}, {"rank": 16, "name": "1928 Long", "outflow (M)": 0.75}, {"rank": 17, "name": "1093 Long", "outflow (M)": 0.71}, {"rank": 18, "name": "0175 Long", "outflow (M)": 0.64}, {"rank": 19, "name": "1810 Short", "outflow (M)": 0.44}, {"rank": 20, "name": "1211 Short", "outflow (M)": 0.42}], "stats": {"hsi long pos": "-66.13M", "hsi short pos:": "+94.40M", "stocks long pos": "+0.87M", "stocks short pos": "+5.39M"}}