{"top20inflow_5d": [{"rank": 1, "name": "HSI Short", "inflow (M)": 90.37}, {"rank": 2, "name": "3690 Long", "inflow (M)": 18.22}, {"rank": 3, "name": "3690 Short", "inflow (M)": 11.69}, {"rank": 4, "name": "9988 Short", "inflow (M)": 8.04}, {"rank": 5, "name": "0941 Long", "inflow (M)": 4.43}, {"rank": 6, "name": "DJI Short", "inflow (M)": 4.23}, {"rank": 7, "name": "0981 Long", "inflow (M)": 3.38}, {"rank": 8, "name": "0883 Long", "inflow (M)": 3.36}, {"rank": 9, "name": "1797 Long", "inflow (M)": 2.98}, {"rank": 10, "name": "2318 Long", "inflow (M)": 2.7}, {"rank": 11, "name": "9868 Short", "inflow (M)": 2.1}, {"rank": 12, "name": "1211 Long", "inflow (M)": 1.64}, {"rank": 13, "name": "9618 Short", "inflow (M)": 1.56}, {"rank": 14, "name": "1299 Short", "inflow (M)": 1.27}, {"rank": 15, "name": "9999 Long", "inflow (M)": 1.1}, {"rank": 16, "name": "NDX Short", "inflow (M)": 1.08}, {"rank": 17, "name": "1797 Short", "inflow (M)": 0.91}, {"rank": 18, "name": "3968 Long", "inflow (M)": 0.78}, {"rank": 19, "name": "2899 Long", "inflow (M)": 0.73}, {"rank": 20, "name": "2822 Long", "inflow (M)": 0.65}], "top20outflow_5d": [{"rank": 1, "name": "HSI Long", "outflow (M)": 67.56}, {"rank": 2, "name": "0700 Long", "outflow (M)": 11.99}, {"rank": 3, "name": "0388 Long", "outflow (M)": 9.73}, {"rank": 4, "name": "1299 Long", "outflow (M)": 8.38}, {"rank": 5, "name": "9988 Long", "outflow (M)": 5.33}, {"rank": 6, "name": "1810 Long", "outflow (M)": 4.75}, {"rank": 7, "name": "0823 Long", "outflow (M)": 4.23}, {"rank": 8, "name": "0700 Short", "outflow (M)": 3.44}, {"rank": 9, "name": "NDX Long", "outflow (M)": 2.7}, {"rank": 10, "name": "9868 Long", "outflow (M)": 2.52}, {"rank": 11, "name": "2018 Long", "outflow (M)": 1.48}, {"rank": 12, "name": "0005 Long", "outflow (M)": 1.44}, {"rank": 13, "name": "2318 Short", "outflow (M)": 1.11}, {"rank": 14, "name": "9888 Short", "outflow (M)": 0.91}, {"rank": 15, "name": "0175 Long", "outflow (M)": 0.88}, {"rank": 16, "name": "9618 Long", "outflow (M)": 0.79}, {"rank": 17, "name": "1093 Long", "outflow (M)": 0.74}, {"rank": 18, "name": "0941 Short", "outflow (M)": 0.73}, {"rank": 19, "name": "1928 Long", "outflow (M)": 0.68}, {"rank": 20, "name": "0669 Long", "outflow (M)": 0.59}], "stats": {"hsi long pos": "-67.56M", "hsi short pos:": "+90.37M", "stocks long pos": "-10.53M", "stocks short pos": "+20.92M"}}