{"top20inflow_1d": [{"rank": 1, "name": "HSI Long", "inflow (M)": 10.6}, {"rank": 2, "name": "1299 Long", "inflow (M)": 5.69}, {"rank": 3, "name": "0700 Long", "inflow (M)": 3.84}, {"rank": 4, "name": "2269 Long", "inflow (M)": 2.82}, {"rank": 5, "name": "2318 Long", "inflow (M)": 2.69}, {"rank": 6, "name": "0005 Long", "inflow (M)": 1.78}, {"rank": 7, "name": "1211 Short", "inflow (M)": 1.78}, {"rank": 8, "name": "9988 Long", "inflow (M)": 1.38}, {"rank": 9, "name": "0358 Long", "inflow (M)": 1.07}, {"rank": 10, "name": "0788 Long", "inflow (M)": 0.93}, {"rank": 11, "name": "9988 Short", "inflow (M)": 0.89}, {"rank": 12, "name": "0883 Long", "inflow (M)": 0.82}, {"rank": 13, "name": "0388 Long", "inflow (M)": 0.77}, {"rank": 14, "name": "0354 Long", "inflow (M)": 0.51}, {"rank": 15, "name": "0293 Long", "inflow (M)": 0.4}, {"rank": 16, "name": "2359 Long", "inflow (M)": 0.36}, {"rank": 17, "name": "0941 Long", "inflow (M)": 0.25}, {"rank": 18, "name": "0763 Long", "inflow (M)": 0.24}, {"rank": 19, "name": "3968 Long", "inflow (M)": 0.23}, {"rank": 20, "name": "2800 Long", "inflow (M)": 0.22}], "top20outflow_1d": [{"rank": 1, "name": "HSI Short", "outflow (M)": 19.42}, {"rank": 2, "name": "3690 Long", "outflow (M)": 3.21}, {"rank": 3, "name": "0700 Short", "outflow (M)": 3.09}, {"rank": 4, "name": "1109 Long", "outflow (M)": 2.84}, {"rank": 5, "name": "9618 Short", "outflow (M)": 2.24}, {"rank": 6, "name": "0823 Long", "outflow (M)": 1.74}, {"rank": 7, "name": "3690 Short", "outflow (M)": 1.62}, {"rank": 8, "name": "1211 Long", "outflow (M)": 1.42}, {"rank": 9, "name": "HSTECH Long", "outflow (M)": 1.38}, {"rank": 10, "name": "0388 Short", "outflow (M)": 1.12}, {"rank": 11, "name": "9618 Long", "outflow (M)": 1.07}, {"rank": 12, "name": "1810 Long", "outflow (M)": 0.99}, {"rank": 13, "name": "9626 Long", "outflow (M)": 0.73}, {"rank": 14, "name": "0386 Long", "outflow (M)": 0.71}, {"rank": 15, "name": "2015 Long", "outflow (M)": 0.62}, {"rank": 16, "name": "3968 Short", "outflow (M)": 0.5}, {"rank": 17, "name": "2382 Long", "outflow (M)": 0.45}, {"rank": 18, "name": "9988 Long", "outflow (M)": 0.39}, {"rank": 19, "name": "9868 Short", "outflow (M)": 0.34}, {"rank": 20, "name": "9888 Long", "outflow (M)": 0.3}], "stats": {"hsi long pos": "+33.69M", "hsi short pos:": "-26.36M", "stocks long pos": "+14.49M", "stocks short pos": "-4.88M"}}