{"top20inflow_5d": [{"rank": 1, "name": "HSI Long", "inflow (M)": 157.2}, {"rank": 2, "name": "3690 Long", "inflow (M)": 14.32}, {"rank": 3, "name": "0388 Long", "inflow (M)": 11.62}, {"rank": 4, "name": "2269 Long", "inflow (M)": 11.49}, {"rank": 5, "name": "0700 Long", "inflow (M)": 10.13}, {"rank": 6, "name": "1211 Long", "inflow (M)": 9.98}, {"rank": 7, "name": "1299 Long", "inflow (M)": 5.57}, {"rank": 8, "name": "9988 Long", "inflow (M)": 5.46}, {"rank": 9, "name": "2318 Long", "inflow (M)": 5.2}, {"rank": 10, "name": "0175 Long", "inflow (M)": 4.2}, {"rank": 11, "name": "3968 Long", "inflow (M)": 4.04}, {"rank": 12, "name": "3690 Short", "inflow (M)": 3.81}, {"rank": 13, "name": "9618 Long", "inflow (M)": 3.58}, {"rank": 14, "name": "1810 Long", "inflow (M)": 3.38}, {"rank": 15, "name": "SPX Short", "inflow (M)": 3.12}, {"rank": 16, "name": "0981 Long", "inflow (M)": 2.27}, {"rank": 17, "name": "DJI Short", "inflow (M)": 1.95}, {"rank": 18, "name": "0005 Short", "inflow (M)": 1.75}, {"rank": 19, "name": "HSTECH Long", "inflow (M)": 1.62}, {"rank": 20, "name": "9999 Short", "inflow (M)": 1.59}], "top20outflow_5d": [{"rank": 1, "name": "HSI Short", "outflow (M)": 76.84}, {"rank": 2, "name": "1211 Short", "outflow (M)": 46.13}, {"rank": 3, "name": "0883 Long", "outflow (M)": 30.4}, {"rank": 4, "name": "1299 Short", "outflow (M)": 4.52}, {"rank": 5, "name": "0700 Short", "outflow (M)": 3.99}, {"rank": 6, "name": "9868 Short", "outflow (M)": 2.98}, {"rank": 7, "name": "0388 Short", "outflow (M)": 1.96}, {"rank": 8, "name": "0992 Short", "outflow (M)": 1.38}, {"rank": 9, "name": "2382 Short", "outflow (M)": 1.34}, {"rank": 10, "name": "0941 Short", "outflow (M)": 1.22}, {"rank": 11, "name": "HSTECH Short", "outflow (M)": 0.95}, {"rank": 12, "name": "0027 Long", "outflow (M)": 0.82}, {"rank": 13, "name": "0960 Long", "outflow (M)": 0.76}, {"rank": 14, "name": "2318 Short", "outflow (M)": 0.73}, {"rank": 15, "name": "2018 Short", "outflow (M)": 0.72}, {"rank": 16, "name": "N225 Long", "outflow (M)": 0.58}, {"rank": 17, "name": "2020 Short", "outflow (M)": 0.55}, {"rank": 18, "name": "2015 Short", "outflow (M)": 0.51}, {"rank": 19, "name": "9618 Short", "outflow (M)": 0.49}, {"rank": 20, "name": "9888 Short", "outflow (M)": 0.47}], "stats": {"hsi long pos": "+168.50M", "hsi short pos:": "-70.19M", "stocks long pos": "+84.13M", "stocks short pos": "-54.08M"}}