{"top20inflow_20d": [{"rank": 1, "name": "HSI Long", "inflow (M)": 667.42}, {"rank": 2, "name": "0700 Long", "inflow (M)": 94.27}, {"rank": 3, "name": "3690 Long", "inflow (M)": 67.4}, {"rank": 4, "name": "0883 Long", "inflow (M)": 40.68}, {"rank": 5, "name": "9988 Long", "inflow (M)": 29.77}, {"rank": 6, "name": "0388 Long", "inflow (M)": 23.92}, {"rank": 7, "name": "1211 Long", "inflow (M)": 22.53}, {"rank": 8, "name": "2318 Long", "inflow (M)": 18.81}, {"rank": 9, "name": "1810 Long", "inflow (M)": 15.05}, {"rank": 10, "name": "9988 Short", "inflow (M)": 14.03}, {"rank": 11, "name": "2269 Long", "inflow (M)": 13.92}, {"rank": 12, "name": "3968 Long", "inflow (M)": 13.52}, {"rank": 13, "name": "HSTECH Long", "inflow (M)": 11.15}, {"rank": 14, "name": "0981 Long", "inflow (M)": 10.69}, {"rank": 15, "name": "JPYD Long", "inflow (M)": 10.59}, {"rank": 16, "name": "2269 Short", "inflow (M)": 10.26}, {"rank": 17, "name": "NDX Short", "inflow (M)": 7.23}, {"rank": 18, "name": "1024 Long", "inflow (M)": 7.15}, {"rank": 19, "name": "0992 Long", "inflow (M)": 6.76}, {"rank": 20, "name": "0005 Long", "inflow (M)": 6.34}], "top20outflow_20d": [{"rank": 1, "name": "HSI Short", "outflow (M)": 295.95}, {"rank": 2, "name": "0700 Short", "outflow (M)": 55.01}, {"rank": 3, "name": "1211 Short", "outflow (M)": 10.51}, {"rank": 4, "name": "1810 Short", "outflow (M)": 6.88}, {"rank": 5, "name": "9618 Short", "outflow (M)": 2.62}, {"rank": 6, "name": "2382 Short", "outflow (M)": 2.46}, {"rank": 7, "name": "1024 Short", "outflow (M)": 2.4}, {"rank": 8, "name": "2015 Short", "outflow (M)": 2.38}, {"rank": 9, "name": "0981 Short", "outflow (M)": 1.42}, {"rank": 10, "name": "3988 Short", "outflow (M)": 1.26}, {"rank": 11, "name": "0992 Short", "outflow (M)": 1.14}, {"rank": 12, "name": "0941 Long", "outflow (M)": 1.13}, {"rank": 13, "name": "2018 Short", "outflow (M)": 0.86}, {"rank": 14, "name": "2319 Long", "outflow (M)": 0.85}, {"rank": 15, "name": "0902 Long", "outflow (M)": 0.68}, {"rank": 16, "name": "9999 Long", "outflow (M)": 0.68}, {"rank": 17, "name": "0857 Long", "outflow (M)": 0.67}, {"rank": 18, "name": "1171 Long", "outflow (M)": 0.62}, {"rank": 19, "name": "JPYD= Short", "outflow (M)": 0.59}, {"rank": 20, "name": "0388 Short", "outflow (M)": 0.55}], "stats": {"hsi long pos": "+689.76M", "hsi short pos:": "-317.91M", "stocks long pos": "+449.91M", "stocks short pos": "-44.35M"}}