{"top20inflow_1d": [{"rank": 1, "name": "HSI Long", "inflow (M)": 64.91}, {"rank": 2, "name": "0700 Long", "inflow (M)": 14.11}, {"rank": 3, "name": "9988 Long", "inflow (M)": 10.27}, {"rank": 4, "name": "3690 Long", "inflow (M)": 8.77}, {"rank": 5, "name": "2269 Long", "inflow (M)": 6.24}, {"rank": 6, "name": "1299 Long", "inflow (M)": 5.37}, {"rank": 7, "name": "0941 Long", "inflow (M)": 4.86}, {"rank": 8, "name": "0388 Long", "inflow (M)": 2.65}, {"rank": 9, "name": "1024 Long", "inflow (M)": 2.62}, {"rank": 10, "name": "1810 Long", "inflow (M)": 2.43}, {"rank": 11, "name": "0005 Long", "inflow (M)": 2.33}, {"rank": 12, "name": "2318 Long", "inflow (M)": 2.33}, {"rank": 13, "name": "JPYD Long", "inflow (M)": 1.31}, {"rank": 14, "name": "9888 Long", "inflow (M)": 1.09}, {"rank": 15, "name": "0857 Short", "inflow (M)": 1.05}, {"rank": 16, "name": "0883 Long", "inflow (M)": 0.78}, {"rank": 17, "name": "2883 Long", "inflow (M)": 0.68}, {"rank": 18, "name": "0358 Long", "inflow (M)": 0.68}, {"rank": 19, "name": "2359 Long", "inflow (M)": 0.66}, {"rank": 20, "name": "9999 Long", "inflow (M)": 0.62}], "top20outflow_1d": [{"rank": 1, "name": "HSI Short", "outflow (M)": 70.76}, {"rank": 2, "name": "0700 Short", "outflow (M)": 7.89}, {"rank": 3, "name": "1211 Short", "outflow (M)": 4.87}, {"rank": 4, "name": "3690 Short", "outflow (M)": 3.54}, {"rank": 5, "name": "0388 Short", "outflow (M)": 1.76}, {"rank": 6, "name": "1810 Short", "outflow (M)": 1.62}, {"rank": 7, "name": "9988 Short", "outflow (M)": 1.57}, {"rank": 8, "name": "9618 Short", "outflow (M)": 1.55}, {"rank": 9, "name": "0857 Long", "outflow (M)": 1.21}, {"rank": 10, "name": "1088 Long", "outflow (M)": 0.93}, {"rank": 11, "name": "1299 Short", "outflow (M)": 0.81}, {"rank": 12, "name": "0011 Long", "outflow (M)": 0.73}, {"rank": 13, "name": "2015 Short", "outflow (M)": 0.66}, {"rank": 14, "name": "0883 Short", "outflow (M)": 0.62}, {"rank": 15, "name": "9626 Long", "outflow (M)": 0.53}, {"rank": 16, "name": "HSTECH Short", "outflow (M)": 0.35}, {"rank": 17, "name": "0981 Long", "outflow (M)": 0.34}, {"rank": 18, "name": "0354 Long", "outflow (M)": 0.33}, {"rank": 19, "name": "2318 Short", "outflow (M)": 0.33}, {"rank": 20, "name": "1880 Long", "outflow (M)": 0.24}], "stats": {"hsi long pos": "+64.91M", "hsi short pos:": "-70.76M", "stocks long pos": "+68.87M", "stocks short pos": "-25.40M"}}