{"top20inflow_5d": [{"rank": 1, "name": "HSI Long", "inflow (M)": 199.34}, {"rank": 2, "name": "0700 Long", "inflow (M)": 12.52}, {"rank": 3, "name": "0005 Long", "inflow (M)": 10.02}, {"rank": 4, "name": "1211 Short", "inflow (M)": 8.99}, {"rank": 5, "name": "9888 Long", "inflow (M)": 5.52}, {"rank": 6, "name": "0388 Long", "inflow (M)": 5.13}, {"rank": 7, "name": "1810 Long", "inflow (M)": 4.82}, {"rank": 8, "name": "9988 Long", "inflow (M)": 4.21}, {"rank": 9, "name": "3690 Long", "inflow (M)": 4.04}, {"rank": 10, "name": "JPYD Long", "inflow (M)": 3.3}, {"rank": 11, "name": "1299 Long", "inflow (M)": 3.04}, {"rank": 12, "name": "9618 Long", "inflow (M)": 2.9}, {"rank": 13, "name": "NDX Short", "inflow (M)": 2.46}, {"rank": 14, "name": "1024 Long", "inflow (M)": 2.15}, {"rank": 15, "name": "2318 Long", "inflow (M)": 2.11}, {"rank": 16, "name": "0941 Long", "inflow (M)": 2.09}, {"rank": 17, "name": "0981 Long", "inflow (M)": 2.08}, {"rank": 18, "name": "1347 Long", "inflow (M)": 2.07}, {"rank": 19, "name": "9868 Long", "inflow (M)": 1.77}, {"rank": 20, "name": "2269 Long", "inflow (M)": 1.64}], "top20outflow_5d": [{"rank": 1, "name": "HSI Short", "outflow (M)": 176.06}, {"rank": 2, "name": "0388 Short", "outflow (M)": 3.38}, {"rank": 3, "name": "0700 Short", "outflow (M)": 3.24}, {"rank": 4, "name": "0005 Short", "outflow (M)": 2.34}, {"rank": 5, "name": "1810 Short", "outflow (M)": 2.16}, {"rank": 6, "name": "9618 Short", "outflow (M)": 1.63}, {"rank": 7, "name": "2015 Short", "outflow (M)": 1.45}, {"rank": 8, "name": "1024 Short", "outflow (M)": 1.43}, {"rank": 9, "name": "HSTECH Short", "outflow (M)": 1.36}, {"rank": 10, "name": "DJI Short", "outflow (M)": 1.05}, {"rank": 11, "name": "9999 Short", "outflow (M)": 0.88}, {"rank": 12, "name": "2382 Short", "outflow (M)": 0.8}, {"rank": 13, "name": "9888 Short", "outflow (M)": 0.78}, {"rank": 14, "name": "1299 Short", "outflow (M)": 0.71}, {"rank": 15, "name": "3968 Short", "outflow (M)": 0.7}, {"rank": 16, "name": "2020 Short", "outflow (M)": 0.7}, {"rank": 17, "name": "9868 Short", "outflow (M)": 0.68}, {"rank": 18, "name": "3690 Short", "outflow (M)": 0.42}, {"rank": 19, "name": "0762 Long", "outflow (M)": 0.34}, {"rank": 20, "name": "0902 Long", "outflow (M)": 0.33}], "stats": {"hsi long pos": "+320.08M", "hsi short pos:": "-213.48M", "stocks long pos": "+109.63M", "stocks short pos": "-21.31M"}}