{"top20inflow_1d": [{"rank": 1, "name": "HSI Long", "inflow (M)": 67.66}, {"rank": 2, "name": "0388 Long", "inflow (M)": 6.24}, {"rank": 3, "name": "9988 Long", "inflow (M)": 5.92}, {"rank": 4, "name": "3690 Long", "inflow (M)": 5.5}, {"rank": 5, "name": "1810 Long", "inflow (M)": 1.74}, {"rank": 6, "name": "1211 Long", "inflow (M)": 1.41}, {"rank": 7, "name": "9618 Long", "inflow (M)": 1.31}, {"rank": 8, "name": "2331 Long", "inflow (M)": 1.28}, {"rank": 9, "name": "1299 Long", "inflow (M)": 0.91}, {"rank": 10, "name": "HSTECH Long", "inflow (M)": 0.76}, {"rank": 11, "name": "0992 Long", "inflow (M)": 0.72}, {"rank": 12, "name": "9888 Short", "inflow (M)": 0.66}, {"rank": 13, "name": "0914 Long", "inflow (M)": 0.65}, {"rank": 14, "name": "2015 Short", "inflow (M)": 0.47}, {"rank": 15, "name": "2018 Long", "inflow (M)": 0.37}, {"rank": 16, "name": "0027 Long", "inflow (M)": 0.31}, {"rank": 17, "name": "3968 Long", "inflow (M)": 0.3}, {"rank": 18, "name": "NDX Short", "inflow (M)": 0.27}, {"rank": 19, "name": "HSCE Long", "inflow (M)": 0.27}, {"rank": 20, "name": "9999 Long", "inflow (M)": 0.24}], "top20outflow_1d": [{"rank": 1, "name": "HSI Short", "outflow (M)": 47.36}, {"rank": 2, "name": "0388 Short", "outflow (M)": 5.48}, {"rank": 3, "name": "1211 Short", "outflow (M)": 4.71}, {"rank": 4, "name": "3690 Short", "outflow (M)": 2.91}, {"rank": 5, "name": "9988 Short", "outflow (M)": 2.8}, {"rank": 6, "name": "0700 Long", "outflow (M)": 2.75}, {"rank": 7, "name": "1810 Short", "outflow (M)": 1.88}, {"rank": 8, "name": "9999 Short", "outflow (M)": 1.81}, {"rank": 9, "name": "0005 Long", "outflow (M)": 0.73}, {"rank": 10, "name": "1299 Short", "outflow (M)": 0.63}, {"rank": 11, "name": "0700 Short", "outflow (M)": 0.6}, {"rank": 12, "name": "1024 Short", "outflow (M)": 0.53}, {"rank": 13, "name": "0857 Short", "outflow (M)": 0.43}, {"rank": 14, "name": "9868 Short", "outflow (M)": 0.38}, {"rank": 15, "name": "0883 Short", "outflow (M)": 0.31}, {"rank": 16, "name": "2382 Short", "outflow (M)": 0.29}, {"rank": 17, "name": "0175 Short", "outflow (M)": 0.19}, {"rank": 18, "name": "1818 Long", "outflow (M)": 0.19}, {"rank": 19, "name": "0939 Long", "outflow (M)": 0.19}, {"rank": 20, "name": "1797 Long", "outflow (M)": 0.18}], "stats": {"hsi long pos": "+75.74M", "hsi short pos:": "-47.41M", "stocks long pos": "+26.57M", "stocks short pos": "-19.79M"}}