{"top20inflow_10d": [{"rank": 1, "name": "HSI Short", "inflow (M)": 210.23}, {"rank": 2, "name": "9988 Long", "inflow (M)": 29.01}, {"rank": 3, "name": "2269 Long", "inflow (M)": 13.66}, {"rank": 4, "name": "3690 Short", "inflow (M)": 12.43}, {"rank": 5, "name": "0700 Short", "inflow (M)": 9.03}, {"rank": 6, "name": "HSTECH Long", "inflow (M)": 4.37}, {"rank": 7, "name": "0981 Long", "inflow (M)": 3.7}, {"rank": 8, "name": "0175 Long", "inflow (M)": 3.59}, {"rank": 9, "name": "0700 Long", "inflow (M)": 3.11}, {"rank": 10, "name": "DJI Short", "inflow (M)": 3.11}, {"rank": 11, "name": "3968 Short", "inflow (M)": 2.88}, {"rank": 12, "name": "1109 Long", "inflow (M)": 2.73}, {"rank": 13, "name": "1299 Short", "inflow (M)": 2.69}, {"rank": 14, "name": "0941 Long", "inflow (M)": 2.24}, {"rank": 15, "name": "0823 Long", "inflow (M)": 2.23}, {"rank": 16, "name": "N225 Short", "inflow (M)": 2.18}, {"rank": 17, "name": "NDX Short", "inflow (M)": 2.12}, {"rank": 18, "name": "0005 Short", "inflow (M)": 2.07}, {"rank": 19, "name": "JPYD Long", "inflow (M)": 1.58}, {"rank": 20, "name": "9999 Short", "inflow (M)": 1.58}], "top20outflow_10d": [{"rank": 1, "name": "HSI Long", "outflow (M)": 60.7}, {"rank": 2, "name": "1211 Short", "outflow (M)": 17.65}, {"rank": 3, "name": "9988 Short", "outflow (M)": 4.13}, {"rank": 4, "name": "9868 Short", "outflow (M)": 3.92}, {"rank": 5, "name": "3968 Long", "outflow (M)": 2.56}, {"rank": 6, "name": "1928 Long", "outflow (M)": 2.48}, {"rank": 7, "name": "NDX Long", "outflow (M)": 2.48}, {"rank": 8, "name": "1211 Long", "outflow (M)": 2.23}, {"rank": 9, "name": "1299 Long", "outflow (M)": 1.97}, {"rank": 10, "name": "2318 Long", "outflow (M)": 1.93}, {"rank": 11, "name": "0388 Long", "outflow (M)": 1.4}, {"rank": 12, "name": "0005 Long", "outflow (M)": 1.33}, {"rank": 13, "name": "1398 Long", "outflow (M)": 1.0}, {"rank": 14, "name": "9961 Long", "outflow (M)": 0.95}, {"rank": 15, "name": "1810 Short", "outflow (M)": 0.85}, {"rank": 16, "name": "1810 Long", "outflow (M)": 0.78}, {"rank": 17, "name": "N225 Long", "outflow (M)": 0.66}, {"rank": 18, "name": "2020 Long", "outflow (M)": 0.65}, {"rank": 19, "name": "SPX Short", "outflow (M)": 0.64}, {"rank": 20, "name": "0027 Long", "outflow (M)": 0.58}], "stats": {"hsi long pos": "-60.70M", "hsi short pos:": "+210.23M", "stocks long pos": "+60.40M", "stocks short pos": "+10.44M"}}