{"top20inflow_1d": [{"rank": 1, "name": "HSI Short", "inflow (M)": 100.62}, {"rank": 2, "name": "0388 Short", "inflow (M)": 13.13}, {"rank": 3, "name": "0700 Long", "inflow (M)": 6.66}, {"rank": 4, "name": "2899 Long", "inflow (M)": 2.71}, {"rank": 5, "name": "N225 Short", "inflow (M)": 2.09}, {"rank": 6, "name": "2015 Long", "inflow (M)": 1.72}, {"rank": 7, "name": "1211 Short", "inflow (M)": 1.66}, {"rank": 8, "name": "NDX Short", "inflow (M)": 1.35}, {"rank": 9, "name": "3690 Short", "inflow (M)": 1.32}, {"rank": 10, "name": "DJI Short", "inflow (M)": 1.23}, {"rank": 11, "name": "2318 Short", "inflow (M)": 1.11}, {"rank": 12, "name": "1810 Short", "inflow (M)": 0.98}, {"rank": 13, "name": "0981 Long", "inflow (M)": 0.96}, {"rank": 14, "name": "1211 Long", "inflow (M)": 0.9}, {"rank": 15, "name": "2382 Long", "inflow (M)": 0.87}, {"rank": 16, "name": "9988 Short", "inflow (M)": 0.85}, {"rank": 17, "name": "0902 Long", "inflow (M)": 0.8}, {"rank": 18, "name": "0005 Short", "inflow (M)": 0.75}, {"rank": 19, "name": "1787 Long", "inflow (M)": 0.74}, {"rank": 20, "name": "0175 Long", "inflow (M)": 0.72}], "top20outflow_1d": [{"rank": 1, "name": "HSI Long", "outflow (M)": 42.52}, {"rank": 2, "name": "3690 Long", "outflow (M)": 36.53}, {"rank": 3, "name": "9988 Long", "outflow (M)": 8.02}, {"rank": 4, "name": "0388 Long", "outflow (M)": 7.81}, {"rank": 5, "name": "2318 Long", "outflow (M)": 3.78}, {"rank": 6, "name": "0941 Long", "outflow (M)": 3.09}, {"rank": 7, "name": "1810 Long", "outflow (M)": 2.83}, {"rank": 8, "name": "9618 Long", "outflow (M)": 1.72}, {"rank": 9, "name": "0939 Long", "outflow (M)": 1.46}, {"rank": 10, "name": "1024 Long", "outflow (M)": 1.42}, {"rank": 11, "name": "0883 Long", "outflow (M)": 1.34}, {"rank": 12, "name": "2333 Long", "outflow (M)": 1.31}, {"rank": 13, "name": "0005 Long", "outflow (M)": 1.22}, {"rank": 14, "name": "9626 Long", "outflow (M)": 1.1}, {"rank": 15, "name": "0857 Long", "outflow (M)": 0.86}, {"rank": 16, "name": "HSCE Long", "outflow (M)": 0.83}, {"rank": 17, "name": "1357 Long", "outflow (M)": 0.77}, {"rank": 18, "name": "0992 Long", "outflow (M)": 0.5}, {"rank": 19, "name": "2628 Long", "outflow (M)": 0.5}, {"rank": 20, "name": "0020 Long", "outflow (M)": 0.4}], "stats": {"hsi long pos": "-42.52M", "hsi short pos:": "+100.62M", "stocks long pos": "-55.13M", "stocks short pos": "+23.69M"}}