{"top20inflow_5d": [{"rank": 1, "name": "HSI Short", "inflow (M)": 53.74}, {"rank": 2, "name": "3690 Long", "inflow (M)": 21.25}, {"rank": 3, "name": "3690 Short", "inflow (M)": 13.79}, {"rank": 4, "name": "9988 Short", "inflow (M)": 5.89}, {"rank": 5, "name": "0941 Long", "inflow (M)": 5.04}, {"rank": 6, "name": "DJI Short", "inflow (M)": 4.63}, {"rank": 7, "name": "2318 Long", "inflow (M)": 3.81}, {"rank": 8, "name": "0883 Long", "inflow (M)": 3.59}, {"rank": 9, "name": "0981 Long", "inflow (M)": 2.96}, {"rank": 10, "name": "1810 Short", "inflow (M)": 1.86}, {"rank": 11, "name": "0005 Long", "inflow (M)": 1.55}, {"rank": 12, "name": "1797 Long", "inflow (M)": 1.4}, {"rank": 13, "name": "1299 Short", "inflow (M)": 1.26}, {"rank": 14, "name": "NDX Short", "inflow (M)": 1.22}, {"rank": 15, "name": "HSTECH Long", "inflow (M)": 1.12}, {"rank": 16, "name": "3968 Long", "inflow (M)": 1.1}, {"rank": 17, "name": "1211 Long", "inflow (M)": 1.08}, {"rank": 18, "name": "0354 Long", "inflow (M)": 0.99}, {"rank": 19, "name": "2015 Short", "inflow (M)": 0.96}, {"rank": 20, "name": "1211 Short", "inflow (M)": 0.87}], "top20outflow_5d": [{"rank": 1, "name": "HSI Long", "outflow (M)": 44.0}, {"rank": 2, "name": "0388 Long", "outflow (M)": 10.08}, {"rank": 3, "name": "1299 Long", "outflow (M)": 7.84}, {"rank": 4, "name": "0700 Short", "outflow (M)": 5.55}, {"rank": 5, "name": "1810 Long", "outflow (M)": 5.31}, {"rank": 6, "name": "0700 Long", "outflow (M)": 4.34}, {"rank": 7, "name": "0823 Long", "outflow (M)": 3.25}, {"rank": 8, "name": "0388 Short", "outflow (M)": 3.19}, {"rank": 9, "name": "NDX Long", "outflow (M)": 2.64}, {"rank": 10, "name": "2318 Short", "outflow (M)": 1.77}, {"rank": 11, "name": "9868 Long", "outflow (M)": 1.42}, {"rank": 12, "name": "9888 Long", "outflow (M)": 1.29}, {"rank": 13, "name": "9888 Short", "outflow (M)": 1.17}, {"rank": 14, "name": "1024 Long", "outflow (M)": 1.15}, {"rank": 15, "name": "2018 Long", "outflow (M)": 0.85}, {"rank": 16, "name": "0175 Long", "outflow (M)": 0.81}, {"rank": 17, "name": "0883 Short", "outflow (M)": 0.79}, {"rank": 18, "name": "9618 Long", "outflow (M)": 0.73}, {"rank": 19, "name": "1093 Long", "outflow (M)": 0.73}, {"rank": 20, "name": "0941 Short", "outflow (M)": 0.68}], "stats": {"hsi long pos": "-44.00M", "hsi short pos:": "+53.74M", "stocks long pos": "+13.50M", "stocks short pos": "+11.36M"}}