{"top20inflow_1d": [{"rank": 1, "name": "1299 Long", "inflow (M)": 8.17}, {"rank": 2, "name": "0700 Short", "inflow (M)": 5.61}, {"rank": 3, "name": "HSI Short", "inflow (M)": 4.77}, {"rank": 4, "name": "0388 Long", "inflow (M)": 3.04}, {"rank": 5, "name": "9618 Short", "inflow (M)": 1.76}, {"rank": 6, "name": "1810 Long", "inflow (M)": 1.14}, {"rank": 7, "name": "0883 Long", "inflow (M)": 1.07}, {"rank": 8, "name": "2015 Long", "inflow (M)": 0.97}, {"rank": 9, "name": "0941 Long", "inflow (M)": 0.9}, {"rank": 10, "name": "JPYD Long", "inflow (M)": 0.88}, {"rank": 11, "name": "2331 Long", "inflow (M)": 0.71}, {"rank": 12, "name": "0981 Short", "inflow (M)": 0.67}, {"rank": 13, "name": "1797 Long", "inflow (M)": 0.63}, {"rank": 14, "name": "2899 Long", "inflow (M)": 0.57}, {"rank": 15, "name": "9999 Long", "inflow (M)": 0.55}, {"rank": 16, "name": "2269 Long", "inflow (M)": 0.48}, {"rank": 17, "name": "1024 Short", "inflow (M)": 0.45}, {"rank": 18, "name": "N225 Short", "inflow (M)": 0.42}, {"rank": 19, "name": "2883 Long", "inflow (M)": 0.4}, {"rank": 20, "name": "0763 Long", "inflow (M)": 0.39}], "top20outflow_1d": [{"rank": 1, "name": "HSI Long", "outflow (M)": 8.02}, {"rank": 2, "name": "0700 Long", "outflow (M)": 5.56}, {"rank": 3, "name": "3690 Long", "outflow (M)": 4.32}, {"rank": 4, "name": "0005 Long", "outflow (M)": 3.83}, {"rank": 5, "name": "9988 Short", "outflow (M)": 1.12}, {"rank": 6, "name": "0857 Short", "outflow (M)": 1.03}, {"rank": 7, "name": "1299 Short", "outflow (M)": 0.88}, {"rank": 8, "name": "2840 Long", "outflow (M)": 0.84}, {"rank": 9, "name": "0388 Short", "outflow (M)": 0.77}, {"rank": 10, "name": "1357 Long", "outflow (M)": 0.74}, {"rank": 11, "name": "1024 Long", "outflow (M)": 0.74}, {"rank": 12, "name": "2380 Long", "outflow (M)": 0.66}, {"rank": 13, "name": "N225 Long", "outflow (M)": 0.42}, {"rank": 14, "name": "NDX Short", "outflow (M)": 0.41}, {"rank": 15, "name": "3690 Short", "outflow (M)": 0.38}, {"rank": 16, "name": "9888 Long", "outflow (M)": 0.36}, {"rank": 17, "name": "1211 Short", "outflow (M)": 0.34}, {"rank": 18, "name": "1211 Long", "outflow (M)": 0.33}, {"rank": 19, "name": "DJI Short", "outflow (M)": 0.28}, {"rank": 20, "name": "9999 Short", "outflow (M)": 0.26}], "stats": {"hsi long pos": "-9.76M", "hsi short pos:": "+10.93M", "stocks long pos": "+10.73M", "stocks short pos": "+1.74M"}}