{"top20inflow_1d": [{"rank": 1, "name": "HSI Long", "inflow (M)": 15.02}, {"rank": 2, "name": "1299 Long", "inflow (M)": 11.38}, {"rank": 3, "name": "0700 Short", "inflow (M)": 4.85}, {"rank": 4, "name": "0700 Long", "inflow (M)": 4.6}, {"rank": 5, "name": "3690 Long", "inflow (M)": 2.65}, {"rank": 6, "name": "0941 Long", "inflow (M)": 2.31}, {"rank": 7, "name": "2318 Long", "inflow (M)": 2.02}, {"rank": 8, "name": "9988 Long", "inflow (M)": 1.85}, {"rank": 9, "name": "2382 Long", "inflow (M)": 1.5}, {"rank": 10, "name": "1810 Long", "inflow (M)": 1.33}, {"rank": 11, "name": "2600 Long", "inflow (M)": 1.27}, {"rank": 12, "name": "1024 Long", "inflow (M)": 0.75}, {"rank": 13, "name": "0992 Long", "inflow (M)": 0.69}, {"rank": 14, "name": "9888 Long", "inflow (M)": 0.65}, {"rank": 15, "name": "0883 Short", "inflow (M)": 0.58}, {"rank": 16, "name": "0981 Long", "inflow (M)": 0.57}, {"rank": 17, "name": "2269 Long", "inflow (M)": 0.49}, {"rank": 18, "name": "DJI Short", "inflow (M)": 0.37}, {"rank": 19, "name": "6969 Long", "inflow (M)": 0.36}, {"rank": 20, "name": "0175 Long", "inflow (M)": 0.33}], "top20outflow_1d": [{"rank": 1, "name": "HSI Short", "outflow (M)": 18.48}, {"rank": 2, "name": "0883 Long", "outflow (M)": 2.58}, {"rank": 3, "name": "0386 Long", "outflow (M)": 1.44}, {"rank": 4, "name": "2015 Short", "outflow (M)": 1.35}, {"rank": 5, "name": "3690 Short", "outflow (M)": 1.24}, {"rank": 6, "name": "9618 Long", "outflow (M)": 0.83}, {"rank": 7, "name": "1211 Short", "outflow (M)": 0.77}, {"rank": 8, "name": "2015 Long", "outflow (M)": 0.67}, {"rank": 9, "name": "0388 Short", "outflow (M)": 0.65}, {"rank": 10, "name": "0763 Long", "outflow (M)": 0.65}, {"rank": 11, "name": "2331 Long", "outflow (M)": 0.62}, {"rank": 12, "name": "9618 Short", "outflow (M)": 0.61}, {"rank": 13, "name": "2269 Short", "outflow (M)": 0.6}, {"rank": 14, "name": "9698 Long", "outflow (M)": 0.58}, {"rank": 15, "name": "0005 Long", "outflow (M)": 0.51}, {"rank": 16, "name": "2899 Long", "outflow (M)": 0.33}, {"rank": 17, "name": "0857 Long", "outflow (M)": 0.28}, {"rank": 18, "name": "1024 Short", "outflow (M)": 0.26}, {"rank": 19, "name": "1299 Short", "outflow (M)": 0.25}, {"rank": 20, "name": "9999 Short", "outflow (M)": 0.24}], "stats": {"hsi long pos": "-70.97M", "hsi short pos:": "+24.82M", "stocks long pos": "-23.26M", "stocks short pos": "+25.50M"}}