{"top20inflow_10d": [{"rank": 1, "name": "HSI Short", "inflow (M)": 260.41}, {"rank": 2, "name": "0700 Long", "inflow (M)": 70.41}, {"rank": 3, "name": "9888 Long", "inflow (M)": 18.19}, {"rank": 4, "name": "1211 Short", "inflow (M)": 16.75}, {"rank": 5, "name": "2015 Short", "inflow (M)": 11.15}, {"rank": 6, "name": "0388 Long", "inflow (M)": 10.32}, {"rank": 7, "name": "0005 Long", "inflow (M)": 9.92}, {"rank": 8, "name": "9988 Long", "inflow (M)": 7.7}, {"rank": 9, "name": "2318 Long", "inflow (M)": 7.15}, {"rank": 10, "name": "9999 Long", "inflow (M)": 5.69}, {"rank": 11, "name": "9961 Short", "inflow (M)": 5.59}, {"rank": 12, "name": "0981 Long", "inflow (M)": 5.19}, {"rank": 13, "name": "0941 Long", "inflow (M)": 4.98}, {"rank": 14, "name": "1810 Long", "inflow (M)": 4.12}, {"rank": 15, "name": "0883 Short", "inflow (M)": 3.38}, {"rank": 16, "name": "9961 Long", "inflow (M)": 2.71}, {"rank": 17, "name": "9999 Short", "inflow (M)": 2.71}, {"rank": 18, "name": "1299 Long", "inflow (M)": 2.61}, {"rank": 19, "name": "9618 Long", "inflow (M)": 2.35}, {"rank": 20, "name": "NDX Short", "inflow (M)": 2.16}], "top20outflow_10d": [{"rank": 1, "name": "HSI Long", "outflow (M)": 185.93}, {"rank": 2, "name": "0700 Short", "outflow (M)": 10.96}, {"rank": 3, "name": "3690 Long", "outflow (M)": 8.07}, {"rank": 4, "name": "0388 Short", "outflow (M)": 5.28}, {"rank": 5, "name": "3968 Long", "outflow (M)": 4.93}, {"rank": 6, "name": "2269 Short", "outflow (M)": 4.46}, {"rank": 7, "name": "3690 Short", "outflow (M)": 3.92}, {"rank": 8, "name": "2269 Long", "outflow (M)": 3.8}, {"rank": 9, "name": "HSTECH Long", "outflow (M)": 3.31}, {"rank": 10, "name": "9988 Short", "outflow (M)": 2.76}, {"rank": 11, "name": "3968 Short", "outflow (M)": 2.75}, {"rank": 12, "name": "2015 Long", "outflow (M)": 2.73}, {"rank": 13, "name": "0788 Long", "outflow (M)": 1.78}, {"rank": 14, "name": "0939 Long", "outflow (M)": 1.74}, {"rank": 15, "name": "JPYD= Long", "outflow (M)": 1.65}, {"rank": 16, "name": "1211 Long", "outflow (M)": 1.65}, {"rank": 17, "name": "1928 Long", "outflow (M)": 1.58}, {"rank": 18, "name": "0175 Long", "outflow (M)": 1.57}, {"rank": 19, "name": "1109 Long", "outflow (M)": 1.48}, {"rank": 20, "name": "2382 Short", "outflow (M)": 1.34}], "stats": {"hsi long pos": "-185.93M", "hsi short pos:": "+260.41M", "stocks long pos": "+129.59M", "stocks short pos": "+16.48M"}}