{"top20inflow_5d": [{"rank": 1, "name": "HSI Long", "inflow (M)": 128.29}, {"rank": 2, "name": "0700 Long", "inflow (M)": 44.64}, {"rank": 3, "name": "1211 Long", "inflow (M)": 17.85}, {"rank": 4, "name": "3690 Long", "inflow (M)": 13.12}, {"rank": 5, "name": "2269 Long", "inflow (M)": 10.97}, {"rank": 6, "name": "2269 Short", "inflow (M)": 10.61}, {"rank": 7, "name": "3968 Long", "inflow (M)": 7.67}, {"rank": 8, "name": "9999 Short", "inflow (M)": 7.11}, {"rank": 9, "name": "1810 Long", "inflow (M)": 5.98}, {"rank": 10, "name": "2318 Long", "inflow (M)": 5.89}, {"rank": 11, "name": "0992 Long", "inflow (M)": 4.99}, {"rank": 12, "name": "0388 Short", "inflow (M)": 4.75}, {"rank": 13, "name": "0981 Long", "inflow (M)": 3.75}, {"rank": 14, "name": "DJI Short", "inflow (M)": 3.34}, {"rank": 15, "name": "HSTECH Long", "inflow (M)": 3.21}, {"rank": 16, "name": "9988 Short", "inflow (M)": 2.33}, {"rank": 17, "name": "1024 Long", "inflow (M)": 2.13}, {"rank": 18, "name": "0005 Short", "inflow (M)": 2.0}, {"rank": 19, "name": "2382 Long", "inflow (M)": 1.83}, {"rank": 20, "name": "SPX Short", "inflow (M)": 1.56}], "top20outflow_5d": [{"rank": 1, "name": "HSI Short", "outflow (M)": 84.07}, {"rank": 2, "name": "1211 Short", "outflow (M)": 31.64}, {"rank": 3, "name": "0700 Short", "outflow (M)": 19.48}, {"rank": 4, "name": "0883 Long", "outflow (M)": 7.36}, {"rank": 5, "name": "3690 Short", "outflow (M)": 6.46}, {"rank": 6, "name": "9988 Long", "outflow (M)": 4.26}, {"rank": 7, "name": "1299 Short", "outflow (M)": 3.01}, {"rank": 8, "name": "0992 Short", "outflow (M)": 2.07}, {"rank": 9, "name": "9888 Long", "outflow (M)": 1.5}, {"rank": 10, "name": "0027 Long", "outflow (M)": 1.22}, {"rank": 11, "name": "1171 Long", "outflow (M)": 1.11}, {"rank": 12, "name": "0857 Long", "outflow (M)": 1.08}, {"rank": 13, "name": "0941 Long", "outflow (M)": 1.01}, {"rank": 14, "name": "0941 Short", "outflow (M)": 1.0}, {"rank": 15, "name": "2015 Short", "outflow (M)": 0.91}, {"rank": 16, "name": "0960 Long", "outflow (M)": 0.88}, {"rank": 17, "name": "2382 Short", "outflow (M)": 0.88}, {"rank": 18, "name": "HSTECH Short", "outflow (M)": 0.67}, {"rank": 19, "name": "2318 Short", "outflow (M)": 0.66}, {"rank": 20, "name": "N225 Short", "outflow (M)": 0.41}], "stats": {"hsi long pos": "+137.95M", "hsi short pos:": "-64.79M", "stocks long pos": "+103.16M", "stocks short pos": "-38.00M"}}