{"top20inflow_5d": [{"rank": 1, "name": "HSI Short", "inflow (M)": 45.0}, {"rank": 2, "name": "0388 Long", "inflow (M)": 14.49}, {"rank": 3, "name": "3993 Long", "inflow (M)": 4.99}, {"rank": 4, "name": "2318 Long", "inflow (M)": 4.44}, {"rank": 5, "name": "3690 Short", "inflow (M)": 3.76}, {"rank": 6, "name": "9961 Short", "inflow (M)": 3.52}, {"rank": 7, "name": "1810 Short", "inflow (M)": 3.52}, {"rank": 8, "name": "9999 Long", "inflow (M)": 3.28}, {"rank": 9, "name": "9888 Long", "inflow (M)": 3.07}, {"rank": 10, "name": "9988 Long", "inflow (M)": 2.84}, {"rank": 11, "name": "1211 Short", "inflow (M)": 2.55}, {"rank": 12, "name": "DJI Short", "inflow (M)": 2.44}, {"rank": 13, "name": "0857 Long", "inflow (M)": 2.14}, {"rank": 14, "name": "0939 Short", "inflow (M)": 1.96}, {"rank": 15, "name": "0005 Short", "inflow (M)": 1.79}, {"rank": 16, "name": "0291 Long", "inflow (M)": 1.78}, {"rank": 17, "name": "0981 Long", "inflow (M)": 1.72}, {"rank": 18, "name": "0883 Short", "inflow (M)": 1.58}, {"rank": 19, "name": "0027 Long", "inflow (M)": 1.56}, {"rank": 20, "name": "N225 Short", "inflow (M)": 1.37}], "top20outflow_5d": [{"rank": 1, "name": "HSI Long", "outflow (M)": 59.45}, {"rank": 2, "name": "3690 Long", "outflow (M)": 13.48}, {"rank": 3, "name": "0700 Long", "outflow (M)": 11.42}, {"rank": 4, "name": "0005 Long", "outflow (M)": 5.55}, {"rank": 5, "name": "0700 Short", "outflow (M)": 4.57}, {"rank": 6, "name": "1299 Long", "outflow (M)": 4.23}, {"rank": 7, "name": "0941 Long", "outflow (M)": 3.82}, {"rank": 8, "name": "9988 Short", "outflow (M)": 3.15}, {"rank": 9, "name": "0358 Long", "outflow (M)": 3.01}, {"rank": 10, "name": "0175 Long", "outflow (M)": 2.75}, {"rank": 11, "name": "9868 Short", "outflow (M)": 2.0}, {"rank": 12, "name": "0939 Long", "outflow (M)": 1.97}, {"rank": 13, "name": "2840 Long", "outflow (M)": 1.77}, {"rank": 14, "name": "1211 Long", "outflow (M)": 1.74}, {"rank": 15, "name": "1299 Short", "outflow (M)": 1.3}, {"rank": 16, "name": "9618 Short", "outflow (M)": 1.3}, {"rank": 17, "name": "0916 Long", "outflow (M)": 1.25}, {"rank": 18, "name": "2899 Long", "outflow (M)": 1.18}, {"rank": 19, "name": "9961 Long", "outflow (M)": 1.14}, {"rank": 20, "name": "2382 Short", "outflow (M)": 1.04}], "stats": {"hsi long pos": "-59.45M", "hsi short pos:": "+45.00M", "stocks long pos": "-8.82M", "stocks short pos": "+7.63M"}}