{"top20inflow_20d": [{"rank": 1, "name": "HSI Short", "inflow (M)": 297.65}, {"rank": 2, "name": "0700 Long", "inflow (M)": 110.69}, {"rank": 3, "name": "9988 Long", "inflow (M)": 34.94}, {"rank": 4, "name": "9888 Long", "inflow (M)": 22.75}, {"rank": 5, "name": "3690 Short", "inflow (M)": 21.5}, {"rank": 6, "name": "0388 Long", "inflow (M)": 17.21}, {"rank": 7, "name": "1211 Short", "inflow (M)": 14.91}, {"rank": 8, "name": "1299 Long", "inflow (M)": 12.22}, {"rank": 9, "name": "2318 Long", "inflow (M)": 8.74}, {"rank": 10, "name": "2015 Long", "inflow (M)": 6.9}, {"rank": 11, "name": "NDX Short", "inflow (M)": 6.83}, {"rank": 12, "name": "0941 Long", "inflow (M)": 6.28}, {"rank": 13, "name": "0883 Short", "inflow (M)": 5.96}, {"rank": 14, "name": "9999 Long", "inflow (M)": 5.92}, {"rank": 15, "name": "1810 Long", "inflow (M)": 5.92}, {"rank": 16, "name": "0981 Long", "inflow (M)": 4.99}, {"rank": 17, "name": "9618 Long", "inflow (M)": 4.8}, {"rank": 18, "name": "9618 Short", "inflow (M)": 4.76}, {"rank": 19, "name": "0005 Short", "inflow (M)": 4.41}, {"rank": 20, "name": "9961 Long", "inflow (M)": 4.11}], "top20outflow_20d": [{"rank": 1, "name": "HSI Long", "outflow (M)": 107.96}, {"rank": 2, "name": "3690 Long", "outflow (M)": 39.77}, {"rank": 3, "name": "0700 Short", "outflow (M)": 26.74}, {"rank": 4, "name": "9988 Short", "outflow (M)": 14.73}, {"rank": 5, "name": "3968 Long", "outflow (M)": 8.25}, {"rank": 6, "name": "2269 Short", "outflow (M)": 5.89}, {"rank": 7, "name": "0388 Short", "outflow (M)": 3.69}, {"rank": 8, "name": "0992 Long", "outflow (M)": 2.66}, {"rank": 9, "name": "2822 Long", "outflow (M)": 1.83}, {"rank": 10, "name": "0027 Short", "outflow (M)": 1.8}, {"rank": 11, "name": "1299 Short", "outflow (M)": 1.78}, {"rank": 12, "name": "2018 Long", "outflow (M)": 1.67}, {"rank": 13, "name": "1928 Long", "outflow (M)": 1.46}, {"rank": 14, "name": "3968 Short", "outflow (M)": 1.43}, {"rank": 15, "name": "3988 Long", "outflow (M)": 1.37}, {"rank": 16, "name": "2899 Long", "outflow (M)": 1.35}, {"rank": 17, "name": "HSTECH Long", "outflow (M)": 1.29}, {"rank": 18, "name": "0175 Long", "outflow (M)": 1.27}, {"rank": 19, "name": "SPX Short", "outflow (M)": 1.21}, {"rank": 20, "name": "0883 Long", "outflow (M)": 1.12}], "stats": {"hsi long pos": "-115.75M", "hsi short pos:": "+312.43M", "stocks long pos": "+228.96M", "stocks short pos": "+0.53M"}}