{"top20inflow_10d": [{"rank": 1, "name": "HSI Short", "inflow (M)": 125.96}, {"rank": 2, "name": "HSI Long", "inflow (M)": 84.67}, {"rank": 3, "name": "9988 Long", "inflow (M)": 29.23}, {"rank": 4, "name": "2269 Long", "inflow (M)": 16.02}, {"rank": 5, "name": "3690 Short", "inflow (M)": 12.81}, {"rank": 6, "name": "9618 Long", "inflow (M)": 4.54}, {"rank": 7, "name": "3690 Long", "inflow (M)": 4.22}, {"rank": 8, "name": "DJI Short", "inflow (M)": 4.11}, {"rank": 9, "name": "0175 Long", "inflow (M)": 4.01}, {"rank": 10, "name": "3968 Short", "inflow (M)": 3.32}, {"rank": 11, "name": "0700 Short", "inflow (M)": 3.13}, {"rank": 12, "name": "HSTECH Long", "inflow (M)": 3.02}, {"rank": 13, "name": "1109 Long", "inflow (M)": 2.95}, {"rank": 14, "name": "0941 Long", "inflow (M)": 2.84}, {"rank": 15, "name": "0823 Long", "inflow (M)": 2.38}, {"rank": 16, "name": "0939 Long", "inflow (M)": 2.37}, {"rank": 17, "name": "JPYD Long", "inflow (M)": 2.36}, {"rank": 18, "name": "0981 Long", "inflow (M)": 2.24}, {"rank": 19, "name": "1810 Long", "inflow (M)": 2.23}, {"rank": 20, "name": "0005 Short", "inflow (M)": 2.16}], "top20outflow_10d": [{"rank": 1, "name": "1211 Short", "outflow (M)": 33.45}, {"rank": 2, "name": "0883 Long", "outflow (M)": 31.47}, {"rank": 3, "name": "9999 Short", "outflow (M)": 3.04}, {"rank": 4, "name": "9988 Short", "outflow (M)": 2.83}, {"rank": 5, "name": "9868 Short", "outflow (M)": 1.99}, {"rank": 6, "name": "N225 Long", "outflow (M)": 1.24}, {"rank": 7, "name": "1299 Long", "outflow (M)": 1.19}, {"rank": 8, "name": "1211 Long", "outflow (M)": 1.08}, {"rank": 9, "name": "1398 Long", "outflow (M)": 1.02}, {"rank": 10, "name": "3968 Long", "outflow (M)": 1.01}, {"rank": 11, "name": "0941 Short", "outflow (M)": 0.98}, {"rank": 12, "name": "1299 Short", "outflow (M)": 0.96}, {"rank": 13, "name": "9888 Short", "outflow (M)": 0.7}, {"rank": 14, "name": "2015 Short", "outflow (M)": 0.69}, {"rank": 15, "name": "0857 Short", "outflow (M)": 0.68}, {"rank": 16, "name": "0857 Long", "outflow (M)": 0.67}, {"rank": 17, "name": "0992 Short", "outflow (M)": 0.62}, {"rank": 18, "name": "AAPLO Short", "outflow (M)": 0.59}, {"rank": 19, "name": "0027 Long", "outflow (M)": 0.58}, {"rank": 20, "name": "2318 Short", "outflow (M)": 0.52}], "stats": {"hsi long pos": "+84.67M", "hsi short pos:": "+125.96M", "stocks long pos": "+52.74M", "stocks short pos": "-19.36M"}}