{"top20inflow_5d": [{"rank": 1, "name": "HSI Short", "inflow (M)": 29.07}, {"rank": 2, "name": "0700 Short", "inflow (M)": 26.19}, {"rank": 3, "name": "1299 Long", "inflow (M)": 25.6}, {"rank": 4, "name": "HSI Long", "inflow (M)": 23.77}, {"rank": 5, "name": "9988 Long", "inflow (M)": 15.52}, {"rank": 6, "name": "0388 Long", "inflow (M)": 11.59}, {"rank": 7, "name": "3690 Short", "inflow (M)": 9.2}, {"rank": 8, "name": "2318 Long", "inflow (M)": 7.24}, {"rank": 9, "name": "2382 Long", "inflow (M)": 6.24}, {"rank": 10, "name": "1024 Long", "inflow (M)": 4.05}, {"rank": 11, "name": "0981 Long", "inflow (M)": 3.76}, {"rank": 12, "name": "9888 Long", "inflow (M)": 3.51}, {"rank": 13, "name": "1810 Long", "inflow (M)": 2.26}, {"rank": 14, "name": "0823 Long", "inflow (M)": 2.06}, {"rank": 15, "name": "9868 Long", "inflow (M)": 1.8}, {"rank": 16, "name": "2015 Long", "inflow (M)": 1.71}, {"rank": 17, "name": "0981 Short", "inflow (M)": 1.45}, {"rank": 18, "name": "HSTECH Long", "inflow (M)": 1.44}, {"rank": 19, "name": "0005 Short", "inflow (M)": 1.34}, {"rank": 20, "name": "0883 Short", "inflow (M)": 1.21}], "top20outflow_5d": [{"rank": 1, "name": "3690 Long", "outflow (M)": 13.78}, {"rank": 2, "name": "0700 Long", "outflow (M)": 10.23}, {"rank": 3, "name": "0005 Long", "outflow (M)": 7.08}, {"rank": 4, "name": "0941 Long", "outflow (M)": 6.7}, {"rank": 5, "name": "9618 Long", "outflow (M)": 4.95}, {"rank": 6, "name": "9618 Short", "outflow (M)": 2.11}, {"rank": 7, "name": "2015 Short", "outflow (M)": 2.08}, {"rank": 8, "name": "0883 Long", "outflow (M)": 1.86}, {"rank": 9, "name": "0386 Long", "outflow (M)": 1.84}, {"rank": 10, "name": "9999 Long", "outflow (M)": 1.79}, {"rank": 11, "name": "0388 Short", "outflow (M)": 1.78}, {"rank": 12, "name": "3968 Long", "outflow (M)": 1.56}, {"rank": 13, "name": "0763 Long", "outflow (M)": 1.37}, {"rank": 14, "name": "0857 Long", "outflow (M)": 1.35}, {"rank": 15, "name": "1357 Long", "outflow (M)": 1.28}, {"rank": 16, "name": "2318 Short", "outflow (M)": 1.19}, {"rank": 17, "name": "1211 Short", "outflow (M)": 1.06}, {"rank": 18, "name": "1211 Long", "outflow (M)": 0.99}, {"rank": 19, "name": "9868 Short", "outflow (M)": 0.96}, {"rank": 20, "name": "2600 Long", "outflow (M)": 0.77}], "stats": {"hsi long pos": "+92.76M", "hsi short pos:": "-36.03M", "stocks long pos": "+75.43M", "stocks short pos": "+33.73M"}}