{"top20inflow_1d": [{"rank": 1, "name": "HSI Long", "inflow (M)": 3.91}, {"rank": 2, "name": "0700 Long", "inflow (M)": 2.24}, {"rank": 3, "name": "9988 Long", "inflow (M)": 1.41}, {"rank": 4, "name": "1109 Long", "inflow (M)": 1.33}, {"rank": 5, "name": "1810 Long", "inflow (M)": 0.73}, {"rank": 6, "name": "0941 Long", "inflow (M)": 0.64}, {"rank": 7, "name": "0388 Long", "inflow (M)": 0.51}, {"rank": 8, "name": "1211 Long", "inflow (M)": 0.51}, {"rank": 9, "name": "0027 Long", "inflow (M)": 0.47}, {"rank": 10, "name": "9999 Long", "inflow (M)": 0.33}, {"rank": 11, "name": "0883 Long", "inflow (M)": 0.3}, {"rank": 12, "name": "3968 Long", "inflow (M)": 0.23}, {"rank": 13, "name": "1928 Long", "inflow (M)": 0.19}, {"rank": 14, "name": "2318 Long", "inflow (M)": 0.18}, {"rank": 15, "name": "2318 Short", "inflow (M)": 0.18}, {"rank": 16, "name": "6030 Long", "inflow (M)": 0.18}, {"rank": 17, "name": "0316 Long", "inflow (M)": 0.18}, {"rank": 18, "name": "2628 Long", "inflow (M)": 0.16}, {"rank": 19, "name": "2357 Long", "inflow (M)": 0.15}, {"rank": 20, "name": "0823 Long", "inflow (M)": 0.13}], "top20outflow_1d": [{"rank": 1, "name": "HSI Short", "outflow (M)": 22.5}, {"rank": 2, "name": "0700 Short", "outflow (M)": 3.35}, {"rank": 3, "name": "9988 Short", "outflow (M)": 2.36}, {"rank": 4, "name": "3690 Long", "outflow (M)": 1.44}, {"rank": 5, "name": "0388 Short", "outflow (M)": 1.34}, {"rank": 6, "name": "3690 Short", "outflow (M)": 0.64}, {"rank": 7, "name": "1211 Short", "outflow (M)": 0.48}, {"rank": 8, "name": "0857 Short", "outflow (M)": 0.47}, {"rank": 9, "name": "1299 Short", "outflow (M)": 0.44}, {"rank": 10, "name": "0669 Long", "outflow (M)": 0.38}, {"rank": 11, "name": "0960 Long", "outflow (M)": 0.32}, {"rank": 12, "name": "AAPLO Short", "outflow (M)": 0.24}, {"rank": 13, "name": "0992 Short", "outflow (M)": 0.2}, {"rank": 14, "name": "1810 Short", "outflow (M)": 0.19}, {"rank": 15, "name": "9888 Short", "outflow (M)": 0.18}, {"rank": 16, "name": "0005 Short", "outflow (M)": 0.18}, {"rank": 17, "name": "0941 Short", "outflow (M)": 0.16}, {"rank": 18, "name": "9961 Short", "outflow (M)": 0.14}, {"rank": 19, "name": "N225 Long", "outflow (M)": 0.12}, {"rank": 20, "name": "1024 Long", "outflow (M)": 0.11}], "stats": {"hsi long pos": "+23.77M", "hsi short pos:": "-58.37M", "stocks long pos": "+12.28M", "stocks short pos": "-27.32M"}}