{"top20inflow_1d": [{"rank": 1, "name": "0700 Long", "inflow (M)": 24.6}, {"rank": 2, "name": "1211 Short", "inflow (M)": 9.08}, {"rank": 3, "name": "0388 Long", "inflow (M)": 7.22}, {"rank": 4, "name": "2318 Long", "inflow (M)": 4.18}, {"rank": 5, "name": "2015 Short", "inflow (M)": 3.97}, {"rank": 6, "name": "9988 Long", "inflow (M)": 3.53}, {"rank": 7, "name": "1024 Long", "inflow (M)": 1.69}, {"rank": 8, "name": "0027 Long", "inflow (M)": 1.66}, {"rank": 9, "name": "9888 Long", "inflow (M)": 1.42}, {"rank": 10, "name": "0941 Long", "inflow (M)": 1.14}, {"rank": 11, "name": "1810 Long", "inflow (M)": 1.12}, {"rank": 12, "name": "2015 Long", "inflow (M)": 1.08}, {"rank": 13, "name": "0016 Long", "inflow (M)": 1.01}, {"rank": 14, "name": "HSI Long", "inflow (M)": 0.94}, {"rank": 15, "name": "1299 Long", "inflow (M)": 0.85}, {"rank": 16, "name": "NDX Long", "inflow (M)": 0.81}, {"rank": 17, "name": "0005 Long", "inflow (M)": 0.81}, {"rank": 18, "name": "0293 Long", "inflow (M)": 0.8}, {"rank": 19, "name": "2382 Long", "inflow (M)": 0.76}, {"rank": 20, "name": "9961 Long", "inflow (M)": 0.7}], "top20outflow_1d": [{"rank": 1, "name": "HSI Short", "outflow (M)": 35.79}, {"rank": 2, "name": "0700 Short", "outflow (M)": 6.95}, {"rank": 3, "name": "3690 Short", "outflow (M)": 5.1}, {"rank": 4, "name": "0388 Short", "outflow (M)": 2.8}, {"rank": 5, "name": "1211 Long", "outflow (M)": 1.94}, {"rank": 6, "name": "3968 Short", "outflow (M)": 1.29}, {"rank": 7, "name": "9961 Short", "outflow (M)": 1.01}, {"rank": 8, "name": "2318 Short", "outflow (M)": 0.88}, {"rank": 9, "name": "0981 Long", "outflow (M)": 0.73}, {"rank": 10, "name": "1299 Short", "outflow (M)": 0.65}, {"rank": 11, "name": "0992 Long", "outflow (M)": 0.61}, {"rank": 12, "name": "0175 Long", "outflow (M)": 0.52}, {"rank": 13, "name": "9999 Short", "outflow (M)": 0.46}, {"rank": 14, "name": "2333 Long", "outflow (M)": 0.39}, {"rank": 15, "name": "HSTECH Long", "outflow (M)": 0.37}, {"rank": 16, "name": "9618 Long", "outflow (M)": 0.36}, {"rank": 17, "name": "1801 Long", "outflow (M)": 0.36}, {"rank": 18, "name": "0941 Short", "outflow (M)": 0.34}, {"rank": 19, "name": "2269 Short", "outflow (M)": 0.33}, {"rank": 20, "name": "0005 Short", "outflow (M)": 0.3}], "stats": {"hsi long pos": "+0.94M", "hsi short pos:": "-35.79M", "stocks long pos": "+54.83M", "stocks short pos": "-8.80M"}}