{"top20inflow_1d": [{"rank": 1, "name": "HSI Long", "inflow (M)": 91.7}, {"rank": 2, "name": "9988 Short", "inflow (M)": 67.4}, {"rank": 3, "name": "9988 Long", "inflow (M)": 55.54}, {"rank": 4, "name": "0700 Long", "inflow (M)": 10.87}, {"rank": 5, "name": "0388 Long", "inflow (M)": 6.32}, {"rank": 6, "name": "3690 Long", "inflow (M)": 5.33}, {"rank": 7, "name": "9888 Long", "inflow (M)": 1.82}, {"rank": 8, "name": "2318 Long", "inflow (M)": 1.58}, {"rank": 9, "name": "3690 Short", "inflow (M)": 1.19}, {"rank": 10, "name": "0883 Long", "inflow (M)": 1.0}, {"rank": 11, "name": "HSTECH Long", "inflow (M)": 0.99}, {"rank": 12, "name": "0941 Long", "inflow (M)": 0.93}, {"rank": 13, "name": "1810 Short", "inflow (M)": 0.92}, {"rank": 14, "name": "9868 Long", "inflow (M)": 0.78}, {"rank": 15, "name": "2015 Long", "inflow (M)": 0.77}, {"rank": 16, "name": "2800 Long", "inflow (M)": 0.76}, {"rank": 17, "name": "0981 Long", "inflow (M)": 0.65}, {"rank": 18, "name": "0992 Short", "inflow (M)": 0.63}, {"rank": 19, "name": "9618 Short", "inflow (M)": 0.62}, {"rank": 20, "name": "3968 Long", "inflow (M)": 0.61}], "top20outflow_1d": [{"rank": 1, "name": "HSI Short", "outflow (M)": 59.45}, {"rank": 2, "name": "0700 Short", "outflow (M)": 5.26}, {"rank": 3, "name": "0354 Long", "outflow (M)": 3.06}, {"rank": 4, "name": "0388 Short", "outflow (M)": 2.4}, {"rank": 5, "name": "1024 Short", "outflow (M)": 1.63}, {"rank": 6, "name": "9999 Long", "outflow (M)": 1.51}, {"rank": 7, "name": "SPX Long", "outflow (M)": 0.74}, {"rank": 8, "name": "1211 Short", "outflow (M)": 0.48}, {"rank": 9, "name": "2269 Short", "outflow (M)": 0.45}, {"rank": 10, "name": "2269 Long", "outflow (M)": 0.42}, {"rank": 11, "name": "3323 Long", "outflow (M)": 0.4}, {"rank": 12, "name": "2318 Short", "outflow (M)": 0.39}, {"rank": 13, "name": "NDX Long", "outflow (M)": 0.39}, {"rank": 14, "name": "2331 Long", "outflow (M)": 0.36}, {"rank": 15, "name": "2382 Short", "outflow (M)": 0.34}, {"rank": 16, "name": "1810 Long", "outflow (M)": 0.3}, {"rank": 17, "name": "2015 Short", "outflow (M)": 0.24}, {"rank": 18, "name": "6862 Long", "outflow (M)": 0.24}, {"rank": 19, "name": "HSTECH Short", "outflow (M)": 0.23}, {"rank": 20, "name": "N225 Long", "outflow (M)": 0.2}], "stats": {"hsi long pos": "+91.70M", "hsi short pos:": "-59.45M", "stocks long pos": "+84.95M", "stocks short pos": "+59.58M"}}