{"top20inflow_20d": [{"rank": 1, "name": "HSI Short", "inflow (M)": 123.21}, {"rank": 2, "name": "1299 Long", "inflow (M)": 69.87}, {"rank": 3, "name": "9988 Long", "inflow (M)": 51.93}, {"rank": 4, "name": "0700 Short", "inflow (M)": 42.1}, {"rank": 5, "name": "0388 Long", "inflow (M)": 26.97}, {"rank": 6, "name": "3690 Short", "inflow (M)": 25.58}, {"rank": 7, "name": "2269 Long", "inflow (M)": 14.73}, {"rank": 8, "name": "1810 Long", "inflow (M)": 12.85}, {"rank": 9, "name": "NDX Long", "inflow (M)": 12.62}, {"rank": 10, "name": "2015 Long", "inflow (M)": 12.09}, {"rank": 11, "name": "2318 Long", "inflow (M)": 10.87}, {"rank": 12, "name": "1810 Short", "inflow (M)": 8.66}, {"rank": 13, "name": "0941 Long", "inflow (M)": 8.13}, {"rank": 14, "name": "9618 Short", "inflow (M)": 7.43}, {"rank": 15, "name": "2382 Long", "inflow (M)": 7.37}, {"rank": 16, "name": "JPYD Long", "inflow (M)": 7.21}, {"rank": 17, "name": "1024 Long", "inflow (M)": 6.35}, {"rank": 18, "name": "0981 Long", "inflow (M)": 5.67}, {"rank": 19, "name": "9868 Long", "inflow (M)": 5.49}, {"rank": 20, "name": "0788 Long", "inflow (M)": 5.1}], "top20outflow_20d": [{"rank": 1, "name": "3690 Long", "outflow (M)": 91.74}, {"rank": 2, "name": "HSI Long", "outflow (M)": 40.67}, {"rank": 3, "name": "0005 Long", "outflow (M)": 13.95}, {"rank": 4, "name": "2015 Short", "outflow (M)": 13.44}, {"rank": 5, "name": "0700 Long", "outflow (M)": 10.54}, {"rank": 6, "name": "9618 Long", "outflow (M)": 6.6}, {"rank": 7, "name": "3968 Long", "outflow (M)": 5.42}, {"rank": 8, "name": "1109 Long", "outflow (M)": 4.85}, {"rank": 9, "name": "9988 Short", "outflow (M)": 4.81}, {"rank": 10, "name": "2840 Long", "outflow (M)": 4.37}, {"rank": 11, "name": "0388 Short", "outflow (M)": 4.23}, {"rank": 12, "name": "1299 Short", "outflow (M)": 3.18}, {"rank": 13, "name": "3988 Long", "outflow (M)": 2.32}, {"rank": 14, "name": "2269 Short", "outflow (M)": 2.25}, {"rank": 15, "name": "9961 Short", "outflow (M)": 1.96}, {"rank": 16, "name": "0386 Long", "outflow (M)": 1.88}, {"rank": 17, "name": "0883 Long", "outflow (M)": 1.82}, {"rank": 18, "name": "2822 Long", "outflow (M)": 1.81}, {"rank": 19, "name": "1357 Long", "outflow (M)": 1.81}, {"rank": 20, "name": "0027 Short", "outflow (M)": 1.67}], "stats": {"hsi long pos": "+22.90M", "hsi short pos:": "+75.40M", "stocks long pos": "+134.28M", "stocks short pos": "+59.45M"}}