{"top20inflow_10d": [{"rank": 1, "name": "HSI Long", "inflow (M)": 299.69}, {"rank": 2, "name": "3690 Long", "inflow (M)": 34.05}, {"rank": 3, "name": "0700 Long", "inflow (M)": 33.9}, {"rank": 4, "name": "9988 Long", "inflow (M)": 23.09}, {"rank": 5, "name": "1211 Short", "inflow (M)": 16.08}, {"rank": 6, "name": "0388 Long", "inflow (M)": 14.41}, {"rank": 7, "name": "1810 Long", "inflow (M)": 10.95}, {"rank": 8, "name": "0005 Long", "inflow (M)": 6.88}, {"rank": 9, "name": "1024 Long", "inflow (M)": 6.87}, {"rank": 10, "name": "2015 Short", "inflow (M)": 6.53}, {"rank": 11, "name": "2318 Long", "inflow (M)": 6.25}, {"rank": 12, "name": "9618 Long", "inflow (M)": 6.17}, {"rank": 13, "name": "9888 Long", "inflow (M)": 5.33}, {"rank": 14, "name": "HSTECH Long", "inflow (M)": 5.23}, {"rank": 15, "name": "0981 Long", "inflow (M)": 4.47}, {"rank": 16, "name": "2382 Long", "inflow (M)": 4.41}, {"rank": 17, "name": "JPYD Long", "inflow (M)": 4.41}, {"rank": 18, "name": "1299 Long", "inflow (M)": 4.32}, {"rank": 19, "name": "DJI Short", "inflow (M)": 4.04}, {"rank": 20, "name": "9868 Long", "inflow (M)": 3.57}], "top20outflow_10d": [{"rank": 1, "name": "HSI Short", "outflow (M)": 164.67}, {"rank": 2, "name": "9999 Short", "outflow (M)": 8.03}, {"rank": 3, "name": "3690 Short", "outflow (M)": 7.4}, {"rank": 4, "name": "9618 Short", "outflow (M)": 6.51}, {"rank": 5, "name": "1810 Short", "outflow (M)": 6.15}, {"rank": 6, "name": "9988 Short", "outflow (M)": 4.19}, {"rank": 7, "name": "0700 Short", "outflow (M)": 3.91}, {"rank": 8, "name": "1024 Short", "outflow (M)": 2.98}, {"rank": 9, "name": "2382 Short", "outflow (M)": 2.56}, {"rank": 10, "name": "0902 Long", "outflow (M)": 1.77}, {"rank": 11, "name": "9999 Long", "outflow (M)": 1.43}, {"rank": 12, "name": "2319 Long", "outflow (M)": 0.95}, {"rank": 13, "name": "1171 Long", "outflow (M)": 0.69}, {"rank": 14, "name": "0005 Short", "outflow (M)": 0.68}, {"rank": 15, "name": "0941 Long", "outflow (M)": 0.65}, {"rank": 16, "name": "0762 Long", "outflow (M)": 0.56}, {"rank": 17, "name": "JPYD= Short", "outflow (M)": 0.54}, {"rank": 18, "name": "1801 Long", "outflow (M)": 0.5}, {"rank": 19, "name": "2018 Short", "outflow (M)": 0.45}, {"rank": 20, "name": "2899 Long", "outflow (M)": 0.43}], "stats": {"hsi long pos": "+325.01M", "hsi short pos:": "-195.73M", "stocks long pos": "+200.45M", "stocks short pos": "-17.12M"}}