{"top20inflow_20d": [{"rank": 1, "name": "HSI Long", "inflow (M)": 589.49}, {"rank": 2, "name": "9988 Long", "inflow (M)": 111.81}, {"rank": 3, "name": "3690 Long", "inflow (M)": 105.55}, {"rank": 4, "name": "0700 Short", "inflow (M)": 56.49}, {"rank": 5, "name": "2318 Long", "inflow (M)": 39.26}, {"rank": 6, "name": "0388 Long", "inflow (M)": 37.81}, {"rank": 7, "name": "9988 Short", "inflow (M)": 35.19}, {"rank": 8, "name": "1810 Long", "inflow (M)": 28.79}, {"rank": 9, "name": "1211 Long", "inflow (M)": 28.23}, {"rank": 10, "name": "DJI Short", "inflow (M)": 18.13}, {"rank": 11, "name": "NDX Short", "inflow (M)": 12.13}, {"rank": 12, "name": "0175 Long", "inflow (M)": 8.29}, {"rank": 13, "name": "2269 Long", "inflow (M)": 8.2}, {"rank": 14, "name": "1299 Long", "inflow (M)": 7.87}, {"rank": 15, "name": "1810 Short", "inflow (M)": 7.8}, {"rank": 16, "name": "0981 Long", "inflow (M)": 6.9}, {"rank": 17, "name": "9888 Long", "inflow (M)": 6.29}, {"rank": 18, "name": "0027 Long", "inflow (M)": 4.5}, {"rank": 19, "name": "3968 Long", "inflow (M)": 4.43}, {"rank": 20, "name": "1928 Long", "inflow (M)": 3.96}], "top20outflow_20d": [{"rank": 1, "name": "0700 Long", "outflow (M)": 35.32}, {"rank": 2, "name": "0005 Long", "outflow (M)": 9.21}, {"rank": 3, "name": "3690 Short", "outflow (M)": 7.4}, {"rank": 4, "name": "1211 Short", "outflow (M)": 7.16}, {"rank": 5, "name": "0388 Short", "outflow (M)": 5.36}, {"rank": 6, "name": "9618 Long", "outflow (M)": 5.35}, {"rank": 7, "name": "1024 Long", "outflow (M)": 4.48}, {"rank": 8, "name": "HSI Short", "outflow (M)": 4.29}, {"rank": 9, "name": "0981 Short", "outflow (M)": 2.45}, {"rank": 10, "name": "2018 Long", "outflow (M)": 2.02}, {"rank": 11, "name": "9992 Long", "outflow (M)": 1.84}, {"rank": 12, "name": "0902 Long", "outflow (M)": 1.75}, {"rank": 13, "name": "2269 Short", "outflow (M)": 1.5}, {"rank": 14, "name": "0669 Long", "outflow (M)": 1.28}, {"rank": 15, "name": "0135 Long", "outflow (M)": 1.17}, {"rank": 16, "name": "1177 Long", "outflow (M)": 1.06}, {"rank": 17, "name": "2382 Long", "outflow (M)": 0.94}, {"rank": 18, "name": "0941 Short", "outflow (M)": 0.92}, {"rank": 19, "name": "9866 Short", "outflow (M)": 0.78}, {"rank": 20, "name": "DJI Long", "outflow (M)": 0.77}], "stats": {"hsi long pos": "+589.49M", "hsi short pos:": "-4.29M", "stocks long pos": "+391.79M", "stocks short pos": "+85.87M"}}