{"top20inflow_10d": [{"rank": 1, "name": "HSI Long", "inflow (M)": 33.33}, {"rank": 2, "name": "0388 Long", "inflow (M)": 32.82}, {"rank": 3, "name": "HSI Short", "inflow (M)": 27.1}, {"rank": 4, "name": "1299 Long", "inflow (M)": 26.06}, {"rank": 5, "name": "9988 Long", "inflow (M)": 22.17}, {"rank": 6, "name": "3690 Short", "inflow (M)": 18.72}, {"rank": 7, "name": "0700 Short", "inflow (M)": 18.08}, {"rank": 8, "name": "1810 Long", "inflow (M)": 10.98}, {"rank": 9, "name": "1211 Long", "inflow (M)": 10.74}, {"rank": 10, "name": "2318 Long", "inflow (M)": 7.81}, {"rank": 11, "name": "0981 Long", "inflow (M)": 5.3}, {"rank": 12, "name": "1810 Short", "inflow (M)": 5.26}, {"rank": 13, "name": "3993 Long", "inflow (M)": 4.9}, {"rank": 14, "name": "9888 Long", "inflow (M)": 4.52}, {"rank": 15, "name": "2382 Long", "inflow (M)": 3.94}, {"rank": 16, "name": "2015 Long", "inflow (M)": 3.28}, {"rank": 17, "name": "9961 Short", "inflow (M)": 3.14}, {"rank": 18, "name": "2883 Long", "inflow (M)": 3.06}, {"rank": 19, "name": "DJI Short", "inflow (M)": 3.01}, {"rank": 20, "name": "9868 Long", "inflow (M)": 2.67}], "top20outflow_10d": [{"rank": 1, "name": "3690 Long", "outflow (M)": 34.1}, {"rank": 2, "name": "0941 Long", "outflow (M)": 11.99}, {"rank": 3, "name": "0005 Long", "outflow (M)": 6.79}, {"rank": 4, "name": "1211 Short", "outflow (M)": 5.11}, {"rank": 5, "name": "0700 Long", "outflow (M)": 4.64}, {"rank": 6, "name": "0388 Short", "outflow (M)": 4.36}, {"rank": 7, "name": "9618 Short", "outflow (M)": 3.62}, {"rank": 8, "name": "0175 Long", "outflow (M)": 3.59}, {"rank": 9, "name": "0358 Long", "outflow (M)": 3.22}, {"rank": 10, "name": "0939 Long", "outflow (M)": 2.67}, {"rank": 11, "name": "9868 Short", "outflow (M)": 2.42}, {"rank": 12, "name": "1024 Short", "outflow (M)": 2.15}, {"rank": 13, "name": "3968 Long", "outflow (M)": 1.83}, {"rank": 14, "name": "2382 Short", "outflow (M)": 1.83}, {"rank": 15, "name": "9988 Short", "outflow (M)": 1.71}, {"rank": 16, "name": "9618 Long", "outflow (M)": 1.68}, {"rank": 17, "name": "1357 Long", "outflow (M)": 1.53}, {"rank": 18, "name": "2018 Long", "outflow (M)": 1.5}, {"rank": 19, "name": "JPYD= Long", "outflow (M)": 1.26}, {"rank": 20, "name": "2600 Long", "outflow (M)": 1.22}], "stats": {"hsi long pos": "+33.33M", "hsi short pos:": "+27.10M", "stocks long pos": "+83.10M", "stocks short pos": "+29.44M"}}