{"top20inflow_5d": [{"rank": 1, "name": "HSI Long", "inflow (M)": 130.53}, {"rank": 2, "name": "1299 Long", "inflow (M)": 36.51}, {"rank": 3, "name": "0700 Long", "inflow (M)": 18.78}, {"rank": 4, "name": "0388 Long", "inflow (M)": 11.8}, {"rank": 5, "name": "9988 Long", "inflow (M)": 7.01}, {"rank": 6, "name": "2318 Long", "inflow (M)": 5.6}, {"rank": 7, "name": "2015 Long", "inflow (M)": 5.59}, {"rank": 8, "name": "2382 Long", "inflow (M)": 4.99}, {"rank": 9, "name": "0941 Long", "inflow (M)": 4.9}, {"rank": 10, "name": "0268 Long", "inflow (M)": 4.11}, {"rank": 11, "name": "1109 Long", "inflow (M)": 4.1}, {"rank": 12, "name": "1024 Long", "inflow (M)": 4.03}, {"rank": 13, "name": "1810 Long", "inflow (M)": 3.76}, {"rank": 14, "name": "3690 Long", "inflow (M)": 2.68}, {"rank": 15, "name": "9868 Long", "inflow (M)": 2.41}, {"rank": 16, "name": "2899 Long", "inflow (M)": 2.32}, {"rank": 17, "name": "JPYD Long", "inflow (M)": 2.25}, {"rank": 18, "name": "2269 Long", "inflow (M)": 2.19}, {"rank": 19, "name": "SPX Short", "inflow (M)": 2.18}, {"rank": 20, "name": "0823 Long", "inflow (M)": 1.96}], "top20outflow_5d": [{"rank": 1, "name": "HSI Short", "outflow (M)": 50.07}, {"rank": 2, "name": "0005 Long", "outflow (M)": 10.37}, {"rank": 3, "name": "0388 Short", "outflow (M)": 4.92}, {"rank": 4, "name": "0883 Long", "outflow (M)": 3.87}, {"rank": 5, "name": "9618 Long", "outflow (M)": 2.82}, {"rank": 6, "name": "9618 Short", "outflow (M)": 2.13}, {"rank": 7, "name": "2015 Short", "outflow (M)": 2.09}, {"rank": 8, "name": "9999 Long", "outflow (M)": 1.92}, {"rank": 9, "name": "2840 Long", "outflow (M)": 1.7}, {"rank": 10, "name": "3690 Short", "outflow (M)": 1.59}, {"rank": 11, "name": "N225 Long", "outflow (M)": 1.33}, {"rank": 12, "name": "1299 Short", "outflow (M)": 1.32}, {"rank": 13, "name": "3888 Long", "outflow (M)": 1.12}, {"rank": 14, "name": "0763 Long", "outflow (M)": 1.11}, {"rank": 15, "name": "1211 Long", "outflow (M)": 1.09}, {"rank": 16, "name": "NDX Long", "outflow (M)": 1.0}, {"rank": 17, "name": "9698 Long", "outflow (M)": 0.97}, {"rank": 18, "name": "9988 Short", "outflow (M)": 0.96}, {"rank": 19, "name": "2380 Long", "outflow (M)": 0.95}, {"rank": 20, "name": "2269 Short", "outflow (M)": 0.94}], "stats": {"hsi long pos": "+83.62M", "hsi short pos:": "-23.63M", "stocks long pos": "+102.55M", "stocks short pos": "+1.07M"}}