{"top20inflow_5d": [{"rank": 1, "name": "HSI Long", "inflow (M)": 581.96}, {"rank": 2, "name": "3690 Long", "inflow (M)": 86.52}, {"rank": 3, "name": "0388 Long", "inflow (M)": 36.81}, {"rank": 4, "name": "0700 Long", "inflow (M)": 34.34}, {"rank": 5, "name": "9988 Long", "inflow (M)": 25.03}, {"rank": 6, "name": "1211 Long", "inflow (M)": 15.97}, {"rank": 7, "name": "1299 Long", "inflow (M)": 10.53}, {"rank": 8, "name": "2269 Long", "inflow (M)": 6.8}, {"rank": 9, "name": "2318 Long", "inflow (M)": 6.54}, {"rank": 10, "name": "DJI Short", "inflow (M)": 5.67}, {"rank": 11, "name": "0388 Short", "inflow (M)": 3.62}, {"rank": 12, "name": "HSTECH Long", "inflow (M)": 3.17}, {"rank": 13, "name": "9999 Short", "inflow (M)": 3.1}, {"rank": 14, "name": "0175 Long", "inflow (M)": 2.81}, {"rank": 15, "name": "0005 Long", "inflow (M)": 1.8}, {"rank": 16, "name": "0027 Long", "inflow (M)": 1.79}, {"rank": 17, "name": "0700 Short", "inflow (M)": 1.71}, {"rank": 18, "name": "0753 Long", "inflow (M)": 1.69}, {"rank": 19, "name": "3968 Long", "inflow (M)": 1.61}, {"rank": 20, "name": "0005 Short", "inflow (M)": 1.39}], "top20outflow_5d": [{"rank": 1, "name": "HSI Short", "outflow (M)": 174.21}, {"rank": 2, "name": "9988 Short", "outflow (M)": 29.2}, {"rank": 3, "name": "3690 Short", "outflow (M)": 20.05}, {"rank": 4, "name": "1211 Short", "outflow (M)": 10.75}, {"rank": 5, "name": "1810 Long", "outflow (M)": 7.91}, {"rank": 6, "name": "0981 Long", "outflow (M)": 5.06}, {"rank": 7, "name": "2018 Long", "outflow (M)": 3.51}, {"rank": 8, "name": "1299 Short", "outflow (M)": 3.28}, {"rank": 9, "name": "1810 Short", "outflow (M)": 3.27}, {"rank": 10, "name": "2382 Short", "outflow (M)": 2.46}, {"rank": 11, "name": "9888 Long", "outflow (M)": 2.39}, {"rank": 12, "name": "2318 Short", "outflow (M)": 2.09}, {"rank": 13, "name": "0883 Long", "outflow (M)": 2.05}, {"rank": 14, "name": "9618 Short", "outflow (M)": 1.62}, {"rank": 15, "name": "1093 Long", "outflow (M)": 1.19}, {"rank": 16, "name": "0941 Long", "outflow (M)": 1.08}, {"rank": 17, "name": "0902 Long", "outflow (M)": 1.04}, {"rank": 18, "name": "HSTECH Short", "outflow (M)": 1.04}, {"rank": 19, "name": "1024 Short", "outflow (M)": 0.96}, {"rank": 20, "name": "3988 Short", "outflow (M)": 0.92}], "stats": {"hsi long pos": "+581.96M", "hsi short pos:": "-174.21M", "stocks long pos": "+223.10M", "stocks short pos": "-65.71M"}}