{"top20inflow_10d": [{"rank": 1, "name": "HSI Short", "inflow (M)": 54.2}, {"rank": 2, "name": "HSI Long", "inflow (M)": 34.65}, {"rank": 3, "name": "3690 Long", "inflow (M)": 30.2}, {"rank": 4, "name": "3690 Short", "inflow (M)": 10.05}, {"rank": 5, "name": "9988 Long", "inflow (M)": 9.26}, {"rank": 6, "name": "2318 Long", "inflow (M)": 8.06}, {"rank": 7, "name": "DJI Short", "inflow (M)": 7.41}, {"rank": 8, "name": "0941 Long", "inflow (M)": 6.77}, {"rank": 9, "name": "1211 Long", "inflow (M)": 5.17}, {"rank": 10, "name": "0883 Long", "inflow (M)": 4.18}, {"rank": 11, "name": "HSTECH Long", "inflow (M)": 3.27}, {"rank": 12, "name": "0981 Long", "inflow (M)": 3.2}, {"rank": 13, "name": "3968 Long", "inflow (M)": 2.4}, {"rank": 14, "name": "2269 Long", "inflow (M)": 2.33}, {"rank": 15, "name": "2822 Long", "inflow (M)": 1.95}, {"rank": 16, "name": "9999 Long", "inflow (M)": 1.94}, {"rank": 17, "name": "2331 Long", "inflow (M)": 1.81}, {"rank": 18, "name": "1797 Long", "inflow (M)": 1.6}, {"rank": 19, "name": "NDX Short", "inflow (M)": 1.57}, {"rank": 20, "name": "2840 Long", "inflow (M)": 1.22}], "top20outflow_10d": [{"rank": 1, "name": "0700 Long", "outflow (M)": 16.6}, {"rank": 2, "name": "0388 Short", "outflow (M)": 11.41}, {"rank": 3, "name": "1211 Short", "outflow (M)": 7.87}, {"rank": 4, "name": "0700 Short", "outflow (M)": 4.67}, {"rank": 5, "name": "1299 Long", "outflow (M)": 3.63}, {"rank": 6, "name": "1810 Short", "outflow (M)": 3.34}, {"rank": 7, "name": "0823 Long", "outflow (M)": 2.76}, {"rank": 8, "name": "9999 Short", "outflow (M)": 2.73}, {"rank": 9, "name": "2269 Short", "outflow (M)": 1.87}, {"rank": 10, "name": "1772 Long", "outflow (M)": 1.51}, {"rank": 11, "name": "2318 Short", "outflow (M)": 1.09}, {"rank": 12, "name": "1810 Long", "outflow (M)": 1.06}, {"rank": 13, "name": "1024 Long", "outflow (M)": 0.89}, {"rank": 14, "name": "1093 Long", "outflow (M)": 0.87}, {"rank": 15, "name": "0883 Short", "outflow (M)": 0.85}, {"rank": 16, "name": "9888 Short", "outflow (M)": 0.81}, {"rank": 17, "name": "HSTECH Short", "outflow (M)": 0.72}, {"rank": 18, "name": "0857 Short", "outflow (M)": 0.69}, {"rank": 19, "name": "3968 Short", "outflow (M)": 0.56}, {"rank": 20, "name": "0669 Long", "outflow (M)": 0.52}], "stats": {"hsi long pos": "+34.65M", "hsi short pos:": "+54.20M", "stocks long pos": "+63.56M", "stocks short pos": "-22.33M"}}