{"top20inflow_10d": [{"rank": 1, "name": "HSI Long", "inflow (M)": 120.6}, {"rank": 2, "name": "HSI Short", "inflow (M)": 34.95}, {"rank": 3, "name": "3690 Long", "inflow (M)": 26.32}, {"rank": 4, "name": "1211 Long", "inflow (M)": 19.62}, {"rank": 5, "name": "2269 Long", "inflow (M)": 17.04}, {"rank": 6, "name": "3968 Long", "inflow (M)": 14.34}, {"rank": 7, "name": "2269 Short", "inflow (M)": 13.65}, {"rank": 8, "name": "9988 Short", "inflow (M)": 13.0}, {"rank": 9, "name": "0883 Long", "inflow (M)": 11.87}, {"rank": 10, "name": "0388 Long", "inflow (M)": 10.18}, {"rank": 11, "name": "2318 Long", "inflow (M)": 10.14}, {"rank": 12, "name": "1810 Long", "inflow (M)": 7.27}, {"rank": 13, "name": "SPX Short", "inflow (M)": 6.32}, {"rank": 14, "name": "0981 Long", "inflow (M)": 6.03}, {"rank": 15, "name": "0992 Long", "inflow (M)": 5.57}, {"rank": 16, "name": "JPYD Long", "inflow (M)": 4.91}, {"rank": 17, "name": "9988 Long", "inflow (M)": 4.53}, {"rank": 18, "name": "9999 Short", "inflow (M)": 4.31}, {"rank": 19, "name": "0005 Short", "inflow (M)": 3.75}, {"rank": 20, "name": "HSTECH Long", "inflow (M)": 3.64}], "top20outflow_10d": [{"rank": 1, "name": "1211 Short", "outflow (M)": 40.55}, {"rank": 2, "name": "0700 Short", "outflow (M)": 11.34}, {"rank": 3, "name": "0005 Long", "outflow (M)": 4.84}, {"rank": 4, "name": "9888 Long", "outflow (M)": 3.77}, {"rank": 5, "name": "0992 Short", "outflow (M)": 2.31}, {"rank": 6, "name": "0941 Long", "outflow (M)": 2.25}, {"rank": 7, "name": "0700 Long", "outflow (M)": 2.23}, {"rank": 8, "name": "0981 Short", "outflow (M)": 1.91}, {"rank": 9, "name": "2382 Short", "outflow (M)": 1.66}, {"rank": 10, "name": "2331 Long", "outflow (M)": 1.17}, {"rank": 11, "name": "0027 Long", "outflow (M)": 1.16}, {"rank": 12, "name": "9888 Short", "outflow (M)": 0.97}, {"rank": 13, "name": "1299 Long", "outflow (M)": 0.91}, {"rank": 14, "name": "0941 Short", "outflow (M)": 0.72}, {"rank": 15, "name": "1299 Short", "outflow (M)": 0.71}, {"rank": 16, "name": "2018 Short", "outflow (M)": 0.7}, {"rank": 17, "name": "0788 Long", "outflow (M)": 0.49}, {"rank": 18, "name": "1658 Long", "outflow (M)": 0.42}, {"rank": 19, "name": "0688 Long", "outflow (M)": 0.32}, {"rank": 20, "name": "1766 Long", "outflow (M)": 0.29}], "stats": {"hsi long pos": "+116.98M", "hsi short pos:": "+32.12M", "stocks long pos": "+152.01M", "stocks short pos": "-6.39M"}}