{"top20inflow_1d": [{"rank": 1, "name": "HSI Long", "inflow (M)": 45.9}, {"rank": 2, "name": "0700 Long", "inflow (M)": 12.04}, {"rank": 3, "name": "9988 Long", "inflow (M)": 6.89}, {"rank": 4, "name": "1299 Long", "inflow (M)": 6.03}, {"rank": 5, "name": "3690 Long", "inflow (M)": 3.93}, {"rank": 6, "name": "HSI Short", "inflow (M)": 2.04}, {"rank": 7, "name": "2883 Long", "inflow (M)": 2.03}, {"rank": 8, "name": "0857 Long", "inflow (M)": 1.68}, {"rank": 9, "name": "2318 Long", "inflow (M)": 1.63}, {"rank": 10, "name": "0388 Long", "inflow (M)": 1.22}, {"rank": 11, "name": "1211 Long", "inflow (M)": 1.15}, {"rank": 12, "name": "1299 Short", "inflow (M)": 1.11}, {"rank": 13, "name": "9999 Long", "inflow (M)": 1.07}, {"rank": 14, "name": "N225 Short", "inflow (M)": 0.9}, {"rank": 15, "name": "1928 Long", "inflow (M)": 0.8}, {"rank": 16, "name": "3968 Short", "inflow (M)": 0.79}, {"rank": 17, "name": "NDX Long", "inflow (M)": 0.78}, {"rank": 18, "name": "0011 Long", "inflow (M)": 0.75}, {"rank": 19, "name": "2899 Long", "inflow (M)": 0.73}, {"rank": 20, "name": "9926 Long", "inflow (M)": 0.66}], "top20outflow_1d": [{"rank": 1, "name": "0700 Short", "outflow (M)": 6.17}, {"rank": 2, "name": "0941 Long", "outflow (M)": 2.94}, {"rank": 3, "name": "2840 Long", "outflow (M)": 2.08}, {"rank": 4, "name": "2318 Short", "outflow (M)": 1.73}, {"rank": 5, "name": "DJI Short", "outflow (M)": 1.7}, {"rank": 6, "name": "1810 Long", "outflow (M)": 1.23}, {"rank": 7, "name": "NDX Short", "outflow (M)": 1.01}, {"rank": 8, "name": "1211 Short", "outflow (M)": 0.69}, {"rank": 9, "name": "0880 Long", "outflow (M)": 0.66}, {"rank": 10, "name": "JPYD= Long", "outflow (M)": 0.66}, {"rank": 11, "name": "0386 Long", "outflow (M)": 0.66}, {"rank": 12, "name": "0005 Long", "outflow (M)": 0.63}, {"rank": 13, "name": "0291 Long", "outflow (M)": 0.42}, {"rank": 14, "name": "0388 Short", "outflow (M)": 0.35}, {"rank": 15, "name": "0992 Short", "outflow (M)": 0.35}, {"rank": 16, "name": "0005 Short", "outflow (M)": 0.35}, {"rank": 17, "name": "1772 Long", "outflow (M)": 0.32}, {"rank": 18, "name": "9868 Short", "outflow (M)": 0.32}, {"rank": 19, "name": "2282 Long", "outflow (M)": 0.28}, {"rank": 20, "name": "3323 Long", "outflow (M)": 0.2}], "stats": {"hsi long pos": "+45.90M", "hsi short pos:": "+2.04M", "stocks long pos": "+41.72M", "stocks short pos": "-8.87M"}}