{"top20inflow_10d": [{"rank": 1, "name": "HSI Long", "inflow (M)": 223.53}, {"rank": 2, "name": "3690 Long", "inflow (M)": 34.02}, {"rank": 3, "name": "1810 Long", "inflow (M)": 17.84}, {"rank": 4, "name": "1211 Short", "inflow (M)": 17.05}, {"rank": 5, "name": "0700 Long", "inflow (M)": 14.57}, {"rank": 6, "name": "9988 Long", "inflow (M)": 12.16}, {"rank": 7, "name": "DJI Short", "inflow (M)": 10.85}, {"rank": 8, "name": "0388 Long", "inflow (M)": 8.51}, {"rank": 9, "name": "1299 Long", "inflow (M)": 6.85}, {"rank": 10, "name": "2318 Long", "inflow (M)": 5.46}, {"rank": 11, "name": "2382 Long", "inflow (M)": 5.4}, {"rank": 12, "name": "9618 Long", "inflow (M)": 4.62}, {"rank": 13, "name": "HSTECH Long", "inflow (M)": 4.32}, {"rank": 14, "name": "1211 Long", "inflow (M)": 3.48}, {"rank": 15, "name": "1024 Long", "inflow (M)": 3.25}, {"rank": 16, "name": "0388 Short", "inflow (M)": 3.05}, {"rank": 17, "name": "JPYD Long", "inflow (M)": 2.88}, {"rank": 18, "name": "0175 Long", "inflow (M)": 2.75}, {"rank": 19, "name": "3690 Short", "inflow (M)": 2.46}, {"rank": 20, "name": "9868 Long", "inflow (M)": 2.39}], "top20outflow_10d": [{"rank": 1, "name": "9999 Short", "outflow (M)": 18.85}, {"rank": 2, "name": "HSI Short", "outflow (M)": 11.68}, {"rank": 3, "name": "9988 Short", "outflow (M)": 8.63}, {"rank": 4, "name": "0700 Short", "outflow (M)": 5.75}, {"rank": 5, "name": "1810 Short", "outflow (M)": 4.15}, {"rank": 6, "name": "9999 Long", "outflow (M)": 3.55}, {"rank": 7, "name": "9618 Short", "outflow (M)": 2.75}, {"rank": 8, "name": "0823 Long", "outflow (M)": 1.67}, {"rank": 9, "name": "2382 Short", "outflow (M)": 1.41}, {"rank": 10, "name": "0902 Long", "outflow (M)": 1.23}, {"rank": 11, "name": "0941 Long", "outflow (M)": 1.12}, {"rank": 12, "name": "0857 Long", "outflow (M)": 0.93}, {"rank": 13, "name": "2899 Long", "outflow (M)": 0.64}, {"rank": 14, "name": "1024 Short", "outflow (M)": 0.59}, {"rank": 15, "name": "1801 Long", "outflow (M)": 0.56}, {"rank": 16, "name": "JPYD= Short", "outflow (M)": 0.56}, {"rank": 17, "name": "2015 Short", "outflow (M)": 0.55}, {"rank": 18, "name": "1171 Long", "outflow (M)": 0.54}, {"rank": 19, "name": "9888 Long", "outflow (M)": 0.49}, {"rank": 20, "name": "1797 Short", "outflow (M)": 0.48}], "stats": {"hsi long pos": "+214.07M", "hsi short pos:": "-11.84M", "stocks long pos": "+140.11M", "stocks short pos": "-9.61M"}}