{"top20inflow_5d": [{"rank": 1, "name": "HSI Short", "inflow (M)": 115.23}, {"rank": 2, "name": "0700 Short", "inflow (M)": 18.63}, {"rank": 3, "name": "9988 Long", "inflow (M)": 16.89}, {"rank": 4, "name": "3690 Short", "inflow (M)": 13.86}, {"rank": 5, "name": "HSI Long", "inflow (M)": 10.22}, {"rank": 6, "name": "2269 Long", "inflow (M)": 8.57}, {"rank": 7, "name": "3690 Long", "inflow (M)": 6.77}, {"rank": 8, "name": "9988 Short", "inflow (M)": 6.15}, {"rank": 9, "name": "0175 Long", "inflow (M)": 3.39}, {"rank": 10, "name": "0388 Long", "inflow (M)": 2.33}, {"rank": 11, "name": "DJI Short", "inflow (M)": 2.2}, {"rank": 12, "name": "NDX Short", "inflow (M)": 2.1}, {"rank": 13, "name": "0981 Long", "inflow (M)": 2.04}, {"rank": 14, "name": "2269 Short", "inflow (M)": 1.78}, {"rank": 15, "name": "0823 Long", "inflow (M)": 1.58}, {"rank": 16, "name": "SPX Short", "inflow (M)": 1.54}, {"rank": 17, "name": "1109 Long", "inflow (M)": 1.47}, {"rank": 18, "name": "3968 Short", "inflow (M)": 1.46}, {"rank": 19, "name": "9618 Long", "inflow (M)": 1.39}, {"rank": 20, "name": "2382 Short", "inflow (M)": 1.37}], "top20outflow_5d": [{"rank": 1, "name": "0700 Long", "outflow (M)": 25.39}, {"rank": 2, "name": "1211 Short", "outflow (M)": 15.98}, {"rank": 3, "name": "1211 Long", "outflow (M)": 4.93}, {"rank": 4, "name": "1299 Long", "outflow (M)": 2.65}, {"rank": 5, "name": "9868 Short", "outflow (M)": 2.39}, {"rank": 6, "name": "0883 Long", "outflow (M)": 1.37}, {"rank": 7, "name": "2318 Short", "outflow (M)": 1.18}, {"rank": 8, "name": "N225 Long", "outflow (M)": 1.1}, {"rank": 9, "name": "1024 Long", "outflow (M)": 0.93}, {"rank": 10, "name": "3968 Long", "outflow (M)": 0.9}, {"rank": 11, "name": "0005 Long", "outflow (M)": 0.89}, {"rank": 12, "name": "0992 Long", "outflow (M)": 0.8}, {"rank": 13, "name": "0005 Short", "outflow (M)": 0.67}, {"rank": 14, "name": "2020 Long", "outflow (M)": 0.66}, {"rank": 15, "name": "0027 Short", "outflow (M)": 0.63}, {"rank": 16, "name": "NDX Long", "outflow (M)": 0.58}, {"rank": 17, "name": "0857 Long", "outflow (M)": 0.45}, {"rank": 18, "name": "2822 Long", "outflow (M)": 0.4}, {"rank": 19, "name": "AAPLO Long", "outflow (M)": 0.36}, {"rank": 20, "name": "HSTECH Short", "outflow (M)": 0.35}], "stats": {"hsi long pos": "+36.54M", "hsi short pos:": "+80.37M", "stocks long pos": "+21.13M", "stocks short pos": "+29.43M"}}