{"top20inflow_20d": [{"rank": 1, "name": "HSI Short", "inflow (M)": 274.94}, {"rank": 2, "name": "1299 Long", "inflow (M)": 68.11}, {"rank": 3, "name": "0700 Short", "inflow (M)": 54.63}, {"rank": 4, "name": "9988 Long", "inflow (M)": 39.43}, {"rank": 5, "name": "0388 Long", "inflow (M)": 36.5}, {"rank": 6, "name": "3690 Short", "inflow (M)": 24.1}, {"rank": 7, "name": "2318 Long", "inflow (M)": 15.76}, {"rank": 8, "name": "1810 Long", "inflow (M)": 15.67}, {"rank": 9, "name": "2269 Long", "inflow (M)": 14.85}, {"rank": 10, "name": "NDX Long", "inflow (M)": 12.65}, {"rank": 11, "name": "2382 Long", "inflow (M)": 9.26}, {"rank": 12, "name": "1024 Long", "inflow (M)": 8.41}, {"rank": 13, "name": "0981 Long", "inflow (M)": 8.12}, {"rank": 14, "name": "1810 Short", "inflow (M)": 8.08}, {"rank": 15, "name": "0941 Long", "inflow (M)": 6.6}, {"rank": 16, "name": "0268 Long", "inflow (M)": 6.44}, {"rank": 17, "name": "DJI Short", "inflow (M)": 6.12}, {"rank": 18, "name": "9868 Long", "inflow (M)": 5.59}, {"rank": 19, "name": "1211 Short", "inflow (M)": 5.52}, {"rank": 20, "name": "2015 Long", "inflow (M)": 5.06}], "top20outflow_20d": [{"rank": 1, "name": "HSI Long", "outflow (M)": 211.12}, {"rank": 2, "name": "3690 Long", "outflow (M)": 71.81}, {"rank": 3, "name": "0700 Long", "outflow (M)": 65.02}, {"rank": 4, "name": "0005 Long", "outflow (M)": 15.13}, {"rank": 5, "name": "1211 Long", "outflow (M)": 7.82}, {"rank": 6, "name": "1109 Long", "outflow (M)": 5.63}, {"rank": 7, "name": "0388 Short", "outflow (M)": 4.74}, {"rank": 8, "name": "2840 Long", "outflow (M)": 4.63}, {"rank": 9, "name": "9618 Long", "outflow (M)": 3.77}, {"rank": 10, "name": "0175 Long", "outflow (M)": 3.75}, {"rank": 11, "name": "2015 Short", "outflow (M)": 2.67}, {"rank": 12, "name": "3968 Long", "outflow (M)": 2.61}, {"rank": 13, "name": "0386 Long", "outflow (M)": 2.5}, {"rank": 14, "name": "1299 Short", "outflow (M)": 2.39}, {"rank": 15, "name": "9868 Short", "outflow (M)": 2.31}, {"rank": 16, "name": "2269 Short", "outflow (M)": 1.95}, {"rank": 17, "name": "2333 Long", "outflow (M)": 1.91}, {"rank": 18, "name": "0857 Long", "outflow (M)": 1.8}, {"rank": 19, "name": "1357 Long", "outflow (M)": 1.74}, {"rank": 20, "name": "9626 Long", "outflow (M)": 1.65}], "stats": {"hsi long pos": "-211.12M", "hsi short pos:": "+274.94M", "stocks long pos": "+95.16M", "stocks short pos": "+97.35M"}}