{"top20inflow_5d": [{"rank": 1, "name": "HSI Long", "inflow (M)": 70.61}, {"rank": 2, "name": "HSI Short", "inflow (M)": 28.84}, {"rank": 3, "name": "1211 Long", "inflow (M)": 15.78}, {"rank": 4, "name": "0388 Long", "inflow (M)": 14.06}, {"rank": 5, "name": "1810 Long", "inflow (M)": 11.23}, {"rank": 6, "name": "2318 Long", "inflow (M)": 7.51}, {"rank": 7, "name": "0700 Short", "inflow (M)": 6.08}, {"rank": 8, "name": "2269 Long", "inflow (M)": 3.87}, {"rank": 9, "name": "1299 Long", "inflow (M)": 3.33}, {"rank": 10, "name": "0981 Long", "inflow (M)": 2.86}, {"rank": 11, "name": "0175 Long", "inflow (M)": 2.85}, {"rank": 12, "name": "9999 Long", "inflow (M)": 2.51}, {"rank": 13, "name": "HSTECH Long", "inflow (M)": 2.38}, {"rank": 14, "name": "1928 Long", "inflow (M)": 1.85}, {"rank": 15, "name": "9868 Short", "inflow (M)": 1.55}, {"rank": 16, "name": "1024 Long", "inflow (M)": 1.46}, {"rank": 17, "name": "3968 Long", "inflow (M)": 1.28}, {"rank": 18, "name": "9626 Long", "inflow (M)": 1.21}, {"rank": 19, "name": "1797 Long", "inflow (M)": 1.13}, {"rank": 20, "name": "1801 Long", "inflow (M)": 1.05}], "top20outflow_5d": [{"rank": 1, "name": "9988 Short", "outflow (M)": 19.06}, {"rank": 2, "name": "9988 Long", "outflow (M)": 17.87}, {"rank": 3, "name": "0700 Long", "outflow (M)": 14.54}, {"rank": 4, "name": "1810 Short", "outflow (M)": 2.99}, {"rank": 5, "name": "2318 Short", "outflow (M)": 2.95}, {"rank": 6, "name": "1299 Short", "outflow (M)": 1.81}, {"rank": 7, "name": "9888 Long", "outflow (M)": 1.54}, {"rank": 8, "name": "9618 Long", "outflow (M)": 1.41}, {"rank": 9, "name": "0005 Long", "outflow (M)": 1.33}, {"rank": 10, "name": "0388 Short", "outflow (M)": 1.24}, {"rank": 11, "name": "9618 Short", "outflow (M)": 1.12}, {"rank": 12, "name": "9868 Long", "outflow (M)": 1.1}, {"rank": 13, "name": "1171 Long", "outflow (M)": 0.81}, {"rank": 14, "name": "2822 Long", "outflow (M)": 0.78}, {"rank": 15, "name": "2020 Short", "outflow (M)": 0.74}, {"rank": 16, "name": "3800 Long", "outflow (M)": 0.54}, {"rank": 17, "name": "2015 Long", "outflow (M)": 0.5}, {"rank": 18, "name": "2269 Short", "outflow (M)": 0.5}, {"rank": 19, "name": "0902 Long", "outflow (M)": 0.48}, {"rank": 20, "name": "0354 Long", "outflow (M)": 0.48}], "stats": {"hsi long pos": "+70.61M", "hsi short pos:": "+28.84M", "stocks long pos": "+39.33M", "stocks short pos": "-20.10M"}}