{"top20inflow_5d": [{"rank": 1, "name": "HSI Short", "inflow (M)": 75.18}, {"rank": 2, "name": "9988 Short", "inflow (M)": 55.8}, {"rank": 3, "name": "9988 Long", "inflow (M)": 54.34}, {"rank": 4, "name": "0700 Short", "inflow (M)": 27.14}, {"rank": 5, "name": "1810 Long", "inflow (M)": 15.55}, {"rank": 6, "name": "1810 Short", "inflow (M)": 5.9}, {"rank": 7, "name": "DJI Short", "inflow (M)": 4.78}, {"rank": 8, "name": "1801 Long", "inflow (M)": 2.17}, {"rank": 9, "name": "1299 Short", "inflow (M)": 1.85}, {"rank": 10, "name": "1024 Short", "inflow (M)": 1.8}, {"rank": 11, "name": "1171 Long", "inflow (M)": 1.51}, {"rank": 12, "name": "0005 Short", "inflow (M)": 1.3}, {"rank": 13, "name": "9618 Short", "inflow (M)": 1.11}, {"rank": 14, "name": "9888 Long", "inflow (M)": 1.08}, {"rank": 15, "name": "SPX Short", "inflow (M)": 1.06}, {"rank": 16, "name": "9626 Long", "inflow (M)": 0.99}, {"rank": 17, "name": "0175 Short", "inflow (M)": 0.98}, {"rank": 18, "name": "1928 Long", "inflow (M)": 0.89}, {"rank": 19, "name": "3800 Long", "inflow (M)": 0.88}, {"rank": 20, "name": "9868 Short", "inflow (M)": 0.74}], "top20outflow_5d": [{"rank": 1, "name": "HSI Long", "outflow (M)": 154.55}, {"rank": 2, "name": "0700 Long", "outflow (M)": 56.53}, {"rank": 3, "name": "3690 Long", "outflow (M)": 12.92}, {"rank": 4, "name": "0388 Long", "outflow (M)": 9.13}, {"rank": 5, "name": "3690 Short", "outflow (M)": 6.83}, {"rank": 6, "name": "9618 Long", "outflow (M)": 5.4}, {"rank": 7, "name": "0005 Long", "outflow (M)": 5.19}, {"rank": 8, "name": "2318 Long", "outflow (M)": 4.68}, {"rank": 9, "name": "0354 Long", "outflow (M)": 3.59}, {"rank": 10, "name": "0941 Long", "outflow (M)": 3.52}, {"rank": 11, "name": "0823 Long", "outflow (M)": 3.19}, {"rank": 12, "name": "0981 Long", "outflow (M)": 2.26}, {"rank": 13, "name": "1299 Long", "outflow (M)": 2.21}, {"rank": 14, "name": "2318 Short", "outflow (M)": 1.95}, {"rank": 15, "name": "1024 Long", "outflow (M)": 1.87}, {"rank": 16, "name": "2020 Short", "outflow (M)": 1.83}, {"rank": 17, "name": "2269 Long", "outflow (M)": 1.81}, {"rank": 18, "name": "0027 Long", "outflow (M)": 1.76}, {"rank": 19, "name": "1211 Short", "outflow (M)": 1.74}, {"rank": 20, "name": "0902 Long", "outflow (M)": 1.59}], "stats": {"hsi long pos": "-154.55M", "hsi short pos:": "+75.18M", "stocks long pos": "-47.76M", "stocks short pos": "+82.36M"}}