{"top20inflow_20d": [{"rank": 1, "name": "HSI Long", "inflow (M)": 365.67}, {"rank": 2, "name": "1299 Long", "inflow (M)": 93.96}, {"rank": 3, "name": "0388 Long", "inflow (M)": 72.26}, {"rank": 4, "name": "9988 Long", "inflow (M)": 58.71}, {"rank": 5, "name": "0700 Short", "inflow (M)": 28.27}, {"rank": 6, "name": "3690 Short", "inflow (M)": 26.39}, {"rank": 7, "name": "2318 Long", "inflow (M)": 26.03}, {"rank": 8, "name": "2382 Long", "inflow (M)": 8.86}, {"rank": 9, "name": "0981 Long", "inflow (M)": 8.81}, {"rank": 10, "name": "2015 Long", "inflow (M)": 8.52}, {"rank": 11, "name": "0268 Long", "inflow (M)": 8.43}, {"rank": 12, "name": "0027 Long", "inflow (M)": 8.31}, {"rank": 13, "name": "1024 Long", "inflow (M)": 7.92}, {"rank": 14, "name": "1211 Long", "inflow (M)": 7.5}, {"rank": 15, "name": "9888 Long", "inflow (M)": 7.46}, {"rank": 16, "name": "0857 Long", "inflow (M)": 7.05}, {"rank": 17, "name": "1810 Short", "inflow (M)": 5.88}, {"rank": 18, "name": "2883 Long", "inflow (M)": 5.25}, {"rank": 19, "name": "9999 Long", "inflow (M)": 4.85}, {"rank": 20, "name": "9868 Long", "inflow (M)": 4.77}], "top20outflow_20d": [{"rank": 1, "name": "HSI Short", "outflow (M)": 79.95}, {"rank": 2, "name": "0700 Long", "outflow (M)": 38.14}, {"rank": 3, "name": "3690 Long", "outflow (M)": 28.35}, {"rank": 4, "name": "0005 Long", "outflow (M)": 11.5}, {"rank": 5, "name": "1211 Short", "outflow (M)": 9.26}, {"rank": 6, "name": "0388 Short", "outflow (M)": 8.96}, {"rank": 7, "name": "0941 Long", "outflow (M)": 7.67}, {"rank": 8, "name": "0175 Long", "outflow (M)": 7.27}, {"rank": 9, "name": "0883 Long", "outflow (M)": 3.75}, {"rank": 10, "name": "9868 Short", "outflow (M)": 3.3}, {"rank": 11, "name": "2015 Short", "outflow (M)": 3.21}, {"rank": 12, "name": "9618 Short", "outflow (M)": 2.99}, {"rank": 13, "name": "2318 Short", "outflow (M)": 2.56}, {"rank": 14, "name": "0358 Long", "outflow (M)": 2.31}, {"rank": 15, "name": "3968 Long", "outflow (M)": 2.22}, {"rank": 16, "name": "1357 Long", "outflow (M)": 1.82}, {"rank": 17, "name": "2269 Short", "outflow (M)": 1.62}, {"rank": 18, "name": "9988 Short", "outflow (M)": 1.49}, {"rank": 19, "name": "0386 Long", "outflow (M)": 1.26}, {"rank": 20, "name": "2333 Long", "outflow (M)": 1.06}], "stats": {"hsi long pos": "+365.67M", "hsi short pos:": "-79.95M", "stocks long pos": "+292.41M", "stocks short pos": "+38.00M"}}