{"top20inflow_1d": [{"rank": 1, "name": "HSI Short", "inflow (M)": 135.15}, {"rank": 2, "name": "0700 Short", "inflow (M)": 12.6}, {"rank": 3, "name": "3690 Short", "inflow (M)": 4.59}, {"rank": 4, "name": "0388 Long", "inflow (M)": 4.54}, {"rank": 5, "name": "9988 Short", "inflow (M)": 3.42}, {"rank": 6, "name": "2020 Short", "inflow (M)": 2.26}, {"rank": 7, "name": "2318 Long", "inflow (M)": 2.0}, {"rank": 8, "name": "1299 Long", "inflow (M)": 1.87}, {"rank": 9, "name": "2382 Long", "inflow (M)": 1.5}, {"rank": 10, "name": "1024 Long", "inflow (M)": 1.5}, {"rank": 11, "name": "9618 Short", "inflow (M)": 1.35}, {"rank": 12, "name": "9618 Long", "inflow (M)": 1.32}, {"rank": 13, "name": "0005 Short", "inflow (M)": 1.27}, {"rank": 14, "name": "2018 Long", "inflow (M)": 1.2}, {"rank": 15, "name": "0268 Long", "inflow (M)": 1.0}, {"rank": 16, "name": "1211 Short", "inflow (M)": 0.94}, {"rank": 17, "name": "0388 Short", "inflow (M)": 0.93}, {"rank": 18, "name": "0981 Long", "inflow (M)": 0.9}, {"rank": 19, "name": "2600 Long", "inflow (M)": 0.86}, {"rank": 20, "name": "0883 Short", "inflow (M)": 0.82}], "top20outflow_1d": [{"rank": 1, "name": "HSI Long", "outflow (M)": 129.6}, {"rank": 2, "name": "0700 Long", "outflow (M)": 27.76}, {"rank": 3, "name": "0941 Long", "outflow (M)": 4.84}, {"rank": 4, "name": "1810 Long", "outflow (M)": 4.34}, {"rank": 5, "name": "3690 Long", "outflow (M)": 3.42}, {"rank": 6, "name": "1211 Long", "outflow (M)": 2.76}, {"rank": 7, "name": "9988 Long", "outflow (M)": 2.57}, {"rank": 8, "name": "0005 Long", "outflow (M)": 1.78}, {"rank": 9, "name": "2840 Long", "outflow (M)": 1.14}, {"rank": 10, "name": "0011 Long", "outflow (M)": 1.05}, {"rank": 11, "name": "2899 Long", "outflow (M)": 1.01}, {"rank": 12, "name": "0291 Long", "outflow (M)": 0.98}, {"rank": 13, "name": "HSTECH Long", "outflow (M)": 0.97}, {"rank": 14, "name": "2333 Long", "outflow (M)": 0.92}, {"rank": 15, "name": "0358 Long", "outflow (M)": 0.74}, {"rank": 16, "name": "9888 Long", "outflow (M)": 0.67}, {"rank": 17, "name": "9961 Long", "outflow (M)": 0.59}, {"rank": 18, "name": "0175 Long", "outflow (M)": 0.59}, {"rank": 19, "name": "3968 Long", "outflow (M)": 0.5}, {"rank": 20, "name": "2015 Long", "outflow (M)": 0.48}], "stats": {"hsi long pos": "-129.60M", "hsi short pos:": "+135.15M", "stocks long pos": "-38.72M", "stocks short pos": "+30.30M"}}