{"top20inflow_5d": [{"rank": 1, "name": "HSI Short", "inflow (M)": 58.19}, {"rank": 2, "name": "0700 Long", "inflow (M)": 58.15}, {"rank": 3, "name": "9999 Short", "inflow (M)": 11.64}, {"rank": 4, "name": "DJI Short", "inflow (M)": 8.03}, {"rank": 5, "name": "1810 Long", "inflow (M)": 7.69}, {"rank": 6, "name": "1211 Short", "inflow (M)": 7.15}, {"rank": 7, "name": "9618 Short", "inflow (M)": 4.29}, {"rank": 8, "name": "0941 Short", "inflow (M)": 4.03}, {"rank": 9, "name": "1024 Long", "inflow (M)": 3.8}, {"rank": 10, "name": "HSI Long", "inflow (M)": 2.68}, {"rank": 11, "name": "JPY Short", "inflow (M)": 2.55}, {"rank": 12, "name": "HSTECH Long", "inflow (M)": 2.44}, {"rank": 13, "name": "NDX Short", "inflow (M)": 2.09}, {"rank": 14, "name": "2319 Long", "inflow (M)": 1.9}, {"rank": 15, "name": "0175 Long", "inflow (M)": 1.77}, {"rank": 16, "name": "3690 Long", "inflow (M)": 1.66}, {"rank": 17, "name": "3690 Short", "inflow (M)": 1.62}, {"rank": 18, "name": "2018 Long", "inflow (M)": 1.59}, {"rank": 19, "name": "1810 Short", "inflow (M)": 1.5}, {"rank": 20, "name": "3988 Short", "inflow (M)": 1.25}], "top20outflow_5d": [{"rank": 1, "name": "9988 Short", "outflow (M)": 12.0}, {"rank": 2, "name": "0700 Short", "outflow (M)": 9.25}, {"rank": 3, "name": "9988 Long", "outflow (M)": 7.53}, {"rank": 4, "name": "0941 Long", "outflow (M)": 5.5}, {"rank": 5, "name": "0388 Long", "outflow (M)": 4.91}, {"rank": 6, "name": "0883 Long", "outflow (M)": 2.31}, {"rank": 7, "name": "0027 Long", "outflow (M)": 1.84}, {"rank": 8, "name": "0823 Long", "outflow (M)": 1.76}, {"rank": 9, "name": "0005 Long", "outflow (M)": 1.64}, {"rank": 10, "name": "0388 Short", "outflow (M)": 1.43}, {"rank": 11, "name": "0992 Long", "outflow (M)": 1.3}, {"rank": 12, "name": "9868 Short", "outflow (M)": 1.11}, {"rank": 13, "name": "9618 Long", "outflow (M)": 1.07}, {"rank": 14, "name": "9866 Long", "outflow (M)": 1.0}, {"rank": 15, "name": "2269 Short", "outflow (M)": 0.89}, {"rank": 16, "name": "2331 Short", "outflow (M)": 0.8}, {"rank": 17, "name": "3968 Long", "outflow (M)": 0.69}, {"rank": 18, "name": "2800 Long", "outflow (M)": 0.52}, {"rank": 19, "name": "2318 Short", "outflow (M)": 0.5}, {"rank": 20, "name": "1772 Long", "outflow (M)": 0.48}], "stats": {"hsi long pos": "+2.68M", "hsi short pos:": "+58.19M", "stocks long pos": "+54.35M", "stocks short pos": "+10.01M"}}