{"top20inflow_10d": [{"rank": 1, "name": "HSI Long", "inflow (M)": 291.08}, {"rank": 2, "name": "0883 Long", "inflow (M)": 42.2}, {"rank": 3, "name": "0700 Long", "inflow (M)": 37.79}, {"rank": 4, "name": "3690 Long", "inflow (M)": 32.64}, {"rank": 5, "name": "9988 Short", "inflow (M)": 16.75}, {"rank": 6, "name": "1211 Long", "inflow (M)": 16.31}, {"rank": 7, "name": "2318 Long", "inflow (M)": 12.73}, {"rank": 8, "name": "3968 Long", "inflow (M)": 12.36}, {"rank": 9, "name": "2269 Long", "inflow (M)": 11.34}, {"rank": 10, "name": "9988 Long", "inflow (M)": 10.53}, {"rank": 11, "name": "2269 Short", "inflow (M)": 10.52}, {"rank": 12, "name": "0388 Long", "inflow (M)": 8.95}, {"rank": 13, "name": "1810 Long", "inflow (M)": 6.59}, {"rank": 14, "name": "JPYD Long", "inflow (M)": 6.31}, {"rank": 15, "name": "0981 Long", "inflow (M)": 5.93}, {"rank": 16, "name": "HSTECH Long", "inflow (M)": 5.72}, {"rank": 17, "name": "NDX Short", "inflow (M)": 5.21}, {"rank": 18, "name": "0992 Long", "inflow (M)": 4.25}, {"rank": 19, "name": "SPX Short", "inflow (M)": 3.63}, {"rank": 20, "name": "1024 Long", "inflow (M)": 3.26}], "top20outflow_10d": [{"rank": 1, "name": "0700 Short", "outflow (M)": 30.87}, {"rank": 2, "name": "HSI Short", "outflow (M)": 15.83}, {"rank": 3, "name": "1211 Short", "outflow (M)": 15.24}, {"rank": 4, "name": "2015 Short", "outflow (M)": 8.61}, {"rank": 5, "name": "9888 Long", "outflow (M)": 4.28}, {"rank": 6, "name": "1810 Short", "outflow (M)": 3.42}, {"rank": 7, "name": "0005 Long", "outflow (M)": 3.3}, {"rank": 8, "name": "0388 Short", "outflow (M)": 2.6}, {"rank": 9, "name": "3988 Short", "outflow (M)": 1.69}, {"rank": 10, "name": "0354 Long", "outflow (M)": 1.53}, {"rank": 11, "name": "0981 Short", "outflow (M)": 1.31}, {"rank": 12, "name": "HSTECH Short", "outflow (M)": 1.3}, {"rank": 13, "name": "0992 Short", "outflow (M)": 1.16}, {"rank": 14, "name": "0941 Long", "outflow (M)": 0.91}, {"rank": 15, "name": "2382 Long", "outflow (M)": 0.54}, {"rank": 16, "name": "2382 Short", "outflow (M)": 0.52}, {"rank": 17, "name": "1658 Long", "outflow (M)": 0.44}, {"rank": 18, "name": "9999 Long", "outflow (M)": 0.37}, {"rank": 19, "name": "1171 Long", "outflow (M)": 0.36}, {"rank": 20, "name": "1766 Long", "outflow (M)": 0.31}], "stats": {"hsi long pos": "+332.04M", "hsi short pos:": "-73.13M", "stocks long pos": "+234.56M", "stocks short pos": "-16.51M"}}