{"top20inflow_5d": [{"rank": 1, "name": "HSI Long", "inflow (M)": 417.02}, {"rank": 2, "name": "0700 Long", "inflow (M)": 49.17}, {"rank": 3, "name": "3690 Long", "inflow (M)": 27.64}, {"rank": 4, "name": "9988 Long", "inflow (M)": 12.63}, {"rank": 5, "name": "0388 Long", "inflow (M)": 12.03}, {"rank": 6, "name": "1299 Long", "inflow (M)": 8.58}, {"rank": 7, "name": "0005 Long", "inflow (M)": 7.19}, {"rank": 8, "name": "HSTECH Long", "inflow (M)": 6.69}, {"rank": 9, "name": "2318 Long", "inflow (M)": 5.13}, {"rank": 10, "name": "1211 Long", "inflow (M)": 5.07}, {"rank": 11, "name": "9888 Long", "inflow (M)": 5.0}, {"rank": 12, "name": "9618 Long", "inflow (M)": 3.9}, {"rank": 13, "name": "JPYD Long", "inflow (M)": 3.68}, {"rank": 14, "name": "1024 Long", "inflow (M)": 2.89}, {"rank": 15, "name": "0981 Long", "inflow (M)": 2.65}, {"rank": 16, "name": "1810 Long", "inflow (M)": 2.38}, {"rank": 17, "name": "2269 Long", "inflow (M)": 2.12}, {"rank": 18, "name": "NDX Short", "inflow (M)": 1.94}, {"rank": 19, "name": "9988 Short", "inflow (M)": 1.78}, {"rank": 20, "name": "0941 Long", "inflow (M)": 1.57}], "top20outflow_5d": [{"rank": 1, "name": "HSI Short", "outflow (M)": 204.3}, {"rank": 2, "name": "0700 Short", "outflow (M)": 17.7}, {"rank": 3, "name": "0388 Short", "outflow (M)": 10.62}, {"rank": 4, "name": "3690 Short", "outflow (M)": 4.74}, {"rank": 5, "name": "1810 Short", "outflow (M)": 4.1}, {"rank": 6, "name": "0354 Long", "outflow (M)": 2.44}, {"rank": 7, "name": "9868 Short", "outflow (M)": 2.24}, {"rank": 8, "name": "2015 Short", "outflow (M)": 2.05}, {"rank": 9, "name": "3988 Short", "outflow (M)": 1.82}, {"rank": 10, "name": "9618 Short", "outflow (M)": 1.71}, {"rank": 11, "name": "HSTECH Short", "outflow (M)": 1.67}, {"rank": 12, "name": "0005 Short", "outflow (M)": 1.52}, {"rank": 13, "name": "1299 Short", "outflow (M)": 1.41}, {"rank": 14, "name": "1024 Short", "outflow (M)": 1.29}, {"rank": 15, "name": "1211 Short", "outflow (M)": 1.23}, {"rank": 16, "name": "DJI Short", "outflow (M)": 1.09}, {"rank": 17, "name": "9999 Short", "outflow (M)": 1.03}, {"rank": 18, "name": "3968 Short", "outflow (M)": 0.87}, {"rank": 19, "name": "2269 Short", "outflow (M)": 0.67}, {"rank": 20, "name": "NDX Long", "outflow (M)": 0.35}], "stats": {"hsi long pos": "+418.25M", "hsi short pos:": "-233.81M", "stocks long pos": "+167.88M", "stocks short pos": "-60.04M"}}