{"top20inflow_1d": [{"rank": 1, "name": "HSI Long", "inflow (M)": 10.67}, {"rank": 2, "name": "0700 Long", "inflow (M)": 4.43}, {"rank": 3, "name": "0388 Long", "inflow (M)": 2.93}, {"rank": 4, "name": "3690 Long", "inflow (M)": 2.46}, {"rank": 5, "name": "1211 Long", "inflow (M)": 1.56}, {"rank": 6, "name": "1299 Long", "inflow (M)": 1.08}, {"rank": 7, "name": "1024 Long", "inflow (M)": 0.95}, {"rank": 8, "name": "1797 Long", "inflow (M)": 0.79}, {"rank": 9, "name": "0941 Long", "inflow (M)": 0.69}, {"rank": 10, "name": "DJI Short", "inflow (M)": 0.65}, {"rank": 11, "name": "HSTECH Long", "inflow (M)": 0.62}, {"rank": 12, "name": "0883 Long", "inflow (M)": 0.61}, {"rank": 13, "name": "2020 Long", "inflow (M)": 0.58}, {"rank": 14, "name": "0005 Long", "inflow (M)": 0.52}, {"rank": 15, "name": "0005 Short", "inflow (M)": 0.41}, {"rank": 16, "name": "JPYD Long", "inflow (M)": 0.38}, {"rank": 17, "name": "1810 Long", "inflow (M)": 0.35}, {"rank": 18, "name": "0788 Long", "inflow (M)": 0.35}, {"rank": 19, "name": "0883 Short", "inflow (M)": 0.34}, {"rank": 20, "name": "2380 Long", "inflow (M)": 0.32}], "top20outflow_1d": [{"rank": 1, "name": "HSI Short", "outflow (M)": 3.15}, {"rank": 2, "name": "0700 Short", "outflow (M)": 2.45}, {"rank": 3, "name": "2382 Short", "outflow (M)": 1.46}, {"rank": 4, "name": "NDX Short", "outflow (M)": 0.83}, {"rank": 5, "name": "9999 Short", "outflow (M)": 0.82}, {"rank": 6, "name": "9988 Long", "outflow (M)": 0.65}, {"rank": 7, "name": "1810 Short", "outflow (M)": 0.64}, {"rank": 8, "name": "9988 Short", "outflow (M)": 0.63}, {"rank": 9, "name": "9888 Long", "outflow (M)": 0.58}, {"rank": 10, "name": "9999 Long", "outflow (M)": 0.51}, {"rank": 11, "name": "9626 Long", "outflow (M)": 0.49}, {"rank": 12, "name": "3690 Short", "outflow (M)": 0.46}, {"rank": 13, "name": "0857 Long", "outflow (M)": 0.45}, {"rank": 14, "name": "0939 Long", "outflow (M)": 0.43}, {"rank": 15, "name": "0823 Long", "outflow (M)": 0.4}, {"rank": 16, "name": "9868 Short", "outflow (M)": 0.38}, {"rank": 17, "name": "1024 Short", "outflow (M)": 0.36}, {"rank": 18, "name": "2018 Short", "outflow (M)": 0.33}, {"rank": 19, "name": "9618 Short", "outflow (M)": 0.31}, {"rank": 20, "name": "2318 Short", "outflow (M)": 0.31}], "stats": {"hsi long pos": "+19.76M", "hsi short pos:": "-0.03M", "stocks long pos": "+22.01M", "stocks short pos": "+2.34M"}}