{"top20inflow_10d": [{"rank": 1, "name": "HSI Short", "inflow (M)": 71.33}, {"rank": 2, "name": "1299 Long", "inflow (M)": 47.4}, {"rank": 3, "name": "9988 Long", "inflow (M)": 31.62}, {"rank": 4, "name": "0941 Long", "inflow (M)": 16.11}, {"rank": 5, "name": "2269 Long", "inflow (M)": 14.45}, {"rank": 6, "name": "0700 Short", "inflow (M)": 13.42}, {"rank": 7, "name": "0388 Long", "inflow (M)": 12.11}, {"rank": 8, "name": "1810 Long", "inflow (M)": 9.0}, {"rank": 9, "name": "1024 Long", "inflow (M)": 6.74}, {"rank": 10, "name": "2318 Long", "inflow (M)": 6.13}, {"rank": 11, "name": "2382 Long", "inflow (M)": 5.77}, {"rank": 12, "name": "1211 Short", "inflow (M)": 5.67}, {"rank": 13, "name": "3690 Short", "inflow (M)": 5.61}, {"rank": 14, "name": "0268 Long", "inflow (M)": 4.43}, {"rank": 15, "name": "0788 Long", "inflow (M)": 4.09}, {"rank": 16, "name": "0981 Long", "inflow (M)": 3.79}, {"rank": 17, "name": "JPYD Long", "inflow (M)": 3.65}, {"rank": 18, "name": "SPX Long", "inflow (M)": 3.61}, {"rank": 19, "name": "9868 Long", "inflow (M)": 3.55}, {"rank": 20, "name": "1810 Short", "inflow (M)": 3.23}], "top20outflow_10d": [{"rank": 1, "name": "3690 Long", "outflow (M)": 29.18}, {"rank": 2, "name": "0005 Long", "outflow (M)": 9.35}, {"rank": 3, "name": "1211 Long", "outflow (M)": 8.65}, {"rank": 4, "name": "9618 Long", "outflow (M)": 6.48}, {"rank": 5, "name": "0700 Long", "outflow (M)": 4.46}, {"rank": 6, "name": "2015 Short", "outflow (M)": 2.95}, {"rank": 7, "name": "2840 Long", "outflow (M)": 2.41}, {"rank": 8, "name": "0388 Short", "outflow (M)": 2.2}, {"rank": 9, "name": "9988 Short", "outflow (M)": 2.13}, {"rank": 10, "name": "0857 Long", "outflow (M)": 2.1}, {"rank": 11, "name": "0883 Long", "outflow (M)": 2.0}, {"rank": 12, "name": "NDX Short", "outflow (M)": 1.82}, {"rank": 13, "name": "1088 Long", "outflow (M)": 1.4}, {"rank": 14, "name": "HSI Long", "outflow (M)": 1.39}, {"rank": 15, "name": "HSTECH Short", "outflow (M)": 1.38}, {"rank": 16, "name": "0386 Long", "outflow (M)": 1.28}, {"rank": 17, "name": "1109 Long", "outflow (M)": 1.27}, {"rank": 18, "name": "9626 Long", "outflow (M)": 1.27}, {"rank": 19, "name": "3968 Long", "outflow (M)": 1.07}, {"rank": 20, "name": "N225 Long", "outflow (M)": 1.02}], "stats": {"hsi long pos": "+163.20M", "hsi short pos:": "-94.07M", "stocks long pos": "+162.10M", "stocks short pos": "+2.96M"}}