{"top20inflow_20d": [{"rank": 1, "name": "HSI Short", "inflow (M)": 386.36}, {"rank": 2, "name": "0700 Long", "inflow (M)": 71.23}, {"rank": 3, "name": "9988 Long", "inflow (M)": 36.93}, {"rank": 4, "name": "9888 Long", "inflow (M)": 18.63}, {"rank": 5, "name": "2269 Long", "inflow (M)": 12.22}, {"rank": 6, "name": "0388 Long", "inflow (M)": 11.34}, {"rank": 7, "name": "0005 Long", "inflow (M)": 10.71}, {"rank": 8, "name": "2015 Short", "inflow (M)": 10.46}, {"rank": 9, "name": "3690 Short", "inflow (M)": 8.89}, {"rank": 10, "name": "0941 Long", "inflow (M)": 7.82}, {"rank": 11, "name": "0981 Long", "inflow (M)": 7.44}, {"rank": 12, "name": "9618 Long", "inflow (M)": 6.88}, {"rank": 13, "name": "2318 Long", "inflow (M)": 6.75}, {"rank": 14, "name": "1810 Long", "inflow (M)": 6.35}, {"rank": 15, "name": "9961 Short", "inflow (M)": 6.31}, {"rank": 16, "name": "DJI Short", "inflow (M)": 6.07}, {"rank": 17, "name": "9999 Long", "inflow (M)": 5.52}, {"rank": 18, "name": "NDX Short", "inflow (M)": 3.67}, {"rank": 19, "name": "0883 Short", "inflow (M)": 3.02}, {"rank": 20, "name": "0005 Short", "inflow (M)": 2.96}], "top20outflow_20d": [{"rank": 1, "name": "HSI Long", "outflow (M)": 101.26}, {"rank": 2, "name": "0883 Long", "outflow (M)": 32.0}, {"rank": 3, "name": "1211 Short", "outflow (M)": 16.69}, {"rank": 4, "name": "0700 Short", "outflow (M)": 7.83}, {"rank": 5, "name": "3968 Long", "outflow (M)": 5.95}, {"rank": 6, "name": "9988 Short", "outflow (M)": 5.59}, {"rank": 7, "name": "0388 Short", "outflow (M)": 4.46}, {"rank": 8, "name": "3690 Long", "outflow (M)": 3.85}, {"rank": 9, "name": "2269 Short", "outflow (M)": 2.9}, {"rank": 10, "name": "1211 Long", "outflow (M)": 2.73}, {"rank": 11, "name": "1398 Long", "outflow (M)": 2.06}, {"rank": 12, "name": "9868 Short", "outflow (M)": 2.06}, {"rank": 13, "name": "0788 Long", "outflow (M)": 1.83}, {"rank": 14, "name": "2015 Long", "outflow (M)": 1.8}, {"rank": 15, "name": "1928 Long", "outflow (M)": 1.56}, {"rank": 16, "name": "0941 Short", "outflow (M)": 1.28}, {"rank": 17, "name": "N225 Long", "outflow (M)": 1.14}, {"rank": 18, "name": "2822 Long", "outflow (M)": 1.03}, {"rank": 19, "name": "0992 Short", "outflow (M)": 1.02}, {"rank": 20, "name": "1801 Long", "outflow (M)": 0.94}], "stats": {"hsi long pos": "-101.26M", "hsi short pos:": "+386.36M", "stocks long pos": "+182.34M", "stocks short pos": "-2.88M"}}