{"top20inflow_20d": [{"rank": 1, "name": "HSI Long", "inflow (M)": 917.73}, {"rank": 2, "name": "3690 Long", "inflow (M)": 133.9}, {"rank": 3, "name": "0388 Long", "inflow (M)": 65.91}, {"rank": 4, "name": "1211 Long", "inflow (M)": 54.07}, {"rank": 5, "name": "9988 Long", "inflow (M)": 34.74}, {"rank": 6, "name": "0700 Long", "inflow (M)": 29.88}, {"rank": 7, "name": "2318 Long", "inflow (M)": 25.6}, {"rank": 8, "name": "DJI Short", "inflow (M)": 12.92}, {"rank": 9, "name": "2269 Long", "inflow (M)": 11.92}, {"rank": 10, "name": "1299 Long", "inflow (M)": 11.85}, {"rank": 11, "name": "HSTECH Long", "inflow (M)": 10.06}, {"rank": 12, "name": "9999 Short", "inflow (M)": 8.49}, {"rank": 13, "name": "0175 Long", "inflow (M)": 6.2}, {"rank": 14, "name": "3968 Long", "inflow (M)": 5.97}, {"rank": 15, "name": "1024 Long", "inflow (M)": 5.1}, {"rank": 16, "name": "0981 Long", "inflow (M)": 5.07}, {"rank": 17, "name": "0941 Long", "inflow (M)": 3.71}, {"rank": 18, "name": "2800 Long", "inflow (M)": 3.46}, {"rank": 19, "name": "0027 Long", "inflow (M)": 3.45}, {"rank": 20, "name": "9999 Long", "inflow (M)": 3.34}], "top20outflow_20d": [{"rank": 1, "name": "HSI Short", "outflow (M)": 189.06}, {"rank": 2, "name": "9988 Short", "outflow (M)": 50.54}, {"rank": 3, "name": "1211 Short", "outflow (M)": 18.86}, {"rank": 4, "name": "1810 Short", "outflow (M)": 18.18}, {"rank": 5, "name": "0700 Short", "outflow (M)": 8.8}, {"rank": 6, "name": "3690 Short", "outflow (M)": 8.56}, {"rank": 7, "name": "0388 Short", "outflow (M)": 8.4}, {"rank": 8, "name": "1299 Short", "outflow (M)": 4.64}, {"rank": 9, "name": "2318 Short", "outflow (M)": 4.54}, {"rank": 10, "name": "9888 Long", "outflow (M)": 3.69}, {"rank": 11, "name": "9618 Long", "outflow (M)": 2.67}, {"rank": 12, "name": "1024 Short", "outflow (M)": 2.23}, {"rank": 13, "name": "1810 Long", "outflow (M)": 2.14}, {"rank": 14, "name": "HSTECH Short", "outflow (M)": 2.05}, {"rank": 15, "name": "1171 Long", "outflow (M)": 1.76}, {"rank": 16, "name": "9618 Short", "outflow (M)": 1.6}, {"rank": 17, "name": "2269 Short", "outflow (M)": 1.52}, {"rank": 18, "name": "0981 Short", "outflow (M)": 1.4}, {"rank": 19, "name": "0857 Long", "outflow (M)": 1.33}, {"rank": 20, "name": "2013 Long", "outflow (M)": 1.32}], "stats": {"hsi long pos": "+917.73M", "hsi short pos:": "-189.06M", "stocks long pos": "+432.22M", "stocks short pos": "-120.03M"}}