{"top20inflow_5d": [{"rank": 1, "name": "0388 Long", "inflow (M)": 27.36}, {"rank": 2, "name": "HSI Long", "inflow (M)": 16.12}, {"rank": 3, "name": "1211 Long", "inflow (M)": 13.84}, {"rank": 4, "name": "3690 Short", "inflow (M)": 13.0}, {"rank": 5, "name": "0700 Short", "inflow (M)": 12.38}, {"rank": 6, "name": "1810 Long", "inflow (M)": 11.16}, {"rank": 7, "name": "1299 Long", "inflow (M)": 8.12}, {"rank": 8, "name": "9999 Long", "inflow (M)": 4.37}, {"rank": 9, "name": "9988 Long", "inflow (M)": 4.0}, {"rank": 10, "name": "1810 Short", "inflow (M)": 3.79}, {"rank": 11, "name": "0941 Long", "inflow (M)": 3.66}, {"rank": 12, "name": "2883 Long", "inflow (M)": 3.63}, {"rank": 13, "name": "2318 Long", "inflow (M)": 3.07}, {"rank": 14, "name": "9868 Long", "inflow (M)": 2.62}, {"rank": 15, "name": "DJI Short", "inflow (M)": 2.18}, {"rank": 16, "name": "0981 Long", "inflow (M)": 2.15}, {"rank": 17, "name": "2319 Long", "inflow (M)": 2.12}, {"rank": 18, "name": "0857 Long", "inflow (M)": 1.94}, {"rank": 19, "name": "2382 Long", "inflow (M)": 1.58}, {"rank": 20, "name": "0883 Short", "inflow (M)": 1.25}], "top20outflow_5d": [{"rank": 1, "name": "HSI Short", "outflow (M)": 36.31}, {"rank": 2, "name": "0700 Long", "outflow (M)": 19.85}, {"rank": 3, "name": "3690 Long", "outflow (M)": 15.35}, {"rank": 4, "name": "1211 Short", "outflow (M)": 8.13}, {"rank": 5, "name": "0388 Short", "outflow (M)": 3.43}, {"rank": 6, "name": "0883 Long", "outflow (M)": 3.18}, {"rank": 7, "name": "0005 Long", "outflow (M)": 3.01}, {"rank": 8, "name": "0981 Short", "outflow (M)": 2.49}, {"rank": 9, "name": "2899 Long", "outflow (M)": 2.48}, {"rank": 10, "name": "0358 Long", "outflow (M)": 2.41}, {"rank": 11, "name": "9868 Short", "outflow (M)": 1.88}, {"rank": 12, "name": "2840 Long", "outflow (M)": 1.64}, {"rank": 13, "name": "1299 Short", "outflow (M)": 1.59}, {"rank": 14, "name": "2382 Short", "outflow (M)": 1.2}, {"rank": 15, "name": "2269 Short", "outflow (M)": 1.08}, {"rank": 16, "name": "9961 Long", "outflow (M)": 0.99}, {"rank": 17, "name": "0939 Long", "outflow (M)": 0.98}, {"rank": 18, "name": "2020 Long", "outflow (M)": 0.79}, {"rank": 19, "name": "1024 Short", "outflow (M)": 0.78}, {"rank": 20, "name": "0696 Long", "outflow (M)": 0.75}], "stats": {"hsi long pos": "+16.12M", "hsi short pos:": "-36.31M", "stocks long pos": "+41.77M", "stocks short pos": "+10.97M"}}