{"top20inflow_10d": [{"rank": 1, "name": "HSI Long", "inflow (M)": 177.37}, {"rank": 2, "name": "9988 Long", "inflow (M)": 41.51}, {"rank": 3, "name": "1299 Long", "inflow (M)": 27.4}, {"rank": 4, "name": "0700 Short", "inflow (M)": 25.88}, {"rank": 5, "name": "0388 Long", "inflow (M)": 23.9}, {"rank": 6, "name": "2318 Long", "inflow (M)": 9.31}, {"rank": 7, "name": "0883 Long", "inflow (M)": 8.28}, {"rank": 8, "name": "0027 Long", "inflow (M)": 8.13}, {"rank": 9, "name": "0857 Long", "inflow (M)": 6.84}, {"rank": 10, "name": "2015 Long", "inflow (M)": 6.33}, {"rank": 11, "name": "3993 Long", "inflow (M)": 5.34}, {"rank": 12, "name": "3690 Short", "inflow (M)": 4.98}, {"rank": 13, "name": "0268 Long", "inflow (M)": 4.91}, {"rank": 14, "name": "1928 Long", "inflow (M)": 4.03}, {"rank": 15, "name": "9888 Long", "inflow (M)": 3.89}, {"rank": 16, "name": "1024 Long", "inflow (M)": 3.29}, {"rank": 17, "name": "1818 Long", "inflow (M)": 3.17}, {"rank": 18, "name": "2331 Long", "inflow (M)": 3.01}, {"rank": 19, "name": "3690 Long", "inflow (M)": 2.71}, {"rank": 20, "name": "9618 Long", "inflow (M)": 2.69}], "top20outflow_10d": [{"rank": 1, "name": "0700 Long", "outflow (M)": 41.95}, {"rank": 2, "name": "HSI Short", "outflow (M)": 10.69}, {"rank": 3, "name": "0941 Long", "outflow (M)": 8.35}, {"rank": 4, "name": "1810 Long", "outflow (M)": 7.84}, {"rank": 5, "name": "3968 Long", "outflow (M)": 6.53}, {"rank": 6, "name": "0175 Long", "outflow (M)": 5.89}, {"rank": 7, "name": "1211 Long", "outflow (M)": 5.03}, {"rank": 8, "name": "NDX Short", "outflow (M)": 4.4}, {"rank": 9, "name": "N225 Short", "outflow (M)": 3.58}, {"rank": 10, "name": "SPX Short", "outflow (M)": 2.61}, {"rank": 11, "name": "0005 Short", "outflow (M)": 1.77}, {"rank": 12, "name": "9868 Short", "outflow (M)": 1.48}, {"rank": 13, "name": "0386 Long", "outflow (M)": 1.47}, {"rank": 14, "name": "1211 Short", "outflow (M)": 1.1}, {"rank": 15, "name": "0883 Short", "outflow (M)": 0.9}, {"rank": 16, "name": "0880 Long", "outflow (M)": 0.86}, {"rank": 17, "name": "1024 Short", "outflow (M)": 0.84}, {"rank": 18, "name": "2318 Short", "outflow (M)": 0.82}, {"rank": 19, "name": "DJI Short", "outflow (M)": 0.8}, {"rank": 20, "name": "2333 Long", "outflow (M)": 0.79}], "stats": {"hsi long pos": "+177.37M", "hsi short pos:": "-10.69M", "stocks long pos": "+119.14M", "stocks short pos": "+30.68M"}}