{"top20inflow_1d": [{"rank": 1, "name": "0700 Long", "inflow (M)": 3.74}, {"rank": 2, "name": "0700 Short", "inflow (M)": 2.32}, {"rank": 3, "name": "1211 Short", "inflow (M)": 1.95}, {"rank": 4, "name": "3690 Short", "inflow (M)": 1.06}, {"rank": 5, "name": "2318 Short", "inflow (M)": 0.66}, {"rank": 6, "name": "1299 Long", "inflow (M)": 0.61}, {"rank": 7, "name": "3800 Long", "inflow (M)": 0.47}, {"rank": 8, "name": "0941 Short", "inflow (M)": 0.46}, {"rank": 9, "name": "1772 Long", "inflow (M)": 0.42}, {"rank": 10, "name": "2318 Long", "inflow (M)": 0.27}, {"rank": 11, "name": "0992 Short", "inflow (M)": 0.24}, {"rank": 12, "name": "0005 Short", "inflow (M)": 0.24}, {"rank": 13, "name": "1357 Long", "inflow (M)": 0.2}, {"rank": 14, "name": "1833 Long", "inflow (M)": 0.16}, {"rank": 15, "name": "1128 Long", "inflow (M)": 0.16}, {"rank": 16, "name": "0388 Short", "inflow (M)": 0.14}, {"rank": 17, "name": "0883 Short", "inflow (M)": 0.13}, {"rank": 18, "name": "0696 Long", "inflow (M)": 0.12}, {"rank": 19, "name": "HSCE Long", "inflow (M)": 0.11}, {"rank": 20, "name": "A5C Long", "inflow (M)": 0.08}], "top20outflow_1d": [{"rank": 1, "name": "1810 Short", "outflow (M)": 1.57}, {"rank": 2, "name": "9868 Short", "outflow (M)": 1.19}, {"rank": 3, "name": "0354 Long", "outflow (M)": 0.94}, {"rank": 4, "name": "2015 Short", "outflow (M)": 0.64}, {"rank": 5, "name": "0388 Short", "outflow (M)": 0.42}, {"rank": 6, "name": "0857 Short", "outflow (M)": 0.37}, {"rank": 7, "name": "1797 Long", "outflow (M)": 0.33}, {"rank": 8, "name": "2331 Short", "outflow (M)": 0.31}, {"rank": 9, "name": "9988 Short", "outflow (M)": 0.3}, {"rank": 10, "name": "2269 Short", "outflow (M)": 0.29}, {"rank": 11, "name": "N225 Short", "outflow (M)": 0.26}, {"rank": 12, "name": "9961 Long", "outflow (M)": 0.25}, {"rank": 13, "name": "9988 Long", "outflow (M)": 0.23}, {"rank": 14, "name": "9618 Short", "outflow (M)": 0.21}, {"rank": 15, "name": "2382 Long", "outflow (M)": 0.21}, {"rank": 16, "name": "NDX Long", "outflow (M)": 0.21}, {"rank": 17, "name": "0008 Long", "outflow (M)": 0.2}, {"rank": 18, "name": "0939 Short", "outflow (M)": 0.17}, {"rank": 19, "name": "0293 Long", "outflow (M)": 0.16}, {"rank": 20, "name": "9618 Long", "outflow (M)": 0.14}], "stats": {"hsi long pos": "+9.16M", "hsi short pos:": "+40.39M", "stocks long pos": "+12.58M", "stocks short pos": "+3.97M"}}