{"top20inflow_10d": [{"rank": 1, "name": "HSI Long", "inflow (M)": 546.19}, {"rank": 2, "name": "0700 Long", "inflow (M)": 61.05}, {"rank": 3, "name": "3690 Long", "inflow (M)": 50.5}, {"rank": 4, "name": "9988 Long", "inflow (M)": 18.41}, {"rank": 5, "name": "0388 Long", "inflow (M)": 16.28}, {"rank": 6, "name": "1299 Long", "inflow (M)": 10.57}, {"rank": 7, "name": "0005 Long", "inflow (M)": 9.54}, {"rank": 8, "name": "2318 Long", "inflow (M)": 8.68}, {"rank": 9, "name": "1211 Short", "inflow (M)": 8.36}, {"rank": 10, "name": "HSTECH Long", "inflow (M)": 8.21}, {"rank": 11, "name": "9618 Long", "inflow (M)": 5.95}, {"rank": 12, "name": "1810 Long", "inflow (M)": 5.92}, {"rank": 13, "name": "JPYD Long", "inflow (M)": 5.12}, {"rank": 14, "name": "9888 Long", "inflow (M)": 4.97}, {"rank": 15, "name": "0981 Long", "inflow (M)": 4.79}, {"rank": 16, "name": "1024 Long", "inflow (M)": 3.72}, {"rank": 17, "name": "NDX Short", "inflow (M)": 3.2}, {"rank": 18, "name": "2382 Long", "inflow (M)": 3.18}, {"rank": 19, "name": "9868 Long", "inflow (M)": 2.91}, {"rank": 20, "name": "0941 Long", "inflow (M)": 2.37}], "top20outflow_10d": [{"rank": 1, "name": "HSI Short", "outflow (M)": 298.57}, {"rank": 2, "name": "0700 Short", "outflow (M)": 24.21}, {"rank": 3, "name": "0388 Short", "outflow (M)": 7.35}, {"rank": 4, "name": "1810 Short", "outflow (M)": 6.88}, {"rank": 5, "name": "9999 Short", "outflow (M)": 5.97}, {"rank": 6, "name": "2015 Short", "outflow (M)": 3.52}, {"rank": 7, "name": "9618 Short", "outflow (M)": 2.47}, {"rank": 8, "name": "NDX Long", "outflow (M)": 2.19}, {"rank": 9, "name": "1024 Short", "outflow (M)": 2.14}, {"rank": 10, "name": "9868 Short", "outflow (M)": 1.83}, {"rank": 11, "name": "3988 Short", "outflow (M)": 1.65}, {"rank": 12, "name": "HSTECH Short", "outflow (M)": 1.41}, {"rank": 13, "name": "2382 Short", "outflow (M)": 1.32}, {"rank": 14, "name": "0005 Short", "outflow (M)": 0.95}, {"rank": 15, "name": "1299 Short", "outflow (M)": 0.92}, {"rank": 16, "name": "3968 Short", "outflow (M)": 0.72}, {"rank": 17, "name": "DJI Short", "outflow (M)": 0.68}, {"rank": 18, "name": "0762 Long", "outflow (M)": 0.43}, {"rank": 19, "name": "0291 Long", "outflow (M)": 0.41}, {"rank": 20, "name": "2269 Short", "outflow (M)": 0.39}], "stats": {"hsi long pos": "+547.41M", "hsi short pos:": "-328.08M", "stocks long pos": "+247.00M", "stocks short pos": "-60.07M"}}