{"top20inflow_5d": [{"rank": 1, "name": "HSI Short", "inflow (M)": 197.3}, {"rank": 2, "name": "0883 Long", "inflow (M)": 41.87}, {"rank": 3, "name": "0700 Short", "inflow (M)": 15.14}, {"rank": 4, "name": "2269 Short", "inflow (M)": 13.16}, {"rank": 5, "name": "3968 Long", "inflow (M)": 10.35}, {"rank": 6, "name": "1211 Long", "inflow (M)": 10.32}, {"rank": 7, "name": "2269 Long", "inflow (M)": 8.02}, {"rank": 8, "name": "9988 Short", "inflow (M)": 6.87}, {"rank": 9, "name": "9868 Short", "inflow (M)": 5.56}, {"rank": 10, "name": "1299 Short", "inflow (M)": 4.82}, {"rank": 11, "name": "2318 Long", "inflow (M)": 4.36}, {"rank": 12, "name": "1211 Short", "inflow (M)": 4.36}, {"rank": 13, "name": "JPYD Long", "inflow (M)": 4.06}, {"rank": 14, "name": "9999 Short", "inflow (M)": 3.81}, {"rank": 15, "name": "0857 Short", "inflow (M)": 3.56}, {"rank": 16, "name": "0992 Long", "inflow (M)": 3.53}, {"rank": 17, "name": "0981 Long", "inflow (M)": 3.42}, {"rank": 18, "name": "NDX Short", "inflow (M)": 3.09}, {"rank": 19, "name": "3690 Long", "inflow (M)": 2.86}, {"rank": 20, "name": "SPX Short", "inflow (M)": 2.71}], "top20outflow_5d": [{"rank": 1, "name": "HSI Long", "outflow (M)": 208.68}, {"rank": 2, "name": "0700 Long", "outflow (M)": 31.98}, {"rank": 3, "name": "9988 Long", "outflow (M)": 7.47}, {"rank": 4, "name": "1299 Long", "outflow (M)": 6.83}, {"rank": 5, "name": "0005 Long", "outflow (M)": 5.07}, {"rank": 6, "name": "9888 Long", "outflow (M)": 4.34}, {"rank": 7, "name": "0941 Long", "outflow (M)": 3.89}, {"rank": 8, "name": "0388 Long", "outflow (M)": 3.2}, {"rank": 9, "name": "9618 Long", "outflow (M)": 2.49}, {"rank": 10, "name": "0992 Short", "outflow (M)": 1.69}, {"rank": 11, "name": "1810 Short", "outflow (M)": 1.24}, {"rank": 12, "name": "0027 Long", "outflow (M)": 1.16}, {"rank": 13, "name": "2331 Long", "outflow (M)": 0.88}, {"rank": 14, "name": "2382 Long", "outflow (M)": 0.78}, {"rank": 15, "name": "2800 Long", "outflow (M)": 0.48}, {"rank": 16, "name": "9868 Long", "outflow (M)": 0.45}, {"rank": 17, "name": "0857 Long", "outflow (M)": 0.45}, {"rank": 18, "name": "1171 Long", "outflow (M)": 0.4}, {"rank": 19, "name": "2382 Short", "outflow (M)": 0.39}, {"rank": 20, "name": "0939 Long", "outflow (M)": 0.39}], "stats": {"hsi long pos": "-211.17M", "hsi short pos:": "+211.56M", "stocks long pos": "+25.45M", "stocks short pos": "+69.52M"}}