{"top20inflow_10d": [{"rank": 1, "name": "HSI Long", "inflow (M)": 371.87}, {"rank": 2, "name": "3690 Long", "inflow (M)": 35.48}, {"rank": 3, "name": "0883 Long", "inflow (M)": 35.44}, {"rank": 4, "name": "0700 Long", "inflow (M)": 30.99}, {"rank": 5, "name": "9988 Long", "inflow (M)": 23.18}, {"rank": 6, "name": "9988 Short", "inflow (M)": 14.75}, {"rank": 7, "name": "0388 Long", "inflow (M)": 12.6}, {"rank": 8, "name": "1211 Long", "inflow (M)": 10.7}, {"rank": 9, "name": "2318 Long", "inflow (M)": 10.05}, {"rank": 10, "name": "JPYD Long", "inflow (M)": 8.27}, {"rank": 11, "name": "2269 Short", "inflow (M)": 7.37}, {"rank": 12, "name": "2269 Long", "inflow (M)": 6.37}, {"rank": 13, "name": "3968 Long", "inflow (M)": 6.06}, {"rank": 14, "name": "HSTECH Long", "inflow (M)": 5.55}, {"rank": 15, "name": "1810 Long", "inflow (M)": 5.33}, {"rank": 16, "name": "NDX Short", "inflow (M)": 5.06}, {"rank": 17, "name": "1024 Long", "inflow (M)": 4.04}, {"rank": 18, "name": "0981 Long", "inflow (M)": 3.91}, {"rank": 19, "name": "0005 Long", "inflow (M)": 3.15}, {"rank": 20, "name": "9868 Short", "inflow (M)": 3.14}], "top20outflow_10d": [{"rank": 1, "name": "HSI Short", "outflow (M)": 128.34}, {"rank": 2, "name": "0700 Short", "outflow (M)": 32.96}, {"rank": 3, "name": "0388 Short", "outflow (M)": 10.59}, {"rank": 4, "name": "1810 Short", "outflow (M)": 3.9}, {"rank": 5, "name": "0354 Long", "outflow (M)": 2.3}, {"rank": 6, "name": "3988 Short", "outflow (M)": 1.97}, {"rank": 7, "name": "9618 Short", "outflow (M)": 1.47}, {"rank": 8, "name": "0981 Short", "outflow (M)": 1.37}, {"rank": 9, "name": "1024 Short", "outflow (M)": 1.16}, {"rank": 10, "name": "2015 Short", "outflow (M)": 0.87}, {"rank": 11, "name": "DJI Short", "outflow (M)": 0.79}, {"rank": 12, "name": "HSTECH Short", "outflow (M)": 0.68}, {"rank": 13, "name": "1211 Short", "outflow (M)": 0.67}, {"rank": 14, "name": "2382 Long", "outflow (M)": 0.64}, {"rank": 15, "name": "NDX Long", "outflow (M)": 0.61}, {"rank": 16, "name": "0941 Long", "outflow (M)": 0.41}, {"rank": 17, "name": "2382 Short", "outflow (M)": 0.4}, {"rank": 18, "name": "0902 Long", "outflow (M)": 0.35}, {"rank": 19, "name": "2020 Short", "outflow (M)": 0.3}, {"rank": 20, "name": "0914 Long", "outflow (M)": 0.26}], "stats": {"hsi long pos": "+378.80M", "hsi short pos:": "-143.96M", "stocks long pos": "+240.33M", "stocks short pos": "-11.99M"}}