{"top20inflow_20d": [{"rank": 1, "name": "HSI Short", "inflow (M)": 109.84}, {"rank": 2, "name": "0700 Long", "inflow (M)": 74.82}, {"rank": 3, "name": "1299 Long", "inflow (M)": 54.28}, {"rank": 4, "name": "9988 Long", "inflow (M)": 47.94}, {"rank": 5, "name": "0941 Long", "inflow (M)": 29.82}, {"rank": 6, "name": "9888 Long", "inflow (M)": 19.74}, {"rank": 7, "name": "0388 Long", "inflow (M)": 19.05}, {"rank": 8, "name": "1211 Short", "inflow (M)": 15.78}, {"rank": 9, "name": "2269 Long", "inflow (M)": 15.63}, {"rank": 10, "name": "1810 Long", "inflow (M)": 14.69}, {"rank": 11, "name": "2318 Long", "inflow (M)": 14.58}, {"rank": 12, "name": "NDX Long", "inflow (M)": 12.99}, {"rank": 13, "name": "3690 Short", "inflow (M)": 11.7}, {"rank": 14, "name": "9618 Short", "inflow (M)": 9.46}, {"rank": 15, "name": "JPYD Long", "inflow (M)": 8.07}, {"rank": 16, "name": "2015 Long", "inflow (M)": 8.03}, {"rank": 17, "name": "1024 Long", "inflow (M)": 6.46}, {"rank": 18, "name": "HSI Long", "inflow (M)": 6.11}, {"rank": 19, "name": "0005 Short", "inflow (M)": 5.05}, {"rank": 20, "name": "0788 Long", "inflow (M)": 4.92}], "top20outflow_20d": [{"rank": 1, "name": "3690 Long", "outflow (M)": 43.14}, {"rank": 2, "name": "0005 Long", "outflow (M)": 20.4}, {"rank": 3, "name": "1211 Long", "outflow (M)": 11.33}, {"rank": 4, "name": "3968 Long", "outflow (M)": 6.24}, {"rank": 5, "name": "9988 Short", "outflow (M)": 5.89}, {"rank": 6, "name": "1299 Short", "outflow (M)": 5.47}, {"rank": 7, "name": "2840 Long", "outflow (M)": 4.99}, {"rank": 8, "name": "0388 Short", "outflow (M)": 4.98}, {"rank": 9, "name": "2269 Short", "outflow (M)": 4.88}, {"rank": 10, "name": "3968 Short", "outflow (M)": 4.78}, {"rank": 11, "name": "0992 Long", "outflow (M)": 4.12}, {"rank": 12, "name": "9961 Short", "outflow (M)": 3.76}, {"rank": 13, "name": "1109 Long", "outflow (M)": 3.2}, {"rank": 14, "name": "0857 Long", "outflow (M)": 3.02}, {"rank": 15, "name": "2318 Short", "outflow (M)": 2.7}, {"rank": 16, "name": "9618 Long", "outflow (M)": 2.54}, {"rank": 17, "name": "0027 Short", "outflow (M)": 2.23}, {"rank": 18, "name": "2015 Short", "outflow (M)": 2.12}, {"rank": 19, "name": "0939 Short", "outflow (M)": 1.81}, {"rank": 20, "name": "3988 Long", "outflow (M)": 1.35}], "stats": {"hsi long pos": "+177.98M", "hsi short pos:": "+27.32M", "stocks long pos": "+351.47M", "stocks short pos": "-4.52M"}}