{"top20inflow_10d": [{"rank": 1, "name": "HSI Short", "inflow (M)": 97.19}, {"rank": 2, "name": "HSI Long", "inflow (M)": 49.85}, {"rank": 3, "name": "0700 Long", "inflow (M)": 36.29}, {"rank": 4, "name": "3690 Short", "inflow (M)": 26.56}, {"rank": 5, "name": "9988 Long", "inflow (M)": 26.07}, {"rank": 6, "name": "9888 Long", "inflow (M)": 15.08}, {"rank": 7, "name": "NDX Long", "inflow (M)": 12.94}, {"rank": 8, "name": "0388 Long", "inflow (M)": 12.23}, {"rank": 9, "name": "9618 Short", "inflow (M)": 8.33}, {"rank": 10, "name": "2015 Long", "inflow (M)": 7.06}, {"rank": 11, "name": "0883 Long", "inflow (M)": 6.52}, {"rank": 12, "name": "0700 Short", "inflow (M)": 5.48}, {"rank": 13, "name": "0005 Short", "inflow (M)": 5.38}, {"rank": 14, "name": "JPYD Long", "inflow (M)": 5.31}, {"rank": 15, "name": "9999 Long", "inflow (M)": 4.75}, {"rank": 16, "name": "1299 Long", "inflow (M)": 4.58}, {"rank": 17, "name": "2318 Long", "inflow (M)": 4.32}, {"rank": 18, "name": "1810 Long", "inflow (M)": 4.19}, {"rank": 19, "name": "NDX Short", "inflow (M)": 4.14}, {"rank": 20, "name": "0823 Long", "inflow (M)": 3.55}], "top20outflow_10d": [{"rank": 1, "name": "3690 Long", "outflow (M)": 26.47}, {"rank": 2, "name": "0005 Long", "outflow (M)": 15.55}, {"rank": 3, "name": "2015 Short", "outflow (M)": 5.11}, {"rank": 4, "name": "1211 Long", "outflow (M)": 4.46}, {"rank": 5, "name": "9961 Short", "outflow (M)": 3.72}, {"rank": 6, "name": "3968 Short", "outflow (M)": 3.6}, {"rank": 7, "name": "9988 Short", "outflow (M)": 3.11}, {"rank": 8, "name": "0992 Long", "outflow (M)": 2.21}, {"rank": 9, "name": "2840 Long", "outflow (M)": 2.19}, {"rank": 10, "name": "0027 Short", "outflow (M)": 2.13}, {"rank": 11, "name": "1299 Short", "outflow (M)": 2.04}, {"rank": 12, "name": "3968 Long", "outflow (M)": 1.9}, {"rank": 13, "name": "2269 Short", "outflow (M)": 1.78}, {"rank": 14, "name": "2331 Long", "outflow (M)": 1.66}, {"rank": 15, "name": "HSTECH Long", "outflow (M)": 1.5}, {"rank": 16, "name": "0939 Short", "outflow (M)": 1.42}, {"rank": 17, "name": "2822 Long", "outflow (M)": 1.4}, {"rank": 18, "name": "3988 Long", "outflow (M)": 1.2}, {"rank": 19, "name": "2899 Long", "outflow (M)": 1.13}, {"rank": 20, "name": "2018 Long", "outflow (M)": 1.09}], "stats": {"hsi long pos": "-60.36M", "hsi short pos:": "+193.49M", "stocks long pos": "+68.75M", "stocks short pos": "+50.13M"}}