{"top20inflow_1d": [{"rank": 1, "name": "HSI Short", "inflow (M)": 14.78}, {"rank": 2, "name": "3993 Long", "inflow (M)": 5.03}, {"rank": 3, "name": "0700 Long", "inflow (M)": 4.92}, {"rank": 4, "name": "1211 Short", "inflow (M)": 2.8}, {"rank": 5, "name": "9961 Short", "inflow (M)": 2.12}, {"rank": 6, "name": "0027 Long", "inflow (M)": 1.89}, {"rank": 7, "name": "9888 Long", "inflow (M)": 1.87}, {"rank": 8, "name": "0388 Short", "inflow (M)": 1.84}, {"rank": 9, "name": "0883 Long", "inflow (M)": 1.82}, {"rank": 10, "name": "1810 Short", "inflow (M)": 1.72}, {"rank": 11, "name": "2318 Long", "inflow (M)": 1.26}, {"rank": 12, "name": "0857 Long", "inflow (M)": 1.18}, {"rank": 13, "name": "9988 Long", "inflow (M)": 0.98}, {"rank": 14, "name": "0268 Long", "inflow (M)": 0.9}, {"rank": 15, "name": "0291 Long", "inflow (M)": 0.89}, {"rank": 16, "name": "1024 Long", "inflow (M)": 0.79}, {"rank": 17, "name": "9999 Short", "inflow (M)": 0.79}, {"rank": 18, "name": "1772 Long", "inflow (M)": 0.6}, {"rank": 19, "name": "1797 Long", "inflow (M)": 0.38}, {"rank": 20, "name": "0005 Short", "inflow (M)": 0.38}], "top20outflow_1d": [{"rank": 1, "name": "HSI Long", "outflow (M)": 42.59}, {"rank": 2, "name": "0388 Long", "outflow (M)": 4.41}, {"rank": 3, "name": "1211 Long", "outflow (M)": 4.03}, {"rank": 4, "name": "1810 Long", "outflow (M)": 3.09}, {"rank": 5, "name": "3690 Long", "outflow (M)": 2.74}, {"rank": 6, "name": "0175 Long", "outflow (M)": 2.59}, {"rank": 7, "name": "0005 Long", "outflow (M)": 2.12}, {"rank": 8, "name": "0700 Short", "outflow (M)": 2.1}, {"rank": 9, "name": "3690 Short", "outflow (M)": 1.67}, {"rank": 10, "name": "1299 Long", "outflow (M)": 1.3}, {"rank": 11, "name": "2319 Long", "outflow (M)": 1.26}, {"rank": 12, "name": "9999 Long", "outflow (M)": 1.19}, {"rank": 13, "name": "9988 Short", "outflow (M)": 1.1}, {"rank": 14, "name": "0941 Long", "outflow (M)": 1.07}, {"rank": 15, "name": "2883 Long", "outflow (M)": 0.87}, {"rank": 16, "name": "1357 Long", "outflow (M)": 0.71}, {"rank": 17, "name": "2018 Long", "outflow (M)": 0.52}, {"rank": 18, "name": "6969 Long", "outflow (M)": 0.49}, {"rank": 19, "name": "1801 Long", "outflow (M)": 0.44}, {"rank": 20, "name": "9868 Long", "outflow (M)": 0.43}], "stats": {"hsi long pos": "-42.59M", "hsi short pos:": "+14.78M", "stocks long pos": "-5.18M", "stocks short pos": "+5.05M"}}