{"top20inflow_20d": [{"rank": 1, "name": "HSI Short", "inflow (M)": 264.12}, {"rank": 2, "name": "0700 Long", "inflow (M)": 57.15}, {"rank": 3, "name": "9988 Long", "inflow (M)": 49.18}, {"rank": 4, "name": "1299 Long", "inflow (M)": 28.57}, {"rank": 5, "name": "1211 Short", "inflow (M)": 24.65}, {"rank": 6, "name": "9888 Long", "inflow (M)": 18.22}, {"rank": 7, "name": "0941 Long", "inflow (M)": 16.64}, {"rank": 8, "name": "3690 Short", "inflow (M)": 15.39}, {"rank": 9, "name": "NDX Long", "inflow (M)": 14.58}, {"rank": 10, "name": "0388 Long", "inflow (M)": 14.41}, {"rank": 11, "name": "1810 Long", "inflow (M)": 12.82}, {"rank": 12, "name": "2269 Long", "inflow (M)": 12.1}, {"rank": 13, "name": "2318 Long", "inflow (M)": 10.46}, {"rank": 14, "name": "9618 Short", "inflow (M)": 9.53}, {"rank": 15, "name": "9999 Long", "inflow (M)": 7.12}, {"rank": 16, "name": "0027 Long", "inflow (M)": 5.5}, {"rank": 17, "name": "0763 Long", "inflow (M)": 5.47}, {"rank": 18, "name": "9961 Long", "inflow (M)": 5.44}, {"rank": 19, "name": "JPYD Long", "inflow (M)": 5.31}, {"rank": 20, "name": "0883 Long", "inflow (M)": 5.1}], "top20outflow_20d": [{"rank": 1, "name": "HSI Long", "outflow (M)": 107.89}, {"rank": 2, "name": "3690 Long", "outflow (M)": 56.03}, {"rank": 3, "name": "1211 Long", "outflow (M)": 12.06}, {"rank": 4, "name": "HSTECH Long", "outflow (M)": 9.99}, {"rank": 5, "name": "3968 Long", "outflow (M)": 6.92}, {"rank": 6, "name": "9988 Short", "outflow (M)": 6.28}, {"rank": 7, "name": "1109 Long", "outflow (M)": 5.04}, {"rank": 8, "name": "2269 Short", "outflow (M)": 4.87}, {"rank": 9, "name": "0992 Long", "outflow (M)": 4.8}, {"rank": 10, "name": "1299 Short", "outflow (M)": 4.41}, {"rank": 11, "name": "2840 Long", "outflow (M)": 3.31}, {"rank": 12, "name": "3968 Short", "outflow (M)": 3.07}, {"rank": 13, "name": "2822 Long", "outflow (M)": 2.55}, {"rank": 14, "name": "0027 Short", "outflow (M)": 2.22}, {"rank": 15, "name": "2333 Long", "outflow (M)": 1.61}, {"rank": 16, "name": "3988 Long", "outflow (M)": 1.59}, {"rank": 17, "name": "2018 Long", "outflow (M)": 1.33}, {"rank": 18, "name": "0700 Short", "outflow (M)": 1.3}, {"rank": 19, "name": "2382 Short", "outflow (M)": 1.12}, {"rank": 20, "name": "2380 Long", "outflow (M)": 1.01}], "stats": {"hsi long pos": "-109.63M", "hsi short pos:": "+270.28M", "stocks long pos": "+208.21M", "stocks short pos": "+42.26M"}}