{"top20inflow_5d": [{"rank": 1, "name": "HSI Long", "inflow (M)": 284.56}, {"rank": 2, "name": "3690 Long", "inflow (M)": 34.2}, {"rank": 3, "name": "1211 Long", "inflow (M)": 33.05}, {"rank": 4, "name": "0388 Long", "inflow (M)": 26.15}, {"rank": 5, "name": "0700 Long", "inflow (M)": 16.44}, {"rank": 6, "name": "9988 Long", "inflow (M)": 12.07}, {"rank": 7, "name": "2318 Long", "inflow (M)": 10.48}, {"rank": 8, "name": "2269 Long", "inflow (M)": 5.74}, {"rank": 9, "name": "1299 Long", "inflow (M)": 4.94}, {"rank": 10, "name": "3690 Short", "inflow (M)": 4.2}, {"rank": 11, "name": "HSTECH Long", "inflow (M)": 3.56}, {"rank": 12, "name": "0175 Long", "inflow (M)": 2.79}, {"rank": 13, "name": "0981 Long", "inflow (M)": 2.61}, {"rank": 14, "name": "1024 Long", "inflow (M)": 2.54}, {"rank": 15, "name": "2018 Long", "inflow (M)": 2.43}, {"rank": 16, "name": "2800 Long", "inflow (M)": 2.27}, {"rank": 17, "name": "9888 Short", "inflow (M)": 2.18}, {"rank": 18, "name": "3968 Long", "inflow (M)": 2.0}, {"rank": 19, "name": "0027 Long", "inflow (M)": 1.87}, {"rank": 20, "name": "0005 Long", "inflow (M)": 1.7}], "top20outflow_5d": [{"rank": 1, "name": "HSI Short", "outflow (M)": 87.71}, {"rank": 2, "name": "9988 Short", "outflow (M)": 26.43}, {"rank": 3, "name": "0700 Short", "outflow (M)": 11.47}, {"rank": 4, "name": "1810 Short", "outflow (M)": 7.46}, {"rank": 5, "name": "0388 Short", "outflow (M)": 3.6}, {"rank": 6, "name": "1299 Short", "outflow (M)": 2.44}, {"rank": 7, "name": "1024 Short", "outflow (M)": 2.1}, {"rank": 8, "name": "0175 Short", "outflow (M)": 1.9}, {"rank": 9, "name": "9888 Long", "outflow (M)": 1.83}, {"rank": 10, "name": "1171 Long", "outflow (M)": 1.33}, {"rank": 11, "name": "9618 Short", "outflow (M)": 1.21}, {"rank": 12, "name": "2318 Short", "outflow (M)": 1.07}, {"rank": 13, "name": "2015 Short", "outflow (M)": 0.95}, {"rank": 14, "name": "1801 Long", "outflow (M)": 0.87}, {"rank": 15, "name": "2269 Short", "outflow (M)": 0.75}, {"rank": 16, "name": "0981 Short", "outflow (M)": 0.69}, {"rank": 17, "name": "0857 Long", "outflow (M)": 0.64}, {"rank": 18, "name": "HSTECH Short", "outflow (M)": 0.57}, {"rank": 19, "name": "2359 Long", "outflow (M)": 0.57}, {"rank": 20, "name": "0883 Long", "outflow (M)": 0.48}], "stats": {"hsi long pos": "+284.56M", "hsi short pos:": "-87.71M", "stocks long pos": "+175.44M", "stocks short pos": "-52.61M"}}