{"top20inflow_10d": [{"rank": 1, "name": "HSI Long", "inflow (M)": 296.98}, {"rank": 2, "name": "3690 Long", "inflow (M)": 35.6}, {"rank": 3, "name": "0700 Long", "inflow (M)": 21.83}, {"rank": 4, "name": "1211 Short", "inflow (M)": 20.43}, {"rank": 5, "name": "9988 Long", "inflow (M)": 18.38}, {"rank": 6, "name": "1810 Long", "inflow (M)": 17.12}, {"rank": 7, "name": "0388 Long", "inflow (M)": 14.36}, {"rank": 8, "name": "DJI Short", "inflow (M)": 9.79}, {"rank": 9, "name": "1299 Long", "inflow (M)": 7.45}, {"rank": 10, "name": "2318 Long", "inflow (M)": 6.74}, {"rank": 11, "name": "0700 Short", "inflow (M)": 6.64}, {"rank": 12, "name": "HSTECH Long", "inflow (M)": 4.9}, {"rank": 13, "name": "2382 Long", "inflow (M)": 4.72}, {"rank": 14, "name": "9618 Long", "inflow (M)": 4.54}, {"rank": 15, "name": "0981 Long", "inflow (M)": 3.71}, {"rank": 16, "name": "JPYD Long", "inflow (M)": 2.93}, {"rank": 17, "name": "0005 Long", "inflow (M)": 2.88}, {"rank": 18, "name": "1211 Long", "inflow (M)": 2.81}, {"rank": 19, "name": "1024 Long", "inflow (M)": 2.71}, {"rank": 20, "name": "0027 Long", "inflow (M)": 2.69}], "top20outflow_10d": [{"rank": 1, "name": "HSI Short", "outflow (M)": 118.0}, {"rank": 2, "name": "9999 Short", "outflow (M)": 10.73}, {"rank": 3, "name": "9988 Short", "outflow (M)": 9.81}, {"rank": 4, "name": "9618 Short", "outflow (M)": 7.77}, {"rank": 5, "name": "1810 Short", "outflow (M)": 7.37}, {"rank": 6, "name": "3690 Short", "outflow (M)": 7.05}, {"rank": 7, "name": "1024 Short", "outflow (M)": 2.9}, {"rank": 8, "name": "2382 Short", "outflow (M)": 2.3}, {"rank": 9, "name": "0902 Long", "outflow (M)": 1.29}, {"rank": 10, "name": "1398 Short", "outflow (M)": 1.26}, {"rank": 11, "name": "1171 Long", "outflow (M)": 1.03}, {"rank": 12, "name": "9999 Long", "outflow (M)": 1.02}, {"rank": 13, "name": "0823 Long", "outflow (M)": 1.02}, {"rank": 14, "name": "9888 Long", "outflow (M)": 0.82}, {"rank": 15, "name": "2318 Short", "outflow (M)": 0.77}, {"rank": 16, "name": "0857 Long", "outflow (M)": 0.75}, {"rank": 17, "name": "2319 Long", "outflow (M)": 0.71}, {"rank": 18, "name": "2015 Short", "outflow (M)": 0.71}, {"rank": 19, "name": "JPYD= Short", "outflow (M)": 0.57}, {"rank": 20, "name": "1801 Long", "outflow (M)": 0.47}], "stats": {"hsi long pos": "+295.19M", "hsi short pos:": "-138.93M", "stocks long pos": "+175.76M", "stocks short pos": "-13.27M"}}