{"top20inflow_10d": [{"rank": 1, "name": "HSI Short", "inflow (M)": 131.52}, {"rank": 2, "name": "1299 Long", "inflow (M)": 34.22}, {"rank": 3, "name": "0941 Long", "inflow (M)": 24.8}, {"rank": 4, "name": "0700 Short", "inflow (M)": 21.34}, {"rank": 5, "name": "9988 Long", "inflow (M)": 18.55}, {"rank": 6, "name": "2269 Long", "inflow (M)": 14.91}, {"rank": 7, "name": "NDX Long", "inflow (M)": 12.37}, {"rank": 8, "name": "1810 Long", "inflow (M)": 10.3}, {"rank": 9, "name": "1211 Short", "inflow (M)": 9.75}, {"rank": 10, "name": "1024 Long", "inflow (M)": 5.81}, {"rank": 11, "name": "2318 Long", "inflow (M)": 5.49}, {"rank": 12, "name": "0788 Long", "inflow (M)": 4.21}, {"rank": 13, "name": "0268 Long", "inflow (M)": 4.2}, {"rank": 14, "name": "9618 Short", "inflow (M)": 4.16}, {"rank": 15, "name": "2382 Long", "inflow (M)": 3.59}, {"rank": 16, "name": "SPX Long", "inflow (M)": 3.4}, {"rank": 17, "name": "JPYD Long", "inflow (M)": 3.35}, {"rank": 18, "name": "0358 Long", "inflow (M)": 3.21}, {"rank": 19, "name": "1810 Short", "inflow (M)": 3.07}, {"rank": 20, "name": "9868 Long", "inflow (M)": 3.04}], "top20outflow_10d": [{"rank": 1, "name": "HSI Long", "outflow (M)": 186.83}, {"rank": 2, "name": "3690 Long", "outflow (M)": 64.25}, {"rank": 3, "name": "0700 Long", "outflow (M)": 34.07}, {"rank": 4, "name": "1211 Long", "outflow (M)": 14.56}, {"rank": 5, "name": "0005 Long", "outflow (M)": 7.03}, {"rank": 6, "name": "3690 Short", "outflow (M)": 5.51}, {"rank": 7, "name": "1109 Long", "outflow (M)": 5.38}, {"rank": 8, "name": "2840 Long", "outflow (M)": 4.55}, {"rank": 9, "name": "9618 Long", "outflow (M)": 4.38}, {"rank": 10, "name": "9626 Long", "outflow (M)": 3.31}, {"rank": 11, "name": "0857 Long", "outflow (M)": 3.22}, {"rank": 12, "name": "2015 Short", "outflow (M)": 2.76}, {"rank": 13, "name": "0386 Long", "outflow (M)": 2.16}, {"rank": 14, "name": "0388 Short", "outflow (M)": 1.94}, {"rank": 15, "name": "1299 Short", "outflow (M)": 1.52}, {"rank": 16, "name": "9999 Short", "outflow (M)": 1.42}, {"rank": 17, "name": "9988 Short", "outflow (M)": 1.29}, {"rank": 18, "name": "0291 Long", "outflow (M)": 1.24}, {"rank": 19, "name": "2269 Short", "outflow (M)": 1.24}, {"rank": 20, "name": "1088 Long", "outflow (M)": 1.14}], "stats": {"hsi long pos": "+39.45M", "hsi short pos:": "+67.83M", "stocks long pos": "+109.78M", "stocks short pos": "+18.33M"}}