{"top20inflow_1d": [{"rank": 1, "name": "HSI Short", "inflow (M)": 32.15}, {"rank": 2, "name": "1810 Short", "inflow (M)": 6.31}, {"rank": 3, "name": "3690 Long", "inflow (M)": 2.59}, {"rank": 4, "name": "0700 Short", "inflow (M)": 1.58}, {"rank": 5, "name": "1024 Short", "inflow (M)": 1.08}, {"rank": 6, "name": "1801 Long", "inflow (M)": 1.06}, {"rank": 7, "name": "0857 Long", "inflow (M)": 0.99}, {"rank": 8, "name": "9888 Long", "inflow (M)": 0.89}, {"rank": 9, "name": "1928 Long", "inflow (M)": 0.89}, {"rank": 10, "name": "0388 Short", "inflow (M)": 0.88}, {"rank": 11, "name": "1211 Long", "inflow (M)": 0.81}, {"rank": 12, "name": "2359 Long", "inflow (M)": 0.78}, {"rank": 13, "name": "2382 Short", "inflow (M)": 0.76}, {"rank": 14, "name": "0175 Long", "inflow (M)": 0.58}, {"rank": 15, "name": "2269 Long", "inflow (M)": 0.58}, {"rank": 16, "name": "9999 Long", "inflow (M)": 0.56}, {"rank": 17, "name": "SPX Long", "inflow (M)": 0.54}, {"rank": 18, "name": "0981 Long", "inflow (M)": 0.53}, {"rank": 19, "name": "1810 Long", "inflow (M)": 0.46}, {"rank": 20, "name": "0941 Long", "inflow (M)": 0.4}], "top20outflow_1d": [{"rank": 1, "name": "HSI Long", "outflow (M)": 48.84}, {"rank": 2, "name": "0700 Long", "outflow (M)": 13.1}, {"rank": 3, "name": "9988 Long", "outflow (M)": 4.48}, {"rank": 4, "name": "0388 Long", "outflow (M)": 3.48}, {"rank": 5, "name": "3690 Short", "outflow (M)": 2.53}, {"rank": 6, "name": "9988 Short", "outflow (M)": 1.71}, {"rank": 7, "name": "1024 Long", "outflow (M)": 1.19}, {"rank": 8, "name": "2318 Short", "outflow (M)": 0.91}, {"rank": 9, "name": "0005 Long", "outflow (M)": 0.82}, {"rank": 10, "name": "2333 Long", "outflow (M)": 0.77}, {"rank": 11, "name": "2800 Long", "outflow (M)": 0.74}, {"rank": 12, "name": "9888 Short", "outflow (M)": 0.71}, {"rank": 13, "name": "1299 Long", "outflow (M)": 0.69}, {"rank": 14, "name": "0902 Long", "outflow (M)": 0.53}, {"rank": 15, "name": "0992 Long", "outflow (M)": 0.49}, {"rank": 16, "name": "9868 Long", "outflow (M)": 0.45}, {"rank": 17, "name": "2020 Short", "outflow (M)": 0.35}, {"rank": 18, "name": "1211 Short", "outflow (M)": 0.35}, {"rank": 19, "name": "HSTECH Long", "outflow (M)": 0.34}, {"rank": 20, "name": "9618 Long", "outflow (M)": 0.34}], "stats": {"hsi long pos": "-48.84M", "hsi short pos:": "+32.15M", "stocks long pos": "-17.04M", "stocks short pos": "+4.08M"}}