{"top20inflow_5d": [{"rank": 1, "name": "HSI Short", "inflow (M)": 101.67}, {"rank": 2, "name": "3690 Short", "inflow (M)": 7.81}, {"rank": 3, "name": "9999 Short", "inflow (M)": 6.48}, {"rank": 4, "name": "0941 Long", "inflow (M)": 4.3}, {"rank": 5, "name": "DJI Short", "inflow (M)": 3.97}, {"rank": 6, "name": "2318 Long", "inflow (M)": 3.57}, {"rank": 7, "name": "9988 Short", "inflow (M)": 3.54}, {"rank": 8, "name": "0883 Long", "inflow (M)": 3.45}, {"rank": 9, "name": "0981 Long", "inflow (M)": 2.6}, {"rank": 10, "name": "1810 Short", "inflow (M)": 2.5}, {"rank": 11, "name": "1211 Long", "inflow (M)": 2.42}, {"rank": 12, "name": "0354 Long", "inflow (M)": 1.87}, {"rank": 13, "name": "1299 Short", "inflow (M)": 1.63}, {"rank": 14, "name": "0388 Short", "inflow (M)": 1.32}, {"rank": 15, "name": "1797 Short", "inflow (M)": 1.25}, {"rank": 16, "name": "NDX Short", "inflow (M)": 1.22}, {"rank": 17, "name": "0005 Long", "inflow (M)": 1.0}, {"rank": 18, "name": "3968 Long", "inflow (M)": 0.9}, {"rank": 19, "name": "9868 Short", "inflow (M)": 0.87}, {"rank": 20, "name": "2015 Long", "inflow (M)": 0.86}], "top20outflow_5d": [{"rank": 1, "name": "HSI Long", "outflow (M)": 117.2}, {"rank": 2, "name": "0388 Long", "outflow (M)": 14.46}, {"rank": 3, "name": "0700 Long", "outflow (M)": 12.78}, {"rank": 4, "name": "1299 Long", "outflow (M)": 6.34}, {"rank": 5, "name": "0700 Short", "outflow (M)": 5.94}, {"rank": 6, "name": "1810 Long", "outflow (M)": 5.18}, {"rank": 7, "name": "0823 Long", "outflow (M)": 3.85}, {"rank": 8, "name": "9618 Long", "outflow (M)": 2.21}, {"rank": 9, "name": "1024 Long", "outflow (M)": 2.03}, {"rank": 10, "name": "9888 Short", "outflow (M)": 1.46}, {"rank": 11, "name": "2018 Long", "outflow (M)": 1.38}, {"rank": 12, "name": "2318 Short", "outflow (M)": 1.24}, {"rank": 13, "name": "9888 Long", "outflow (M)": 1.23}, {"rank": 14, "name": "0883 Short", "outflow (M)": 0.89}, {"rank": 15, "name": "0027 Long", "outflow (M)": 0.85}, {"rank": 16, "name": "9868 Long", "outflow (M)": 0.8}, {"rank": 17, "name": "0175 Long", "outflow (M)": 0.74}, {"rank": 18, "name": "1093 Long", "outflow (M)": 0.7}, {"rank": 19, "name": "HSTECH Short", "outflow (M)": 0.61}, {"rank": 20, "name": "9988 Long", "outflow (M)": 0.55}], "stats": {"hsi long pos": "-117.20M", "hsi short pos:": "+101.67M", "stocks long pos": "-28.03M", "stocks short pos": "+17.71M"}}