{"top20inflow_10d": [{"rank": 1, "name": "HSI Long", "inflow (M)": 235.49}, {"rank": 2, "name": "9988 Long", "inflow (M)": 37.14}, {"rank": 3, "name": "0388 Long", "inflow (M)": 36.24}, {"rank": 4, "name": "1299 Long", "inflow (M)": 29.95}, {"rank": 5, "name": "2318 Long", "inflow (M)": 17.62}, {"rank": 6, "name": "3690 Short", "inflow (M)": 8.53}, {"rank": 7, "name": "9999 Long", "inflow (M)": 7.76}, {"rank": 8, "name": "0857 Long", "inflow (M)": 5.24}, {"rank": 9, "name": "3993 Long", "inflow (M)": 5.08}, {"rank": 10, "name": "0027 Long", "inflow (M)": 5.08}, {"rank": 11, "name": "9888 Long", "inflow (M)": 4.46}, {"rank": 12, "name": "1810 Short", "inflow (M)": 4.25}, {"rank": 13, "name": "0981 Long", "inflow (M)": 4.23}, {"rank": 14, "name": "0268 Long", "inflow (M)": 4.1}, {"rank": 15, "name": "2883 Long", "inflow (M)": 3.25}, {"rank": 16, "name": "2331 Long", "inflow (M)": 2.61}, {"rank": 17, "name": "2015 Long", "inflow (M)": 2.46}, {"rank": 18, "name": "0939 Short", "inflow (M)": 2.27}, {"rank": 19, "name": "0291 Long", "inflow (M)": 2.08}, {"rank": 20, "name": "1299 Short", "inflow (M)": 1.94}], "top20outflow_10d": [{"rank": 1, "name": "0700 Long", "outflow (M)": 45.33}, {"rank": 2, "name": "HSI Short", "outflow (M)": 31.46}, {"rank": 3, "name": "1810 Long", "outflow (M)": 9.77}, {"rank": 4, "name": "0941 Long", "outflow (M)": 7.64}, {"rank": 5, "name": "0175 Long", "outflow (M)": 5.94}, {"rank": 6, "name": "0700 Short", "outflow (M)": 5.44}, {"rank": 7, "name": "1211 Long", "outflow (M)": 4.12}, {"rank": 8, "name": "0358 Long", "outflow (M)": 3.23}, {"rank": 9, "name": "3690 Long", "outflow (M)": 3.06}, {"rank": 10, "name": "9868 Short", "outflow (M)": 2.4}, {"rank": 11, "name": "3968 Long", "outflow (M)": 1.78}, {"rank": 12, "name": "9618 Short", "outflow (M)": 1.67}, {"rank": 13, "name": "0005 Long", "outflow (M)": 1.51}, {"rank": 14, "name": "2333 Long", "outflow (M)": 1.37}, {"rank": 15, "name": "0386 Long", "outflow (M)": 1.36}, {"rank": 16, "name": "0916 Long", "outflow (M)": 1.3}, {"rank": 17, "name": "0688 Long", "outflow (M)": 1.09}, {"rank": 18, "name": "2382 Short", "outflow (M)": 0.98}, {"rank": 19, "name": "9988 Short", "outflow (M)": 0.93}, {"rank": 20, "name": "1093 Long", "outflow (M)": 0.84}], "stats": {"hsi long pos": "+235.49M", "hsi short pos:": "-31.46M", "stocks long pos": "+112.47M", "stocks short pos": "+10.81M"}}