{"top20inflow_10d": [{"rank": 1, "name": "HSI Long", "inflow (M)": 660.61}, {"rank": 2, "name": "3690 Long", "inflow (M)": 95.47}, {"rank": 3, "name": "0388 Long", "inflow (M)": 47.43}, {"rank": 4, "name": "9988 Long", "inflow (M)": 33.93}, {"rank": 5, "name": "0700 Long", "inflow (M)": 22.08}, {"rank": 6, "name": "1211 Long", "inflow (M)": 20.06}, {"rank": 7, "name": "1299 Long", "inflow (M)": 14.73}, {"rank": 8, "name": "2318 Long", "inflow (M)": 10.78}, {"rank": 9, "name": "DJI Short", "inflow (M)": 8.45}, {"rank": 10, "name": "2269 Long", "inflow (M)": 8.27}, {"rank": 11, "name": "HSTECH Long", "inflow (M)": 5.31}, {"rank": 12, "name": "0175 Long", "inflow (M)": 3.97}, {"rank": 13, "name": "3968 Long", "inflow (M)": 2.91}, {"rank": 14, "name": "0700 Short", "inflow (M)": 2.6}, {"rank": 15, "name": "9868 Long", "inflow (M)": 2.25}, {"rank": 16, "name": "NDX Long", "inflow (M)": 2.23}, {"rank": 17, "name": "0027 Long", "inflow (M)": 2.01}, {"rank": 18, "name": "0753 Long", "inflow (M)": 1.69}, {"rank": 19, "name": "9999 Long", "inflow (M)": 1.59}, {"rank": 20, "name": "2822 Long", "inflow (M)": 1.52}], "top20outflow_10d": [{"rank": 1, "name": "HSI Short", "outflow (M)": 173.75}, {"rank": 2, "name": "9988 Short", "outflow (M)": 35.52}, {"rank": 3, "name": "3690 Short", "outflow (M)": 23.79}, {"rank": 4, "name": "1211 Short", "outflow (M)": 19.48}, {"rank": 5, "name": "1810 Short", "outflow (M)": 8.47}, {"rank": 6, "name": "0981 Long", "outflow (M)": 4.82}, {"rank": 7, "name": "0388 Short", "outflow (M)": 4.6}, {"rank": 8, "name": "1810 Long", "outflow (M)": 3.66}, {"rank": 9, "name": "1299 Short", "outflow (M)": 3.53}, {"rank": 10, "name": "2382 Short", "outflow (M)": 2.73}, {"rank": 11, "name": "2018 Long", "outflow (M)": 2.19}, {"rank": 12, "name": "9888 Long", "outflow (M)": 1.5}, {"rank": 13, "name": "0883 Long", "outflow (M)": 1.45}, {"rank": 14, "name": "2318 Short", "outflow (M)": 1.42}, {"rank": 15, "name": "1093 Long", "outflow (M)": 1.33}, {"rank": 16, "name": "HSTECH Short", "outflow (M)": 1.22}, {"rank": 17, "name": "1024 Short", "outflow (M)": 1.12}, {"rank": 18, "name": "3968 Short", "outflow (M)": 1.07}, {"rank": 19, "name": "0902 Long", "outflow (M)": 1.05}, {"rank": 20, "name": "3988 Short", "outflow (M)": 0.98}], "stats": {"hsi long pos": "+660.61M", "hsi short pos:": "-173.75M", "stocks long pos": "+273.17M", "stocks short pos": "-99.40M"}}