{"top20inflow_5d": [{"rank": 1, "name": "0700 Long", "inflow (M)": 76.11}, {"rank": 2, "name": "HSI Long", "inflow (M)": 49.16}, {"rank": 3, "name": "9999 Short", "inflow (M)": 18.29}, {"rank": 4, "name": "3690 Long", "inflow (M)": 16.25}, {"rank": 5, "name": "3690 Short", "inflow (M)": 9.22}, {"rank": 6, "name": "1024 Long", "inflow (M)": 9.02}, {"rank": 7, "name": "HSI Short", "inflow (M)": 4.85}, {"rank": 8, "name": "9999 Long", "inflow (M)": 3.86}, {"rank": 9, "name": "1211 Short", "inflow (M)": 3.36}, {"rank": 10, "name": "1797 Long", "inflow (M)": 2.58}, {"rank": 11, "name": "HSTECH Long", "inflow (M)": 2.29}, {"rank": 12, "name": "9988 Short", "inflow (M)": 2.23}, {"rank": 13, "name": "2269 Long", "inflow (M)": 2.14}, {"rank": 14, "name": "DJI Short", "inflow (M)": 1.94}, {"rank": 15, "name": "0981 Long", "inflow (M)": 1.86}, {"rank": 16, "name": "2318 Long", "inflow (M)": 1.68}, {"rank": 17, "name": "0941 Short", "inflow (M)": 1.67}, {"rank": 18, "name": "NDX Short", "inflow (M)": 1.65}, {"rank": 19, "name": "0388 Long", "inflow (M)": 1.4}, {"rank": 20, "name": "JPYD Long", "inflow (M)": 0.97}], "top20outflow_5d": [{"rank": 1, "name": "9988 Long", "outflow (M)": 6.77}, {"rank": 2, "name": "0005 Long", "outflow (M)": 4.63}, {"rank": 3, "name": "0941 Long", "outflow (M)": 2.49}, {"rank": 4, "name": "0388 Short", "outflow (M)": 1.92}, {"rank": 5, "name": "1810 Long", "outflow (M)": 1.6}, {"rank": 6, "name": "2318 Short", "outflow (M)": 1.59}, {"rank": 7, "name": "0700 Short", "outflow (M)": 1.49}, {"rank": 8, "name": "9868 Short", "outflow (M)": 1.39}, {"rank": 9, "name": "0992 Long", "outflow (M)": 1.25}, {"rank": 10, "name": "1211 Long", "outflow (M)": 1.2}, {"rank": 11, "name": "1928 Long", "outflow (M)": 0.84}, {"rank": 12, "name": "0823 Long", "outflow (M)": 0.78}, {"rank": 13, "name": "0354 Long", "outflow (M)": 0.73}, {"rank": 14, "name": "2331 Short", "outflow (M)": 0.66}, {"rank": 15, "name": "1299 Short", "outflow (M)": 0.62}, {"rank": 16, "name": "0001 Long", "outflow (M)": 0.58}, {"rank": 17, "name": "1797 Short", "outflow (M)": 0.55}, {"rank": 18, "name": "1024 Short", "outflow (M)": 0.54}, {"rank": 19, "name": "0016 Long", "outflow (M)": 0.53}, {"rank": 20, "name": "1299 Long", "outflow (M)": 0.48}], "stats": {"hsi long pos": "+49.16M", "hsi short pos:": "+4.85M", "stocks long pos": "+96.68M", "stocks short pos": "+29.88M"}}