{"top20inflow_5d": [{"rank": 1, "name": "HSI Long", "inflow (M)": 97.82}, {"rank": 2, "name": "9988 Long", "inflow (M)": 15.77}, {"rank": 3, "name": "9988 Short", "inflow (M)": 13.84}, {"rank": 4, "name": "0883 Long", "inflow (M)": 7.59}, {"rank": 5, "name": "3690 Short", "inflow (M)": 6.78}, {"rank": 6, "name": "0388 Long", "inflow (M)": 5.47}, {"rank": 7, "name": "3968 Long", "inflow (M)": 4.76}, {"rank": 8, "name": "1211 Short", "inflow (M)": 4.73}, {"rank": 9, "name": "1299 Short", "inflow (M)": 3.3}, {"rank": 10, "name": "3690 Long", "inflow (M)": 3.11}, {"rank": 11, "name": "9999 Short", "inflow (M)": 2.74}, {"rank": 12, "name": "0005 Short", "inflow (M)": 2.43}, {"rank": 13, "name": "0981 Long", "inflow (M)": 2.06}, {"rank": 14, "name": "0823 Long", "inflow (M)": 2.05}, {"rank": 15, "name": "1818 Long", "inflow (M)": 2.03}, {"rank": 16, "name": "9618 Long", "inflow (M)": 1.95}, {"rank": 17, "name": "NDX Short", "inflow (M)": 1.95}, {"rank": 18, "name": "0696 Long", "inflow (M)": 1.55}, {"rank": 19, "name": "0960 Long", "inflow (M)": 1.52}, {"rank": 20, "name": "1810 Short", "inflow (M)": 1.48}], "top20outflow_5d": [{"rank": 1, "name": "0700 Short", "outflow (M)": 14.14}, {"rank": 2, "name": "HSI Short", "outflow (M)": 11.51}, {"rank": 3, "name": "1299 Long", "outflow (M)": 7.28}, {"rank": 4, "name": "0005 Long", "outflow (M)": 2.82}, {"rank": 5, "name": "0981 Short", "outflow (M)": 2.1}, {"rank": 6, "name": "0388 Short", "outflow (M)": 1.94}, {"rank": 7, "name": "9888 Long", "outflow (M)": 1.61}, {"rank": 8, "name": "2382 Long", "outflow (M)": 1.23}, {"rank": 9, "name": "9633 Long", "outflow (M)": 1.09}, {"rank": 10, "name": "1211 Long", "outflow (M)": 0.98}, {"rank": 11, "name": "9888 Short", "outflow (M)": 0.95}, {"rank": 12, "name": "HSTECH Long", "outflow (M)": 0.79}, {"rank": 13, "name": "2382 Short", "outflow (M)": 0.43}, {"rank": 14, "name": "0941 Long", "outflow (M)": 0.43}, {"rank": 15, "name": "2331 Long", "outflow (M)": 0.33}, {"rank": 16, "name": "0762 Long", "outflow (M)": 0.29}, {"rank": 17, "name": "2800 Long", "outflow (M)": 0.26}, {"rank": 18, "name": "2018 Short", "outflow (M)": 0.24}, {"rank": 19, "name": "HSCE Long", "outflow (M)": 0.23}, {"rank": 20, "name": "1658 Long", "outflow (M)": 0.22}], "stats": {"hsi long pos": "-28.12M", "hsi short pos:": "+76.56M", "stocks long pos": "+40.69M", "stocks short pos": "+35.63M"}}