{"top20inflow_10d": [{"rank": 1, "name": "HSI Long", "inflow (M)": 175.67}, {"rank": 2, "name": "1299 Long", "inflow (M)": 60.92}, {"rank": 3, "name": "9988 Long", "inflow (M)": 38.04}, {"rank": 4, "name": "2269 Long", "inflow (M)": 15.7}, {"rank": 5, "name": "2318 Long", "inflow (M)": 14.38}, {"rank": 6, "name": "0700 Short", "inflow (M)": 13.65}, {"rank": 7, "name": "0388 Long", "inflow (M)": 10.97}, {"rank": 8, "name": "1810 Long", "inflow (M)": 8.97}, {"rank": 9, "name": "0941 Long", "inflow (M)": 7.93}, {"rank": 10, "name": "1024 Long", "inflow (M)": 7.59}, {"rank": 11, "name": "2382 Long", "inflow (M)": 6.48}, {"rank": 12, "name": "0700 Long", "inflow (M)": 5.73}, {"rank": 13, "name": "0981 Long", "inflow (M)": 4.67}, {"rank": 14, "name": "0268 Long", "inflow (M)": 4.4}, {"rank": 15, "name": "JPYD Long", "inflow (M)": 3.65}, {"rank": 16, "name": "9868 Long", "inflow (M)": 3.55}, {"rank": 17, "name": "0788 Long", "inflow (M)": 3.5}, {"rank": 18, "name": "2899 Long", "inflow (M)": 3.1}, {"rank": 19, "name": "0358 Long", "inflow (M)": 3.08}, {"rank": 20, "name": "HSCE Long", "inflow (M)": 2.99}], "top20outflow_10d": [{"rank": 1, "name": "HSI Short", "outflow (M)": 85.41}, {"rank": 2, "name": "3690 Long", "outflow (M)": 25.54}, {"rank": 3, "name": "0005 Long", "outflow (M)": 12.49}, {"rank": 4, "name": "9618 Short", "outflow (M)": 5.89}, {"rank": 5, "name": "9618 Long", "outflow (M)": 5.77}, {"rank": 6, "name": "0388 Short", "outflow (M)": 5.36}, {"rank": 7, "name": "1211 Long", "outflow (M)": 4.62}, {"rank": 8, "name": "1109 Long", "outflow (M)": 3.67}, {"rank": 9, "name": "0883 Long", "outflow (M)": 3.52}, {"rank": 10, "name": "2015 Short", "outflow (M)": 2.36}, {"rank": 11, "name": "9988 Short", "outflow (M)": 2.18}, {"rank": 12, "name": "2318 Short", "outflow (M)": 1.67}, {"rank": 13, "name": "N225 Long", "outflow (M)": 1.66}, {"rank": 14, "name": "3968 Long", "outflow (M)": 1.57}, {"rank": 15, "name": "2840 Long", "outflow (M)": 1.47}, {"rank": 16, "name": "1357 Long", "outflow (M)": 1.44}, {"rank": 17, "name": "9868 Short", "outflow (M)": 1.31}, {"rank": 18, "name": "9626 Long", "outflow (M)": 1.28}, {"rank": 19, "name": "0857 Long", "outflow (M)": 1.21}, {"rank": 20, "name": "1088 Long", "outflow (M)": 1.19}], "stats": {"hsi long pos": "+269.13M", "hsi short pos:": "-197.42M", "stocks long pos": "+237.60M", "stocks short pos": "-15.58M"}}