{"top20inflow_20d": [{"rank": 1, "name": "HSI Long", "inflow (M)": 263.88}, {"rank": 2, "name": "0388 Long", "inflow (M)": 70.7}, {"rank": 3, "name": "1299 Long", "inflow (M)": 69.03}, {"rank": 4, "name": "9988 Long", "inflow (M)": 64.46}, {"rank": 5, "name": "0700 Short", "inflow (M)": 36.22}, {"rank": 6, "name": "3690 Short", "inflow (M)": 25.76}, {"rank": 7, "name": "2318 Long", "inflow (M)": 24.87}, {"rank": 8, "name": "0027 Long", "inflow (M)": 9.77}, {"rank": 9, "name": "2382 Long", "inflow (M)": 9.65}, {"rank": 10, "name": "0981 Long", "inflow (M)": 8.33}, {"rank": 11, "name": "1211 Long", "inflow (M)": 8.09}, {"rank": 12, "name": "9888 Long", "inflow (M)": 7.62}, {"rank": 13, "name": "1024 Long", "inflow (M)": 6.67}, {"rank": 14, "name": "2015 Long", "inflow (M)": 5.88}, {"rank": 15, "name": "1810 Short", "inflow (M)": 5.82}, {"rank": 16, "name": "0857 Long", "inflow (M)": 5.58}, {"rank": 17, "name": "9999 Long", "inflow (M)": 5.22}, {"rank": 18, "name": "9868 Long", "inflow (M)": 5.12}, {"rank": 19, "name": "3993 Long", "inflow (M)": 4.82}, {"rank": 20, "name": "2883 Long", "inflow (M)": 4.8}], "top20outflow_20d": [{"rank": 1, "name": "HSI Short", "outflow (M)": 61.47}, {"rank": 2, "name": "0700 Long", "outflow (M)": 28.12}, {"rank": 3, "name": "3690 Long", "outflow (M)": 24.25}, {"rank": 4, "name": "0941 Long", "outflow (M)": 14.81}, {"rank": 5, "name": "1211 Short", "outflow (M)": 10.82}, {"rank": 6, "name": "3968 Long", "outflow (M)": 8.45}, {"rank": 7, "name": "0175 Long", "outflow (M)": 6.55}, {"rank": 8, "name": "0388 Short", "outflow (M)": 5.79}, {"rank": 9, "name": "0005 Long", "outflow (M)": 5.17}, {"rank": 10, "name": "9868 Short", "outflow (M)": 3.71}, {"rank": 11, "name": "2015 Short", "outflow (M)": 3.26}, {"rank": 12, "name": "0386 Long", "outflow (M)": 3.06}, {"rank": 13, "name": "9618 Short", "outflow (M)": 2.72}, {"rank": 14, "name": "2318 Short", "outflow (M)": 2.09}, {"rank": 15, "name": "9618 Long", "outflow (M)": 1.82}, {"rank": 16, "name": "0358 Long", "outflow (M)": 1.8}, {"rank": 17, "name": "SPX Short", "outflow (M)": 1.61}, {"rank": 18, "name": "0939 Long", "outflow (M)": 1.27}, {"rank": 19, "name": "1024 Short", "outflow (M)": 1.2}, {"rank": 20, "name": "2382 Short", "outflow (M)": 1.17}], "stats": {"hsi long pos": "+263.88M", "hsi short pos:": "-61.47M", "stocks long pos": "+263.92M", "stocks short pos": "+52.58M"}}