{"top20inflow_20d": [{"rank": 1, "name": "HSI Long", "inflow (M)": 306.97}, {"rank": 2, "name": "0700 Long", "inflow (M)": 81.06}, {"rank": 3, "name": "HSI Short", "inflow (M)": 67.38}, {"rank": 4, "name": "3690 Long", "inflow (M)": 44.8}, {"rank": 5, "name": "0388 Long", "inflow (M)": 25.94}, {"rank": 6, "name": "DJI Short", "inflow (M)": 18.42}, {"rank": 7, "name": "9999 Short", "inflow (M)": 13.85}, {"rank": 8, "name": "1211 Long", "inflow (M)": 12.22}, {"rank": 9, "name": "3690 Short", "inflow (M)": 10.99}, {"rank": 10, "name": "2318 Long", "inflow (M)": 10.93}, {"rank": 11, "name": "2269 Long", "inflow (M)": 8.8}, {"rank": 12, "name": "1024 Long", "inflow (M)": 7.61}, {"rank": 13, "name": "HSTECH Long", "inflow (M)": 7.56}, {"rank": 14, "name": "9988 Long", "inflow (M)": 5.79}, {"rank": 15, "name": "NDX Short", "inflow (M)": 4.78}, {"rank": 16, "name": "0941 Short", "inflow (M)": 4.66}, {"rank": 17, "name": "0981 Long", "inflow (M)": 4.46}, {"rank": 18, "name": "9618 Short", "inflow (M)": 4.23}, {"rank": 19, "name": "3968 Long", "inflow (M)": 3.75}, {"rank": 20, "name": "1797 Long", "inflow (M)": 3.69}], "top20outflow_20d": [{"rank": 1, "name": "9988 Short", "outflow (M)": 34.27}, {"rank": 2, "name": "0700 Short", "outflow (M)": 27.91}, {"rank": 3, "name": "1211 Short", "outflow (M)": 7.03}, {"rank": 4, "name": "0388 Short", "outflow (M)": 5.53}, {"rank": 5, "name": "0823 Long", "outflow (M)": 4.58}, {"rank": 6, "name": "0005 Long", "outflow (M)": 4.35}, {"rank": 7, "name": "1299 Short", "outflow (M)": 4.21}, {"rank": 8, "name": "2318 Short", "outflow (M)": 3.47}, {"rank": 9, "name": "1810 Short", "outflow (M)": 2.61}, {"rank": 10, "name": "2382 Short", "outflow (M)": 2.16}, {"rank": 11, "name": "9618 Long", "outflow (M)": 1.74}, {"rank": 12, "name": "1928 Long", "outflow (M)": 1.6}, {"rank": 13, "name": "0992 Long", "outflow (M)": 1.54}, {"rank": 14, "name": "1093 Long", "outflow (M)": 1.51}, {"rank": 15, "name": "1810 Long", "outflow (M)": 1.41}, {"rank": 16, "name": "2269 Short", "outflow (M)": 1.32}, {"rank": 17, "name": "1772 Long", "outflow (M)": 1.27}, {"rank": 18, "name": "2020 Short", "outflow (M)": 1.11}, {"rank": 19, "name": "0981 Short", "outflow (M)": 1.08}, {"rank": 20, "name": "0027 Long", "outflow (M)": 0.85}], "stats": {"hsi long pos": "+312.34M", "hsi short pos:": "+63.88M", "stocks long pos": "+228.26M", "stocks short pos": "-50.78M"}}