{"top20inflow_5d": [{"rank": 1, "name": "HSI Short", "inflow (M)": 132.89}, {"rank": 2, "name": "0700 Long", "inflow (M)": 27.27}, {"rank": 3, "name": "9988 Long", "inflow (M)": 7.29}, {"rank": 4, "name": "HSTECH Long", "inflow (M)": 7.09}, {"rank": 5, "name": "2269 Long", "inflow (M)": 3.48}, {"rank": 6, "name": "0883 Long", "inflow (M)": 3.2}, {"rank": 7, "name": "1211 Long", "inflow (M)": 3.09}, {"rank": 8, "name": "0941 Long", "inflow (M)": 2.81}, {"rank": 9, "name": "0005 Short", "inflow (M)": 2.76}, {"rank": 10, "name": "3690 Short", "inflow (M)": 2.46}, {"rank": 11, "name": "0981 Long", "inflow (M)": 2.01}, {"rank": 12, "name": "2331 Long", "inflow (M)": 1.77}, {"rank": 13, "name": "1024 Long", "inflow (M)": 1.59}, {"rank": 14, "name": "1299 Short", "inflow (M)": 1.44}, {"rank": 15, "name": "3968 Short", "inflow (M)": 1.43}, {"rank": 16, "name": "1109 Long", "inflow (M)": 1.26}, {"rank": 17, "name": "0992 Long", "inflow (M)": 1.21}, {"rank": 18, "name": "0386 Long", "inflow (M)": 1.05}, {"rank": 19, "name": "N225 Short", "inflow (M)": 1.0}, {"rank": 20, "name": "DJI Short", "inflow (M)": 0.98}], "top20outflow_5d": [{"rank": 1, "name": "HSI Long", "outflow (M)": 93.21}, {"rank": 2, "name": "9988 Short", "outflow (M)": 10.1}, {"rank": 3, "name": "0700 Short", "outflow (M)": 8.5}, {"rank": 4, "name": "3690 Long", "outflow (M)": 7.65}, {"rank": 5, "name": "0388 Long", "outflow (M)": 3.22}, {"rank": 6, "name": "1928 Long", "outflow (M)": 2.87}, {"rank": 7, "name": "1211 Short", "outflow (M)": 2.73}, {"rank": 8, "name": "SPX Short", "outflow (M)": 2.29}, {"rank": 9, "name": "0027 Long", "outflow (M)": 2.05}, {"rank": 10, "name": "3968 Long", "outflow (M)": 1.67}, {"rank": 11, "name": "9868 Short", "outflow (M)": 1.55}, {"rank": 12, "name": "1810 Short", "outflow (M)": 1.46}, {"rank": 13, "name": "2318 Long", "outflow (M)": 1.3}, {"rank": 14, "name": "9961 Long", "outflow (M)": 1.11}, {"rank": 15, "name": "NDX Long", "outflow (M)": 1.05}, {"rank": 16, "name": "0857 Short", "outflow (M)": 1.05}, {"rank": 17, "name": "1398 Short", "outflow (M)": 0.83}, {"rank": 18, "name": "0981 Short", "outflow (M)": 0.83}, {"rank": 19, "name": "2269 Short", "outflow (M)": 0.81}, {"rank": 20, "name": "1810 Long", "outflow (M)": 0.65}], "stats": {"hsi long pos": "-93.21M", "hsi short pos:": "+132.89M", "stocks long pos": "+38.95M", "stocks short pos": "-17.01M"}}