{"top20inflow_20d": [{"rank": 1, "name": "HSI Long", "inflow (M)": 575.87}, {"rank": 2, "name": "3690 Long", "inflow (M)": 57.61}, {"rank": 3, "name": "0700 Long", "inflow (M)": 53.48}, {"rank": 4, "name": "0388 Long", "inflow (M)": 23.94}, {"rank": 5, "name": "1211 Long", "inflow (M)": 22.43}, {"rank": 6, "name": "9988 Long", "inflow (M)": 22.14}, {"rank": 7, "name": "2269 Long", "inflow (M)": 21.74}, {"rank": 8, "name": "2318 Long", "inflow (M)": 17.45}, {"rank": 9, "name": "9988 Short", "inflow (M)": 15.06}, {"rank": 10, "name": "3968 Long", "inflow (M)": 14.93}, {"rank": 11, "name": "2269 Short", "inflow (M)": 12.99}, {"rank": 12, "name": "0883 Long", "inflow (M)": 12.27}, {"rank": 13, "name": "1810 Long", "inflow (M)": 11.52}, {"rank": 14, "name": "JPYD Long", "inflow (M)": 10.33}, {"rank": 15, "name": "0981 Long", "inflow (M)": 10.07}, {"rank": 16, "name": "HSTECH Long", "inflow (M)": 9.28}, {"rank": 17, "name": "NDX Short", "inflow (M)": 7.93}, {"rank": 18, "name": "1299 Long", "inflow (M)": 7.61}, {"rank": 19, "name": "0992 Long", "inflow (M)": 7.53}, {"rank": 20, "name": "SPX Short", "inflow (M)": 7.2}], "top20outflow_20d": [{"rank": 1, "name": "HSI Short", "outflow (M)": 234.12}, {"rank": 2, "name": "1211 Short", "outflow (M)": 35.57}, {"rank": 3, "name": "0700 Short", "outflow (M)": 34.62}, {"rank": 4, "name": "0388 Short", "outflow (M)": 5.42}, {"rank": 5, "name": "1810 Short", "outflow (M)": 4.71}, {"rank": 6, "name": "2382 Short", "outflow (M)": 2.64}, {"rank": 7, "name": "2015 Short", "outflow (M)": 2.47}, {"rank": 8, "name": "9618 Short", "outflow (M)": 2.42}, {"rank": 9, "name": "9999 Short", "outflow (M)": 2.4}, {"rank": 10, "name": "0992 Short", "outflow (M)": 2.14}, {"rank": 11, "name": "3988 Short", "outflow (M)": 1.47}, {"rank": 12, "name": "0981 Short", "outflow (M)": 1.0}, {"rank": 13, "name": "1024 Short", "outflow (M)": 0.97}, {"rank": 14, "name": "HSTECH Short", "outflow (M)": 0.93}, {"rank": 15, "name": "2020 Short", "outflow (M)": 0.74}, {"rank": 16, "name": "2018 Short", "outflow (M)": 0.69}, {"rank": 17, "name": "9888 Short", "outflow (M)": 0.53}, {"rank": 18, "name": "2331 Long", "outflow (M)": 0.42}, {"rank": 19, "name": "0902 Long", "outflow (M)": 0.39}, {"rank": 20, "name": "2899 Long", "outflow (M)": 0.36}], "stats": {"hsi long pos": "+587.17M", "hsi short pos:": "-227.47M", "stocks long pos": "+363.27M", "stocks short pos": "-49.85M"}}