{"top20inflow_10d": [{"rank": 1, "name": "HSI Long", "inflow (M)": 559.19}, {"rank": 2, "name": "0700 Long", "inflow (M)": 48.6}, {"rank": 3, "name": "3690 Long", "inflow (M)": 30.37}, {"rank": 4, "name": "9988 Long", "inflow (M)": 26.36}, {"rank": 5, "name": "1211 Short", "inflow (M)": 14.24}, {"rank": 6, "name": "3690 Short", "inflow (M)": 12.45}, {"rank": 7, "name": "9988 Short", "inflow (M)": 12.21}, {"rank": 8, "name": "0388 Long", "inflow (M)": 9.88}, {"rank": 9, "name": "0005 Long", "inflow (M)": 7.95}, {"rank": 10, "name": "2318 Long", "inflow (M)": 5.63}, {"rank": 11, "name": "1810 Long", "inflow (M)": 5.63}, {"rank": 12, "name": "9888 Long", "inflow (M)": 4.97}, {"rank": 13, "name": "9618 Long", "inflow (M)": 4.55}, {"rank": 14, "name": "NDX Short", "inflow (M)": 4.44}, {"rank": 15, "name": "1299 Long", "inflow (M)": 4.1}, {"rank": 16, "name": "1024 Long", "inflow (M)": 3.68}, {"rank": 17, "name": "HSTECH Long", "inflow (M)": 3.46}, {"rank": 18, "name": "9868 Long", "inflow (M)": 3.24}, {"rank": 19, "name": "0981 Long", "inflow (M)": 3.21}, {"rank": 20, "name": "2269 Long", "inflow (M)": 2.67}], "top20outflow_10d": [{"rank": 1, "name": "HSI Short", "outflow (M)": 284.59}, {"rank": 2, "name": "0700 Short", "outflow (M)": 27.4}, {"rank": 3, "name": "0388 Short", "outflow (M)": 8.19}, {"rank": 4, "name": "1810 Short", "outflow (M)": 4.68}, {"rank": 5, "name": "1024 Short", "outflow (M)": 2.24}, {"rank": 6, "name": "9618 Short", "outflow (M)": 2.23}, {"rank": 7, "name": "9868 Short", "outflow (M)": 2.12}, {"rank": 8, "name": "3988 Short", "outflow (M)": 1.73}, {"rank": 9, "name": "2382 Short", "outflow (M)": 1.17}, {"rank": 10, "name": "0981 Short", "outflow (M)": 1.09}, {"rank": 11, "name": "DJI Short", "outflow (M)": 1.01}, {"rank": 12, "name": "2015 Short", "outflow (M)": 1.0}, {"rank": 13, "name": "0005 Short", "outflow (M)": 0.83}, {"rank": 14, "name": "9888 Short", "outflow (M)": 0.79}, {"rank": 15, "name": "2020 Short", "outflow (M)": 0.67}, {"rank": 16, "name": "2269 Short", "outflow (M)": 0.65}, {"rank": 17, "name": "0762 Long", "outflow (M)": 0.45}, {"rank": 18, "name": "0857 Short", "outflow (M)": 0.34}, {"rank": 19, "name": "2382 Long", "outflow (M)": 0.34}, {"rank": 20, "name": "0902 Long", "outflow (M)": 0.27}], "stats": {"hsi long pos": "+503.87M", "hsi short pos:": "-218.87M", "stocks long pos": "+183.41M", "stocks short pos": "-9.45M"}}