{"top20inflow_5d": [{"rank": 1, "name": "HSI Long", "inflow (M)": 33.33}, {"rank": 2, "name": "3690 Long", "inflow (M)": 14.29}, {"rank": 3, "name": "1211 Short", "inflow (M)": 7.92}, {"rank": 4, "name": "2015 Short", "inflow (M)": 6.64}, {"rank": 5, "name": "9888 Long", "inflow (M)": 4.52}, {"rank": 6, "name": "0700 Short", "inflow (M)": 4.38}, {"rank": 7, "name": "9988 Long", "inflow (M)": 4.19}, {"rank": 8, "name": "0388 Short", "inflow (M)": 3.72}, {"rank": 9, "name": "3690 Short", "inflow (M)": 3.11}, {"rank": 10, "name": "2382 Long", "inflow (M)": 3.04}, {"rank": 11, "name": "JPYD Long", "inflow (M)": 2.65}, {"rank": 12, "name": "0005 Long", "inflow (M)": 2.31}, {"rank": 13, "name": "0354 Long", "inflow (M)": 2.26}, {"rank": 14, "name": "0981 Long", "inflow (M)": 2.18}, {"rank": 15, "name": "1810 Long", "inflow (M)": 2.1}, {"rank": 16, "name": "1024 Long", "inflow (M)": 1.97}, {"rank": 17, "name": "1299 Short", "inflow (M)": 1.69}, {"rank": 18, "name": "NDX Short", "inflow (M)": 1.5}, {"rank": 19, "name": "2015 Long", "inflow (M)": 1.41}, {"rank": 20, "name": "1357 Long", "inflow (M)": 1.31}], "top20outflow_5d": [{"rank": 1, "name": "HSI Short", "outflow (M)": 41.17}, {"rank": 2, "name": "9999 Short", "outflow (M)": 6.4}, {"rank": 3, "name": "9988 Short", "outflow (M)": 1.83}, {"rank": 4, "name": "1810 Short", "outflow (M)": 1.17}, {"rank": 5, "name": "DJI Short", "outflow (M)": 1.15}, {"rank": 6, "name": "1211 Long", "outflow (M)": 1.09}, {"rank": 7, "name": "2020 Short", "outflow (M)": 0.94}, {"rank": 8, "name": "1024 Short", "outflow (M)": 0.76}, {"rank": 9, "name": "0388 Long", "outflow (M)": 0.76}, {"rank": 10, "name": "9618 Short", "outflow (M)": 0.68}, {"rank": 11, "name": "2318 Short", "outflow (M)": 0.59}, {"rank": 12, "name": "2269 Long", "outflow (M)": 0.57}, {"rank": 13, "name": "9999 Long", "outflow (M)": 0.52}, {"rank": 14, "name": "2382 Short", "outflow (M)": 0.43}, {"rank": 15, "name": "0939 Long", "outflow (M)": 0.43}, {"rank": 16, "name": "2020 Long", "outflow (M)": 0.42}, {"rank": 17, "name": "2380 Long", "outflow (M)": 0.36}, {"rank": 18, "name": "0902 Long", "outflow (M)": 0.33}, {"rank": 19, "name": "0291 Long", "outflow (M)": 0.29}, {"rank": 20, "name": "6862 Long", "outflow (M)": 0.28}], "stats": {"hsi long pos": "+33.33M", "hsi short pos:": "-41.17M", "stocks long pos": "+48.36M", "stocks short pos": "+16.41M"}}