{"top20inflow_1d": [{"rank": 1, "name": "HSI Short", "inflow (M)": 25.89}, {"rank": 2, "name": "0700 Long", "inflow (M)": 14.91}, {"rank": 3, "name": "1299 Long", "inflow (M)": 5.54}, {"rank": 4, "name": "3690 Short", "inflow (M)": 2.87}, {"rank": 5, "name": "0939 Short", "inflow (M)": 1.76}, {"rank": 6, "name": "1211 Short", "inflow (M)": 1.07}, {"rank": 7, "name": "2840 Long", "inflow (M)": 0.92}, {"rank": 8, "name": "9888 Long", "inflow (M)": 0.87}, {"rank": 9, "name": "9961 Short", "inflow (M)": 0.83}, {"rank": 10, "name": "2318 Long", "inflow (M)": 0.81}, {"rank": 11, "name": "DJI Short", "inflow (M)": 0.8}, {"rank": 12, "name": "NDX Short", "inflow (M)": 0.76}, {"rank": 13, "name": "2018 Long", "inflow (M)": 0.76}, {"rank": 14, "name": "0354 Long", "inflow (M)": 0.66}, {"rank": 15, "name": "0981 Long", "inflow (M)": 0.59}, {"rank": 16, "name": "0291 Long", "inflow (M)": 0.54}, {"rank": 17, "name": "0883 Long", "inflow (M)": 0.54}, {"rank": 18, "name": "0005 Short", "inflow (M)": 0.52}, {"rank": 19, "name": "0941 Short", "inflow (M)": 0.51}, {"rank": 20, "name": "9988 Short", "inflow (M)": 0.42}], "top20outflow_1d": [{"rank": 1, "name": "HSI Long", "outflow (M)": 19.92}, {"rank": 2, "name": "0700 Short", "outflow (M)": 3.39}, {"rank": 3, "name": "0941 Long", "outflow (M)": 3.02}, {"rank": 4, "name": "3690 Long", "outflow (M)": 3.0}, {"rank": 5, "name": "0388 Short", "outflow (M)": 1.37}, {"rank": 6, "name": "3968 Long", "outflow (M)": 0.97}, {"rank": 7, "name": "1810 Long", "outflow (M)": 0.95}, {"rank": 8, "name": "0857 Long", "outflow (M)": 0.78}, {"rank": 9, "name": "2269 Long", "outflow (M)": 0.7}, {"rank": 10, "name": "0916 Long", "outflow (M)": 0.67}, {"rank": 11, "name": "2600 Long", "outflow (M)": 0.63}, {"rank": 12, "name": "1818 Long", "outflow (M)": 0.59}, {"rank": 13, "name": "1171 Long", "outflow (M)": 0.42}, {"rank": 14, "name": "JPYD= Long", "outflow (M)": 0.42}, {"rank": 15, "name": "0358 Long", "outflow (M)": 0.41}, {"rank": 16, "name": "1288 Long", "outflow (M)": 0.41}, {"rank": 17, "name": "HSCE Long", "outflow (M)": 0.4}, {"rank": 18, "name": "1208 Long", "outflow (M)": 0.34}, {"rank": 19, "name": "0386 Long", "outflow (M)": 0.33}, {"rank": 20, "name": "2382 Short", "outflow (M)": 0.32}], "stats": {"hsi long pos": "-19.92M", "hsi short pos:": "+25.89M", "stocks long pos": "+13.00M", "stocks short pos": "+3.73M"}}