{"top20inflow_20d": [{"rank": 1, "name": "HSI Long", "inflow (M)": 853.18}, {"rank": 2, "name": "3690 Long", "inflow (M)": 143.69}, {"rank": 3, "name": "9988 Long", "inflow (M)": 118.27}, {"rank": 4, "name": "0388 Long", "inflow (M)": 65.42}, {"rank": 5, "name": "1211 Long", "inflow (M)": 49.23}, {"rank": 6, "name": "0700 Short", "inflow (M)": 23.6}, {"rank": 7, "name": "2318 Long", "inflow (M)": 19.72}, {"rank": 8, "name": "1299 Long", "inflow (M)": 14.24}, {"rank": 9, "name": "DJI Short", "inflow (M)": 13.84}, {"rank": 10, "name": "9988 Short", "inflow (M)": 11.95}, {"rank": 11, "name": "2269 Long", "inflow (M)": 11.92}, {"rank": 12, "name": "1810 Long", "inflow (M)": 10.07}, {"rank": 13, "name": "0700 Long", "inflow (M)": 9.0}, {"rank": 14, "name": "0175 Long", "inflow (M)": 7.42}, {"rank": 15, "name": "HSTECH Long", "inflow (M)": 6.89}, {"rank": 16, "name": "1024 Long", "inflow (M)": 6.56}, {"rank": 17, "name": "3968 Long", "inflow (M)": 5.09}, {"rank": 18, "name": "0027 Long", "inflow (M)": 4.65}, {"rank": 19, "name": "NDX Short", "inflow (M)": 3.98}, {"rank": 20, "name": "9999 Short", "inflow (M)": 3.72}], "top20outflow_20d": [{"rank": 1, "name": "HSI Short", "outflow (M)": 247.14}, {"rank": 2, "name": "1211 Short", "outflow (M)": 16.3}, {"rank": 3, "name": "3690 Short", "outflow (M)": 15.17}, {"rank": 4, "name": "1810 Short", "outflow (M)": 8.04}, {"rank": 5, "name": "9618 Long", "outflow (M)": 5.77}, {"rank": 6, "name": "1299 Short", "outflow (M)": 4.99}, {"rank": 7, "name": "0941 Long", "outflow (M)": 4.46}, {"rank": 8, "name": "0981 Short", "outflow (M)": 4.09}, {"rank": 9, "name": "2318 Short", "outflow (M)": 3.52}, {"rank": 10, "name": "0005 Long", "outflow (M)": 3.32}, {"rank": 11, "name": "2015 Short", "outflow (M)": 3.16}, {"rank": 12, "name": "0388 Short", "outflow (M)": 3.16}, {"rank": 13, "name": "0857 Long", "outflow (M)": 2.38}, {"rank": 14, "name": "0902 Long", "outflow (M)": 2.19}, {"rank": 15, "name": "0883 Long", "outflow (M)": 1.61}, {"rank": 16, "name": "2269 Short", "outflow (M)": 1.45}, {"rank": 17, "name": "2382 Short", "outflow (M)": 1.22}, {"rank": 18, "name": "HSTECH Short", "outflow (M)": 1.15}, {"rank": 19, "name": "6862 Long", "outflow (M)": 1.14}, {"rank": 20, "name": "9992 Long", "outflow (M)": 1.03}], "stats": {"hsi long pos": "+853.18M", "hsi short pos:": "-247.14M", "stocks long pos": "+491.41M", "stocks short pos": "-16.60M"}}