{"top20inflow_5d": [{"rank": 1, "name": "HSI Short", "inflow (M)": 63.77}, {"rank": 2, "name": "HSI Long", "inflow (M)": 51.14}, {"rank": 3, "name": "1211 Short", "inflow (M)": 12.63}, {"rank": 4, "name": "1810 Long", "inflow (M)": 12.45}, {"rank": 5, "name": "DJI Short", "inflow (M)": 8.91}, {"rank": 6, "name": "0700 Short", "inflow (M)": 5.88}, {"rank": 7, "name": "1299 Long", "inflow (M)": 5.79}, {"rank": 8, "name": "3690 Long", "inflow (M)": 5.55}, {"rank": 9, "name": "1211 Long", "inflow (M)": 4.47}, {"rank": 10, "name": "9618 Long", "inflow (M)": 3.02}, {"rank": 11, "name": "0175 Long", "inflow (M)": 2.4}, {"rank": 12, "name": "0388 Long", "inflow (M)": 2.23}, {"rank": 13, "name": "1024 Long", "inflow (M)": 1.95}, {"rank": 14, "name": "2319 Long", "inflow (M)": 1.84}, {"rank": 15, "name": "HSTECH Long", "inflow (M)": 1.63}, {"rank": 16, "name": "2382 Long", "inflow (M)": 1.56}, {"rank": 17, "name": "2018 Long", "inflow (M)": 1.41}, {"rank": 18, "name": "0005 Long", "inflow (M)": 1.33}, {"rank": 19, "name": "0883 Short", "inflow (M)": 1.28}, {"rank": 20, "name": "2333 Long", "inflow (M)": 1.26}], "top20outflow_5d": [{"rank": 1, "name": "0700 Long", "outflow (M)": 19.31}, {"rank": 2, "name": "9999 Short", "outflow (M)": 14.33}, {"rank": 3, "name": "9988 Short", "outflow (M)": 6.37}, {"rank": 4, "name": "9999 Long", "outflow (M)": 3.31}, {"rank": 5, "name": "9618 Short", "outflow (M)": 1.94}, {"rank": 6, "name": "0823 Long", "outflow (M)": 1.54}, {"rank": 7, "name": "0902 Long", "outflow (M)": 1.21}, {"rank": 8, "name": "0883 Long", "outflow (M)": 1.04}, {"rank": 9, "name": "3690 Short", "outflow (M)": 0.98}, {"rank": 10, "name": "2382 Short", "outflow (M)": 0.77}, {"rank": 11, "name": "0857 Long", "outflow (M)": 0.74}, {"rank": 12, "name": "9988 Long", "outflow (M)": 0.7}, {"rank": 13, "name": "0388 Short", "outflow (M)": 0.58}, {"rank": 14, "name": "1928 Long", "outflow (M)": 0.57}, {"rank": 15, "name": "0981 Long", "outflow (M)": 0.55}, {"rank": 16, "name": "9868 Short", "outflow (M)": 0.54}, {"rank": 17, "name": "1797 Short", "outflow (M)": 0.5}, {"rank": 18, "name": "9866 Long", "outflow (M)": 0.35}, {"rank": 19, "name": "1772 Long", "outflow (M)": 0.34}, {"rank": 20, "name": "2800 Long", "outflow (M)": 0.33}], "stats": {"hsi long pos": "+60.23M", "hsi short pos:": "+66.88M", "stocks long pos": "+34.63M", "stocks short pos": "+6.00M"}}