{"top20inflow_1d": [{"rank": 1, "name": "HSI Long", "inflow (M)": 8.8}, {"rank": 2, "name": "0700 Long", "inflow (M)": 5.78}, {"rank": 3, "name": "3690 Long", "inflow (M)": 3.78}, {"rank": 4, "name": "0005 Long", "inflow (M)": 2.02}, {"rank": 5, "name": "2318 Long", "inflow (M)": 1.41}, {"rank": 6, "name": "1797 Short", "inflow (M)": 1.3}, {"rank": 7, "name": "0883 Long", "inflow (M)": 1.14}, {"rank": 8, "name": "1211 Long", "inflow (M)": 1.03}, {"rank": 9, "name": "1810 Long", "inflow (M)": 0.66}, {"rank": 10, "name": "1919 Long", "inflow (M)": 0.44}, {"rank": 11, "name": "0823 Long", "inflow (M)": 0.43}, {"rank": 12, "name": "HSTECH Long", "inflow (M)": 0.39}, {"rank": 13, "name": "2020 Long", "inflow (M)": 0.38}, {"rank": 14, "name": "0941 Long", "inflow (M)": 0.36}, {"rank": 15, "name": "DJI Short", "inflow (M)": 0.35}, {"rank": 16, "name": "9988 Long", "inflow (M)": 0.33}, {"rank": 17, "name": "9868 Long", "inflow (M)": 0.32}, {"rank": 18, "name": "NDX Short", "inflow (M)": 0.32}, {"rank": 19, "name": "0354 Long", "inflow (M)": 0.28}, {"rank": 20, "name": "2015 Long", "inflow (M)": 0.27}], "top20outflow_1d": [{"rank": 1, "name": "HSI Short", "outflow (M)": 26.27}, {"rank": 2, "name": "0700 Short", "outflow (M)": 5.92}, {"rank": 3, "name": "0388 Short", "outflow (M)": 3.35}, {"rank": 4, "name": "3690 Short", "outflow (M)": 1.64}, {"rank": 5, "name": "9868 Short", "outflow (M)": 1.26}, {"rank": 6, "name": "9618 Short", "outflow (M)": 1.04}, {"rank": 7, "name": "1211 Short", "outflow (M)": 0.85}, {"rank": 8, "name": "0388 Long", "outflow (M)": 0.69}, {"rank": 9, "name": "2382 Short", "outflow (M)": 0.57}, {"rank": 10, "name": "2018 Long", "outflow (M)": 0.34}, {"rank": 11, "name": "JPYD= Short", "outflow (M)": 0.32}, {"rank": 12, "name": "1810 Short", "outflow (M)": 0.31}, {"rank": 13, "name": "N225 Short", "outflow (M)": 0.26}, {"rank": 14, "name": "1299 Short", "outflow (M)": 0.24}, {"rank": 15, "name": "9988 Short", "outflow (M)": 0.2}, {"rank": 16, "name": "9888 Short", "outflow (M)": 0.17}, {"rank": 17, "name": "0175 Long", "outflow (M)": 0.14}, {"rank": 18, "name": "0016 Short", "outflow (M)": 0.13}, {"rank": 19, "name": "0027 Short", "outflow (M)": 0.12}, {"rank": 20, "name": "9888 Long", "outflow (M)": 0.1}], "stats": {"hsi long pos": "+8.80M", "hsi short pos:": "-26.27M", "stocks long pos": "+19.36M", "stocks short pos": "-14.42M"}}