{"top20inflow_5d": [{"rank": 1, "name": "HSI Long", "inflow (M)": 102.79}, {"rank": 2, "name": "9988 Long", "inflow (M)": 30.18}, {"rank": 3, "name": "1299 Long", "inflow (M)": 26.77}, {"rank": 4, "name": "2318 Long", "inflow (M)": 14.28}, {"rank": 5, "name": "0388 Long", "inflow (M)": 11.28}, {"rank": 6, "name": "3690 Long", "inflow (M)": 6.15}, {"rank": 7, "name": "3993 Long", "inflow (M)": 5.09}, {"rank": 8, "name": "0027 Long", "inflow (M)": 4.62}, {"rank": 9, "name": "0857 Long", "inflow (M)": 4.24}, {"rank": 10, "name": "0268 Long", "inflow (M)": 3.94}, {"rank": 11, "name": "9888 Long", "inflow (M)": 3.7}, {"rank": 12, "name": "0981 Long", "inflow (M)": 3.15}, {"rank": 13, "name": "3690 Short", "inflow (M)": 3.07}, {"rank": 14, "name": "2899 Long", "inflow (M)": 3.04}, {"rank": 15, "name": "1299 Short", "inflow (M)": 3.0}, {"rank": 16, "name": "9999 Long", "inflow (M)": 2.97}, {"rank": 17, "name": "9988 Short", "inflow (M)": 2.92}, {"rank": 18, "name": "0700 Short", "inflow (M)": 2.72}, {"rank": 19, "name": "1810 Short", "inflow (M)": 2.67}, {"rank": 20, "name": "2331 Long", "inflow (M)": 2.62}], "top20outflow_5d": [{"rank": 1, "name": "0700 Long", "outflow (M)": 32.59}, {"rank": 2, "name": "HSI Short", "outflow (M)": 22.53}, {"rank": 3, "name": "1810 Long", "outflow (M)": 14.92}, {"rank": 4, "name": "0941 Long", "outflow (M)": 6.63}, {"rank": 5, "name": "1211 Long", "outflow (M)": 6.15}, {"rank": 6, "name": "0175 Long", "outflow (M)": 6.03}, {"rank": 7, "name": "DJI Short", "outflow (M)": 2.6}, {"rank": 8, "name": "0005 Long", "outflow (M)": 1.54}, {"rank": 9, "name": "2318 Short", "outflow (M)": 1.18}, {"rank": 10, "name": "JPYD= Long", "outflow (M)": 1.02}, {"rank": 11, "name": "2333 Long", "outflow (M)": 0.95}, {"rank": 12, "name": "2840 Long", "outflow (M)": 0.91}, {"rank": 13, "name": "0880 Long", "outflow (M)": 0.81}, {"rank": 14, "name": "2319 Long", "outflow (M)": 0.68}, {"rank": 15, "name": "9868 Long", "outflow (M)": 0.67}, {"rank": 16, "name": "0354 Long", "outflow (M)": 0.66}, {"rank": 17, "name": "0386 Long", "outflow (M)": 0.57}, {"rank": 18, "name": "0358 Long", "outflow (M)": 0.56}, {"rank": 19, "name": "0992 Short", "outflow (M)": 0.52}, {"rank": 20, "name": "1024 Short", "outflow (M)": 0.5}], "stats": {"hsi long pos": "+102.79M", "hsi short pos:": "-22.53M", "stocks long pos": "+76.15M", "stocks short pos": "+16.99M"}}