{"top20inflow_5d": [{"rank": 1, "name": "HSI Long", "inflow (M)": 176.37}, {"rank": 2, "name": "1299 Long", "inflow (M)": 47.02}, {"rank": 3, "name": "0700 Long", "inflow (M)": 24.2}, {"rank": 4, "name": "9988 Long", "inflow (M)": 15.88}, {"rank": 5, "name": "2269 Long", "inflow (M)": 14.69}, {"rank": 6, "name": "0941 Long", "inflow (M)": 13.95}, {"rank": 7, "name": "0388 Long", "inflow (M)": 12.52}, {"rank": 8, "name": "1810 Long", "inflow (M)": 7.71}, {"rank": 9, "name": "2318 Long", "inflow (M)": 6.68}, {"rank": 10, "name": "0268 Long", "inflow (M)": 4.9}, {"rank": 11, "name": "1024 Long", "inflow (M)": 4.12}, {"rank": 12, "name": "2015 Long", "inflow (M)": 3.05}, {"rank": 13, "name": "JPYD Long", "inflow (M)": 3.02}, {"rank": 14, "name": "0788 Long", "inflow (M)": 2.72}, {"rank": 15, "name": "2899 Long", "inflow (M)": 2.66}, {"rank": 16, "name": "0358 Long", "inflow (M)": 2.5}, {"rank": 17, "name": "HSCE Long", "inflow (M)": 1.81}, {"rank": 18, "name": "2018 Long", "inflow (M)": 1.61}, {"rank": 19, "name": "0763 Long", "inflow (M)": 1.44}, {"rank": 20, "name": "2382 Long", "inflow (M)": 1.4}], "top20outflow_5d": [{"rank": 1, "name": "HSI Short", "outflow (M)": 161.39}, {"rank": 2, "name": "3690 Short", "outflow (M)": 11.57}, {"rank": 3, "name": "0700 Short", "outflow (M)": 10.26}, {"rank": 4, "name": "0388 Short", "outflow (M)": 7.6}, {"rank": 5, "name": "3690 Long", "outflow (M)": 5.33}, {"rank": 6, "name": "9618 Short", "outflow (M)": 5.19}, {"rank": 7, "name": "0883 Long", "outflow (M)": 3.89}, {"rank": 8, "name": "1109 Long", "outflow (M)": 2.83}, {"rank": 9, "name": "9988 Short", "outflow (M)": 2.74}, {"rank": 10, "name": "2015 Short", "outflow (M)": 2.43}, {"rank": 11, "name": "1299 Short", "outflow (M)": 2.4}, {"rank": 12, "name": "1211 Long", "outflow (M)": 1.76}, {"rank": 13, "name": "0823 Long", "outflow (M)": 1.68}, {"rank": 14, "name": "3968 Short", "outflow (M)": 1.62}, {"rank": 15, "name": "9618 Long", "outflow (M)": 1.46}, {"rank": 16, "name": "0005 Long", "outflow (M)": 1.35}, {"rank": 17, "name": "2840 Long", "outflow (M)": 1.31}, {"rank": 18, "name": "NDX Long", "outflow (M)": 1.22}, {"rank": 19, "name": "0386 Long", "outflow (M)": 1.14}, {"rank": 20, "name": "2269 Short", "outflow (M)": 1.12}], "stats": {"hsi long pos": "+56.29M", "hsi short pos:": "-100.74M", "stocks long pos": "+131.53M", "stocks short pos": "-16.59M"}}