{"top20inflow_20d": [{"rank": 1, "name": "HSI Long", "inflow (M)": 284.11}, {"rank": 2, "name": "1299 Long", "inflow (M)": 101.66}, {"rank": 3, "name": "9988 Long", "inflow (M)": 63.75}, {"rank": 4, "name": "0388 Long", "inflow (M)": 62.61}, {"rank": 5, "name": "2318 Long", "inflow (M)": 30.06}, {"rank": 6, "name": "0700 Short", "inflow (M)": 22.8}, {"rank": 7, "name": "3690 Short", "inflow (M)": 17.81}, {"rank": 8, "name": "2269 Long", "inflow (M)": 13.94}, {"rank": 9, "name": "0981 Long", "inflow (M)": 9.25}, {"rank": 10, "name": "1024 Long", "inflow (M)": 8.83}, {"rank": 11, "name": "0268 Long", "inflow (M)": 8.76}, {"rank": 12, "name": "9888 Long", "inflow (M)": 8.36}, {"rank": 13, "name": "2382 Long", "inflow (M)": 8.2}, {"rank": 14, "name": "2015 Long", "inflow (M)": 7.52}, {"rank": 15, "name": "2883 Long", "inflow (M)": 6.15}, {"rank": 16, "name": "9999 Long", "inflow (M)": 5.77}, {"rank": 17, "name": "1810 Short", "inflow (M)": 5.16}, {"rank": 18, "name": "0027 Long", "inflow (M)": 5.14}, {"rank": 19, "name": "9868 Long", "inflow (M)": 4.97}, {"rank": 20, "name": "3993 Long", "inflow (M)": 4.87}], "top20outflow_20d": [{"rank": 1, "name": "HSI Short", "outflow (M)": 146.79}, {"rank": 2, "name": "3690 Long", "outflow (M)": 33.95}, {"rank": 3, "name": "0700 Long", "outflow (M)": 28.15}, {"rank": 4, "name": "0005 Long", "outflow (M)": 12.69}, {"rank": 5, "name": "0388 Short", "outflow (M)": 11.54}, {"rank": 6, "name": "1211 Short", "outflow (M)": 8.12}, {"rank": 7, "name": "0175 Long", "outflow (M)": 7.34}, {"rank": 8, "name": "9618 Short", "outflow (M)": 7.25}, {"rank": 9, "name": "2015 Short", "outflow (M)": 3.83}, {"rank": 10, "name": "0883 Long", "outflow (M)": 3.58}, {"rank": 11, "name": "9618 Long", "outflow (M)": 3.55}, {"rank": 12, "name": "9868 Short", "outflow (M)": 3.41}, {"rank": 13, "name": "2840 Long", "outflow (M)": 3.17}, {"rank": 14, "name": "2318 Short", "outflow (M)": 2.94}, {"rank": 15, "name": "1109 Long", "outflow (M)": 2.88}, {"rank": 16, "name": "0386 Long", "outflow (M)": 2.58}, {"rank": 17, "name": "3968 Long", "outflow (M)": 2.27}, {"rank": 18, "name": "1357 Long", "outflow (M)": 1.89}, {"rank": 19, "name": "1088 Long", "outflow (M)": 1.43}, {"rank": 20, "name": "1024 Short", "outflow (M)": 1.42}], "stats": {"hsi long pos": "+284.11M", "hsi short pos:": "-146.79M", "stocks long pos": "+303.34M", "stocks short pos": "+17.57M"}}