{"top20inflow_10d": [{"rank": 1, "name": "HSI Long", "inflow (M)": 169.27}, {"rank": 2, "name": "0388 Long", "inflow (M)": 24.79}, {"rank": 3, "name": "3690 Long", "inflow (M)": 15.86}, {"rank": 4, "name": "9988 Long", "inflow (M)": 14.42}, {"rank": 5, "name": "2318 Long", "inflow (M)": 9.06}, {"rank": 6, "name": "0700 Long", "inflow (M)": 7.91}, {"rank": 7, "name": "1211 Long", "inflow (M)": 7.71}, {"rank": 8, "name": "DJI Short", "inflow (M)": 6.61}, {"rank": 9, "name": "9999 Short", "inflow (M)": 5.91}, {"rank": 10, "name": "3690 Short", "inflow (M)": 5.01}, {"rank": 11, "name": "0941 Long", "inflow (M)": 4.92}, {"rank": 12, "name": "HSTECH Long", "inflow (M)": 4.13}, {"rank": 13, "name": "0883 Long", "inflow (M)": 4.07}, {"rank": 14, "name": "2269 Long", "inflow (M)": 3.67}, {"rank": 15, "name": "3968 Long", "inflow (M)": 2.69}, {"rank": 16, "name": "0981 Long", "inflow (M)": 2.41}, {"rank": 17, "name": "2840 Long", "inflow (M)": 2.19}, {"rank": 18, "name": "9999 Long", "inflow (M)": 2.13}, {"rank": 19, "name": "0354 Long", "inflow (M)": 2.12}, {"rank": 20, "name": "2822 Long", "inflow (M)": 1.98}], "top20outflow_10d": [{"rank": 1, "name": "HSI Short", "outflow (M)": 48.35}, {"rank": 2, "name": "1810 Long", "outflow (M)": 9.72}, {"rank": 3, "name": "1211 Short", "outflow (M)": 8.76}, {"rank": 4, "name": "1810 Short", "outflow (M)": 6.34}, {"rank": 5, "name": "0388 Short", "outflow (M)": 4.6}, {"rank": 6, "name": "0700 Short", "outflow (M)": 4.24}, {"rank": 7, "name": "2269 Short", "outflow (M)": 4.02}, {"rank": 8, "name": "0823 Long", "outflow (M)": 2.37}, {"rank": 9, "name": "9988 Short", "outflow (M)": 1.1}, {"rank": 10, "name": "2382 Short", "outflow (M)": 1.0}, {"rank": 11, "name": "2020 Long", "outflow (M)": 0.91}, {"rank": 12, "name": "1299 Long", "outflow (M)": 0.89}, {"rank": 13, "name": "1772 Long", "outflow (M)": 0.86}, {"rank": 14, "name": "HSTECH Short", "outflow (M)": 0.84}, {"rank": 15, "name": "0939 Long", "outflow (M)": 0.83}, {"rank": 16, "name": "1093 Long", "outflow (M)": 0.82}, {"rank": 17, "name": "3968 Short", "outflow (M)": 0.73}, {"rank": 18, "name": "9888 Short", "outflow (M)": 0.7}, {"rank": 19, "name": "0981 Short", "outflow (M)": 0.64}, {"rank": 20, "name": "0883 Short", "outflow (M)": 0.64}], "stats": {"hsi long pos": "+169.27M", "hsi short pos:": "-48.35M", "stocks long pos": "+103.76M", "stocks short pos": "-16.02M"}}