{"top20inflow_20d": [{"rank": 1, "name": "HSI Short", "inflow (M)": 456.85}, {"rank": 2, "name": "0700 Long", "inflow (M)": 63.64}, {"rank": 3, "name": "9988 Long", "inflow (M)": 36.83}, {"rank": 4, "name": "1211 Short", "inflow (M)": 27.53}, {"rank": 5, "name": "3690 Short", "inflow (M)": 25.86}, {"rank": 6, "name": "9888 Long", "inflow (M)": 18.32}, {"rank": 7, "name": "NDX Long", "inflow (M)": 13.02}, {"rank": 8, "name": "1299 Long", "inflow (M)": 12.86}, {"rank": 9, "name": "9618 Short", "inflow (M)": 10.45}, {"rank": 10, "name": "0388 Long", "inflow (M)": 9.06}, {"rank": 11, "name": "0941 Long", "inflow (M)": 8.95}, {"rank": 12, "name": "1810 Long", "inflow (M)": 8.69}, {"rank": 13, "name": "2318 Long", "inflow (M)": 8.37}, {"rank": 14, "name": "9999 Long", "inflow (M)": 7.71}, {"rank": 15, "name": "0883 Long", "inflow (M)": 6.5}, {"rank": 16, "name": "1810 Short", "inflow (M)": 5.47}, {"rank": 17, "name": "0883 Short", "inflow (M)": 5.28}, {"rank": 18, "name": "0981 Long", "inflow (M)": 4.99}, {"rank": 19, "name": "9961 Long", "inflow (M)": 4.57}, {"rank": 20, "name": "NDX Short", "inflow (M)": 3.98}], "top20outflow_20d": [{"rank": 1, "name": "HSI Long", "outflow (M)": 284.79}, {"rank": 2, "name": "3690 Long", "outflow (M)": 50.19}, {"rank": 3, "name": "1211 Long", "outflow (M)": 10.42}, {"rank": 4, "name": "3968 Long", "outflow (M)": 7.36}, {"rank": 5, "name": "HSTECH Long", "outflow (M)": 6.35}, {"rank": 6, "name": "1109 Long", "outflow (M)": 5.23}, {"rank": 7, "name": "2269 Short", "outflow (M)": 5.15}, {"rank": 8, "name": "0992 Long", "outflow (M)": 3.4}, {"rank": 9, "name": "9988 Short", "outflow (M)": 3.12}, {"rank": 10, "name": "2822 Long", "outflow (M)": 2.75}, {"rank": 11, "name": "2840 Long", "outflow (M)": 2.17}, {"rank": 12, "name": "3968 Short", "outflow (M)": 2.17}, {"rank": 13, "name": "0027 Short", "outflow (M)": 1.94}, {"rank": 14, "name": "3988 Long", "outflow (M)": 1.94}, {"rank": 15, "name": "2333 Long", "outflow (M)": 1.86}, {"rank": 16, "name": "2018 Long", "outflow (M)": 1.57}, {"rank": 17, "name": "1928 Long", "outflow (M)": 1.36}, {"rank": 18, "name": "2382 Short", "outflow (M)": 1.19}, {"rank": 19, "name": "2899 Long", "outflow (M)": 1.16}, {"rank": 20, "name": "0175 Long", "outflow (M)": 1.1}], "stats": {"hsi long pos": "-278.23M", "hsi short pos:": "+449.90M", "stocks long pos": "+142.72M", "stocks short pos": "+79.54M"}}