{"top20inflow_10d": [{"rank": 1, "name": "HSI Short", "inflow (M)": 77.4}, {"rank": 2, "name": "9988 Long", "inflow (M)": 68.3}, {"rank": 3, "name": "9988 Short", "inflow (M)": 56.97}, {"rank": 4, "name": "0700 Short", "inflow (M)": 35.46}, {"rank": 5, "name": "1810 Long", "inflow (M)": 22.43}, {"rank": 6, "name": "HSI Long", "inflow (M)": 16.15}, {"rank": 7, "name": "1211 Long", "inflow (M)": 15.05}, {"rank": 8, "name": "0388 Long", "inflow (M)": 12.56}, {"rank": 9, "name": "3690 Long", "inflow (M)": 11.76}, {"rank": 10, "name": "2269 Long", "inflow (M)": 4.75}, {"rank": 11, "name": "DJI Short", "inflow (M)": 4.72}, {"rank": 12, "name": "2318 Long", "inflow (M)": 4.45}, {"rank": 13, "name": "3690 Short", "inflow (M)": 4.13}, {"rank": 14, "name": "1801 Long", "inflow (M)": 3.07}, {"rank": 15, "name": "0175 Long", "inflow (M)": 2.97}, {"rank": 16, "name": "0981 Long", "inflow (M)": 2.67}, {"rank": 17, "name": "NDX Short", "inflow (M)": 2.49}, {"rank": 18, "name": "9618 Short", "inflow (M)": 2.24}, {"rank": 19, "name": "2020 Long", "inflow (M)": 2.2}, {"rank": 20, "name": "3968 Long", "inflow (M)": 2.07}], "top20outflow_10d": [{"rank": 1, "name": "0700 Long", "outflow (M)": 32.67}, {"rank": 2, "name": "0005 Long", "outflow (M)": 5.98}, {"rank": 3, "name": "9618 Long", "outflow (M)": 5.02}, {"rank": 4, "name": "0941 Long", "outflow (M)": 4.52}, {"rank": 5, "name": "0823 Long", "outflow (M)": 2.94}, {"rank": 6, "name": "2318 Short", "outflow (M)": 2.82}, {"rank": 7, "name": "0857 Long", "outflow (M)": 2.57}, {"rank": 8, "name": "1810 Short", "outflow (M)": 2.02}, {"rank": 9, "name": "1211 Short", "outflow (M)": 1.65}, {"rank": 10, "name": "2269 Short", "outflow (M)": 1.5}, {"rank": 11, "name": "0981 Short", "outflow (M)": 1.38}, {"rank": 12, "name": "0902 Long", "outflow (M)": 1.21}, {"rank": 13, "name": "0388 Short", "outflow (M)": 1.19}, {"rank": 14, "name": "6862 Long", "outflow (M)": 1.19}, {"rank": 15, "name": "9992 Long", "outflow (M)": 1.04}, {"rank": 16, "name": "2015 Long", "outflow (M)": 0.93}, {"rank": 17, "name": "0175 Short", "outflow (M)": 0.77}, {"rank": 18, "name": "0939 Long", "outflow (M)": 0.74}, {"rank": 19, "name": "2333 Short", "outflow (M)": 0.73}, {"rank": 20, "name": "1398 Long", "outflow (M)": 0.73}], "stats": {"hsi long pos": "+16.15M", "hsi short pos:": "+77.40M", "stocks long pos": "+112.48M", "stocks short pos": "+95.27M"}}