{"top20inflow_5d": [{"rank": 1, "name": "HSI Long", "inflow (M)": 148.5}, {"rank": 2, "name": "0700 Short", "inflow (M)": 14.08}, {"rank": 3, "name": "1810 Long", "inflow (M)": 14.03}, {"rank": 4, "name": "1211 Short", "inflow (M)": 11.51}, {"rank": 5, "name": "9988 Long", "inflow (M)": 11.26}, {"rank": 6, "name": "3690 Long", "inflow (M)": 10.12}, {"rank": 7, "name": "0388 Long", "inflow (M)": 10.01}, {"rank": 8, "name": "DJI Short", "inflow (M)": 8.39}, {"rank": 9, "name": "0700 Long", "inflow (M)": 7.26}, {"rank": 10, "name": "1211 Long", "inflow (M)": 5.63}, {"rank": 11, "name": "1299 Long", "inflow (M)": 5.27}, {"rank": 12, "name": "HSTECH Long", "inflow (M)": 3.04}, {"rank": 13, "name": "2318 Long", "inflow (M)": 2.78}, {"rank": 14, "name": "9618 Long", "inflow (M)": 2.51}, {"rank": 15, "name": "1024 Long", "inflow (M)": 2.07}, {"rank": 16, "name": "2382 Long", "inflow (M)": 1.74}, {"rank": 17, "name": "0175 Long", "inflow (M)": 1.61}, {"rank": 18, "name": "0883 Short", "inflow (M)": 1.58}, {"rank": 19, "name": "JPYD Long", "inflow (M)": 1.5}, {"rank": 20, "name": "0005 Long", "inflow (M)": 1.4}], "top20outflow_5d": [{"rank": 1, "name": "HSI Short", "outflow (M)": 33.21}, {"rank": 2, "name": "3690 Short", "outflow (M)": 13.07}, {"rank": 3, "name": "9988 Short", "outflow (M)": 7.66}, {"rank": 4, "name": "9618 Short", "outflow (M)": 6.98}, {"rank": 5, "name": "9999 Short", "outflow (M)": 6.28}, {"rank": 6, "name": "1810 Short", "outflow (M)": 4.34}, {"rank": 7, "name": "1024 Short", "outflow (M)": 2.04}, {"rank": 8, "name": "0388 Short", "outflow (M)": 1.38}, {"rank": 9, "name": "0902 Long", "outflow (M)": 1.27}, {"rank": 10, "name": "1171 Long", "outflow (M)": 1.23}, {"rank": 11, "name": "1398 Short", "outflow (M)": 1.16}, {"rank": 12, "name": "0823 Long", "outflow (M)": 1.09}, {"rank": 13, "name": "0857 Long", "outflow (M)": 0.89}, {"rank": 14, "name": "2382 Short", "outflow (M)": 0.87}, {"rank": 15, "name": "9999 Long", "outflow (M)": 0.75}, {"rank": 16, "name": "NDX Short", "outflow (M)": 0.74}, {"rank": 17, "name": "JPYD= Short", "outflow (M)": 0.56}, {"rank": 18, "name": "1299 Short", "outflow (M)": 0.55}, {"rank": 19, "name": "9888 Long", "outflow (M)": 0.55}, {"rank": 20, "name": "2319 Long", "outflow (M)": 0.45}], "stats": {"hsi long pos": "+156.77M", "hsi short pos:": "-34.34M", "stocks long pos": "+93.09M", "stocks short pos": "-14.03M"}}