{"top20inflow_20d": [{"rank": 1, "name": "HSI Short", "inflow (M)": 247.78}, {"rank": 2, "name": "0700 Long", "inflow (M)": 58.51}, {"rank": 3, "name": "9988 Long", "inflow (M)": 44.92}, {"rank": 4, "name": "1299 Long", "inflow (M)": 38.6}, {"rank": 5, "name": "0941 Long", "inflow (M)": 21.25}, {"rank": 6, "name": "1211 Short", "inflow (M)": 20.02}, {"rank": 7, "name": "9888 Long", "inflow (M)": 17.89}, {"rank": 8, "name": "1810 Long", "inflow (M)": 15.59}, {"rank": 9, "name": "0388 Long", "inflow (M)": 15.12}, {"rank": 10, "name": "NDX Long", "inflow (M)": 13.84}, {"rank": 11, "name": "3690 Short", "inflow (M)": 12.71}, {"rank": 12, "name": "2269 Long", "inflow (M)": 12.19}, {"rank": 13, "name": "2318 Long", "inflow (M)": 8.83}, {"rank": 14, "name": "2015 Long", "inflow (M)": 8.37}, {"rank": 15, "name": "9618 Short", "inflow (M)": 8.17}, {"rank": 16, "name": "9999 Long", "inflow (M)": 6.37}, {"rank": 17, "name": "0027 Long", "inflow (M)": 6.08}, {"rank": 18, "name": "JPYD Long", "inflow (M)": 6.05}, {"rank": 19, "name": "0883 Long", "inflow (M)": 5.75}, {"rank": 20, "name": "9961 Long", "inflow (M)": 5.61}], "top20outflow_20d": [{"rank": 1, "name": "HSI Long", "outflow (M)": 90.53}, {"rank": 2, "name": "3690 Long", "outflow (M)": 55.94}, {"rank": 3, "name": "1211 Long", "outflow (M)": 12.38}, {"rank": 4, "name": "3968 Long", "outflow (M)": 7.18}, {"rank": 5, "name": "9988 Short", "outflow (M)": 6.76}, {"rank": 6, "name": "2269 Short", "outflow (M)": 5.42}, {"rank": 7, "name": "0992 Long", "outflow (M)": 5.12}, {"rank": 8, "name": "1109 Long", "outflow (M)": 5.07}, {"rank": 9, "name": "HSTECH Long", "outflow (M)": 4.62}, {"rank": 10, "name": "1299 Short", "outflow (M)": 4.02}, {"rank": 11, "name": "2840 Long", "outflow (M)": 3.4}, {"rank": 12, "name": "0700 Short", "outflow (M)": 2.93}, {"rank": 13, "name": "2822 Long", "outflow (M)": 2.77}, {"rank": 14, "name": "3968 Short", "outflow (M)": 2.74}, {"rank": 15, "name": "0027 Short", "outflow (M)": 2.62}, {"rank": 16, "name": "3988 Long", "outflow (M)": 1.72}, {"rank": 17, "name": "2333 Long", "outflow (M)": 1.54}, {"rank": 18, "name": "2380 Long", "outflow (M)": 1.33}, {"rank": 19, "name": "0175 Long", "outflow (M)": 1.15}, {"rank": 20, "name": "2382 Short", "outflow (M)": 1.05}], "stats": {"hsi long pos": "-75.33M", "hsi short pos:": "+238.89M", "stocks long pos": "+231.09M", "stocks short pos": "+27.59M"}}