{"top20inflow_20d": [{"rank": 1, "name": "HSI Short", "inflow (M)": 200.05}, {"rank": 2, "name": "9988 Long", "inflow (M)": 96.65}, {"rank": 3, "name": "9988 Short", "inflow (M)": 65.15}, {"rank": 4, "name": "0700 Short", "inflow (M)": 64.88}, {"rank": 5, "name": "1810 Long", "inflow (M)": 43.3}, {"rank": 6, "name": "2318 Long", "inflow (M)": 28.49}, {"rank": 7, "name": "1810 Short", "inflow (M)": 23.25}, {"rank": 8, "name": "DJI Short", "inflow (M)": 16.46}, {"rank": 9, "name": "0388 Long", "inflow (M)": 8.83}, {"rank": 10, "name": "1211 Long", "inflow (M)": 5.89}, {"rank": 11, "name": "NDX Short", "inflow (M)": 5.33}, {"rank": 12, "name": "0941 Long", "inflow (M)": 5.19}, {"rank": 13, "name": "9888 Long", "inflow (M)": 4.52}, {"rank": 14, "name": "6862 Long", "inflow (M)": 4.33}, {"rank": 15, "name": "0175 Long", "inflow (M)": 4.1}, {"rank": 16, "name": "2331 Long", "inflow (M)": 4.02}, {"rank": 17, "name": "0883 Long", "inflow (M)": 3.64}, {"rank": 18, "name": "N225 Short", "inflow (M)": 3.16}, {"rank": 19, "name": "1299 Short", "inflow (M)": 2.89}, {"rank": 20, "name": "3690 Long", "inflow (M)": 2.72}], "top20outflow_20d": [{"rank": 1, "name": "0700 Long", "outflow (M)": 51.85}, {"rank": 2, "name": "HSI Long", "outflow (M)": 13.58}, {"rank": 3, "name": "9618 Long", "outflow (M)": 12.38}, {"rank": 4, "name": "3690 Short", "outflow (M)": 6.34}, {"rank": 5, "name": "1211 Short", "outflow (M)": 5.22}, {"rank": 6, "name": "0388 Short", "outflow (M)": 4.87}, {"rank": 7, "name": "0981 Long", "outflow (M)": 2.81}, {"rank": 8, "name": "1024 Long", "outflow (M)": 2.78}, {"rank": 9, "name": "0005 Short", "outflow (M)": 2.68}, {"rank": 10, "name": "1299 Long", "outflow (M)": 2.36}, {"rank": 11, "name": "9992 Long", "outflow (M)": 2.07}, {"rank": 12, "name": "0005 Long", "outflow (M)": 2.05}, {"rank": 13, "name": "1177 Long", "outflow (M)": 2.01}, {"rank": 14, "name": "0823 Long", "outflow (M)": 1.86}, {"rank": 15, "name": "0669 Long", "outflow (M)": 1.62}, {"rank": 16, "name": "2800 Long", "outflow (M)": 1.57}, {"rank": 17, "name": "2899 Long", "outflow (M)": 1.31}, {"rank": 18, "name": "0941 Short", "outflow (M)": 1.3}, {"rank": 19, "name": "0939 Short", "outflow (M)": 1.27}, {"rank": 20, "name": "0857 Short", "outflow (M)": 1.19}], "stats": {"hsi long pos": "-13.58M", "hsi short pos:": "+200.05M", "stocks long pos": "+157.30M", "stocks short pos": "+146.26M"}}