{"top20inflow_1d": [{"rank": 1, "name": "HSI Long", "inflow (M)": 171.34}, {"rank": 2, "name": "0388 Long", "inflow (M)": 25.12}, {"rank": 3, "name": "0700 Long", "inflow (M)": 21.89}, {"rank": 4, "name": "3690 Long", "inflow (M)": 5.09}, {"rank": 5, "name": "9988 Long", "inflow (M)": 3.77}, {"rank": 6, "name": "0388 Short", "inflow (M)": 3.68}, {"rank": 7, "name": "1299 Long", "inflow (M)": 3.42}, {"rank": 8, "name": "2269 Long", "inflow (M)": 2.54}, {"rank": 9, "name": "1211 Long", "inflow (M)": 2.52}, {"rank": 10, "name": "2318 Long", "inflow (M)": 1.65}, {"rank": 11, "name": "HSTECH Long", "inflow (M)": 1.44}, {"rank": 12, "name": "3690 Short", "inflow (M)": 1.44}, {"rank": 13, "name": "0005 Short", "inflow (M)": 1.38}, {"rank": 14, "name": "9988 Short", "inflow (M)": 1.32}, {"rank": 15, "name": "0753 Long", "inflow (M)": 1.19}, {"rank": 16, "name": "0700 Short", "inflow (M)": 1.07}, {"rank": 17, "name": "0005 Long", "inflow (M)": 0.96}, {"rank": 18, "name": "DJI Short", "inflow (M)": 0.9}, {"rank": 19, "name": "2840 Long", "inflow (M)": 0.8}, {"rank": 20, "name": "1772 Long", "inflow (M)": 0.66}], "top20outflow_1d": [{"rank": 1, "name": "HSI Short", "outflow (M)": 112.27}, {"rank": 2, "name": "1810 Long", "outflow (M)": 7.73}, {"rank": 3, "name": "1810 Short", "outflow (M)": 2.63}, {"rank": 4, "name": "1299 Short", "outflow (M)": 1.8}, {"rank": 5, "name": "2269 Short", "outflow (M)": 1.65}, {"rank": 6, "name": "9618 Short", "outflow (M)": 0.77}, {"rank": 7, "name": "2382 Short", "outflow (M)": 0.69}, {"rank": 8, "name": "2020 Long", "outflow (M)": 0.61}, {"rank": 9, "name": "0939 Long", "outflow (M)": 0.6}, {"rank": 10, "name": "2015 Long", "outflow (M)": 0.48}, {"rank": 11, "name": "1211 Short", "outflow (M)": 0.42}, {"rank": 12, "name": "2015 Short", "outflow (M)": 0.33}, {"rank": 13, "name": "0981 Short", "outflow (M)": 0.3}, {"rank": 14, "name": "0001 Long", "outflow (M)": 0.29}, {"rank": 15, "name": "2020 Short", "outflow (M)": 0.28}, {"rank": 16, "name": "JPYD= Short", "outflow (M)": 0.28}, {"rank": 17, "name": "0981 Long", "outflow (M)": 0.24}, {"rank": 18, "name": "NDX Short", "outflow (M)": 0.21}, {"rank": 19, "name": "1818 Long", "outflow (M)": 0.2}, {"rank": 20, "name": "3968 Short", "outflow (M)": 0.19}], "stats": {"hsi long pos": "+171.34M", "hsi short pos:": "-112.27M", "stocks long pos": "+65.33M", "stocks short pos": "+2.02M"}}