{"top20inflow_20d": [{"rank": 1, "name": "HSI Long", "inflow (M)": 322.71}, {"rank": 2, "name": "0700 Long", "inflow (M)": 80.41}, {"rank": 3, "name": "HSI Short", "inflow (M)": 62.44}, {"rank": 4, "name": "3690 Long", "inflow (M)": 44.83}, {"rank": 5, "name": "0388 Long", "inflow (M)": 26.16}, {"rank": 6, "name": "DJI Short", "inflow (M)": 18.96}, {"rank": 7, "name": "1211 Long", "inflow (M)": 12.36}, {"rank": 8, "name": "9999 Short", "inflow (M)": 11.8}, {"rank": 9, "name": "2318 Long", "inflow (M)": 11.46}, {"rank": 10, "name": "3690 Short", "inflow (M)": 11.16}, {"rank": 11, "name": "2269 Long", "inflow (M)": 8.5}, {"rank": 12, "name": "9988 Long", "inflow (M)": 8.25}, {"rank": 13, "name": "HSTECH Long", "inflow (M)": 7.7}, {"rank": 14, "name": "1024 Long", "inflow (M)": 7.45}, {"rank": 15, "name": "NDX Short", "inflow (M)": 4.62}, {"rank": 16, "name": "0941 Short", "inflow (M)": 4.51}, {"rank": 17, "name": "0981 Long", "inflow (M)": 4.47}, {"rank": 18, "name": "1299 Long", "inflow (M)": 4.13}, {"rank": 19, "name": "9618 Short", "inflow (M)": 3.98}, {"rank": 20, "name": "JPY Short", "inflow (M)": 3.74}], "top20outflow_20d": [{"rank": 1, "name": "9988 Short", "outflow (M)": 34.55}, {"rank": 2, "name": "0700 Short", "outflow (M)": 24.18}, {"rank": 3, "name": "0388 Short", "outflow (M)": 5.33}, {"rank": 4, "name": "1211 Short", "outflow (M)": 4.88}, {"rank": 5, "name": "1299 Short", "outflow (M)": 4.63}, {"rank": 6, "name": "0823 Long", "outflow (M)": 4.58}, {"rank": 7, "name": "0005 Long", "outflow (M)": 4.23}, {"rank": 8, "name": "2318 Short", "outflow (M)": 3.49}, {"rank": 9, "name": "1810 Short", "outflow (M)": 2.7}, {"rank": 10, "name": "2382 Short", "outflow (M)": 2.08}, {"rank": 11, "name": "1810 Long", "outflow (M)": 1.88}, {"rank": 12, "name": "9618 Long", "outflow (M)": 1.78}, {"rank": 13, "name": "1928 Long", "outflow (M)": 1.78}, {"rank": 14, "name": "1093 Long", "outflow (M)": 1.51}, {"rank": 15, "name": "2269 Short", "outflow (M)": 1.31}, {"rank": 16, "name": "1772 Long", "outflow (M)": 1.3}, {"rank": 17, "name": "0981 Short", "outflow (M)": 1.13}, {"rank": 18, "name": "2020 Short", "outflow (M)": 1.12}, {"rank": 19, "name": "0992 Long", "outflow (M)": 1.03}, {"rank": 20, "name": "HSTECH Short", "outflow (M)": 0.8}], "stats": {"hsi long pos": "+322.71M", "hsi short pos:": "+62.44M", "stocks long pos": "+232.39M", "stocks short pos": "-49.44M"}}