{"top20inflow_20d": [{"rank": 1, "name": "HSI Long", "inflow (M)": 115.31}, {"rank": 2, "name": "HSI Short", "inflow (M)": 108.08}, {"rank": 3, "name": "9988 Long", "inflow (M)": 65.01}, {"rank": 4, "name": "1299 Long", "inflow (M)": 64.08}, {"rank": 5, "name": "3690 Short", "inflow (M)": 30.73}, {"rank": 6, "name": "0700 Short", "inflow (M)": 27.15}, {"rank": 7, "name": "0388 Long", "inflow (M)": 25.7}, {"rank": 8, "name": "0700 Long", "inflow (M)": 25.06}, {"rank": 9, "name": "2318 Long", "inflow (M)": 15.85}, {"rank": 10, "name": "2269 Long", "inflow (M)": 15.72}, {"rank": 11, "name": "1810 Long", "inflow (M)": 15.21}, {"rank": 12, "name": "9888 Long", "inflow (M)": 14.49}, {"rank": 13, "name": "NDX Long", "inflow (M)": 12.85}, {"rank": 14, "name": "0941 Long", "inflow (M)": 10.47}, {"rank": 15, "name": "JPYD Long", "inflow (M)": 8.96}, {"rank": 16, "name": "2015 Long", "inflow (M)": 8.72}, {"rank": 17, "name": "1024 Long", "inflow (M)": 6.66}, {"rank": 18, "name": "0005 Short", "inflow (M)": 6.58}, {"rank": 19, "name": "9618 Short", "inflow (M)": 6.3}, {"rank": 20, "name": "2382 Long", "inflow (M)": 6.18}], "top20outflow_20d": [{"rank": 1, "name": "3690 Long", "outflow (M)": 59.77}, {"rank": 2, "name": "0005 Long", "outflow (M)": 28.01}, {"rank": 3, "name": "1211 Long", "outflow (M)": 10.74}, {"rank": 4, "name": "2015 Short", "outflow (M)": 8.12}, {"rank": 5, "name": "9988 Short", "outflow (M)": 5.46}, {"rank": 6, "name": "9618 Long", "outflow (M)": 4.5}, {"rank": 7, "name": "2840 Long", "outflow (M)": 3.98}, {"rank": 8, "name": "9961 Short", "outflow (M)": 3.69}, {"rank": 9, "name": "3968 Long", "outflow (M)": 3.49}, {"rank": 10, "name": "3968 Short", "outflow (M)": 3.48}, {"rank": 11, "name": "1299 Short", "outflow (M)": 2.87}, {"rank": 12, "name": "0992 Long", "outflow (M)": 2.77}, {"rank": 13, "name": "0027 Short", "outflow (M)": 2.36}, {"rank": 14, "name": "0388 Short", "outflow (M)": 2.22}, {"rank": 15, "name": "2318 Short", "outflow (M)": 2.22}, {"rank": 16, "name": "3988 Long", "outflow (M)": 1.7}, {"rank": 17, "name": "1109 Long", "outflow (M)": 1.68}, {"rank": 18, "name": "2269 Short", "outflow (M)": 1.64}, {"rank": 19, "name": "0939 Short", "outflow (M)": 1.59}, {"rank": 20, "name": "1357 Long", "outflow (M)": 1.43}], "stats": {"hsi long pos": "+175.45M", "hsi short pos:": "-2.96M", "stocks long pos": "+259.36M", "stocks short pos": "+45.90M"}}