{"top20inflow_20d": [{"rank": 1, "name": "HSI Long", "inflow (M)": 169.89}, {"rank": 2, "name": "HSI Short", "inflow (M)": 87.49}, {"rank": 3, "name": "0700 Long", "inflow (M)": 78.79}, {"rank": 4, "name": "3690 Long", "inflow (M)": 49.52}, {"rank": 5, "name": "1211 Short", "inflow (M)": 24.83}, {"rank": 6, "name": "3690 Short", "inflow (M)": 18.76}, {"rank": 7, "name": "DJI Short", "inflow (M)": 16.8}, {"rank": 8, "name": "1810 Long", "inflow (M)": 11.48}, {"rank": 9, "name": "1024 Long", "inflow (M)": 11.04}, {"rank": 10, "name": "2318 Long", "inflow (M)": 9.85}, {"rank": 11, "name": "HSTECH Long", "inflow (M)": 6.89}, {"rank": 12, "name": "0981 Long", "inflow (M)": 6.78}, {"rank": 13, "name": "9988 Long", "inflow (M)": 5.22}, {"rank": 14, "name": "0883 Long", "inflow (M)": 4.87}, {"rank": 15, "name": "2382 Long", "inflow (M)": 4.66}, {"rank": 16, "name": "0941 Short", "inflow (M)": 4.57}, {"rank": 17, "name": "NDX Short", "inflow (M)": 4.52}, {"rank": 18, "name": "JPYD Long", "inflow (M)": 4.23}, {"rank": 19, "name": "9999 Short", "inflow (M)": 4.01}, {"rank": 20, "name": "1797 Long", "inflow (M)": 3.7}], "top20outflow_20d": [{"rank": 1, "name": "0700 Short", "outflow (M)": 14.08}, {"rank": 2, "name": "9988 Short", "outflow (M)": 9.77}, {"rank": 3, "name": "0823 Long", "outflow (M)": 5.88}, {"rank": 4, "name": "2318 Short", "outflow (M)": 3.89}, {"rank": 5, "name": "0388 Long", "outflow (M)": 2.85}, {"rank": 6, "name": "2382 Short", "outflow (M)": 2.07}, {"rank": 7, "name": "1810 Short", "outflow (M)": 2.0}, {"rank": 8, "name": "NDX Long", "outflow (M)": 1.88}, {"rank": 9, "name": "1299 Long", "outflow (M)": 1.61}, {"rank": 10, "name": "0941 Long", "outflow (M)": 1.45}, {"rank": 11, "name": "1024 Short", "outflow (M)": 1.41}, {"rank": 12, "name": "9618 Short", "outflow (M)": 1.28}, {"rank": 13, "name": "0902 Long", "outflow (M)": 1.18}, {"rank": 14, "name": "2331 Short", "outflow (M)": 0.92}, {"rank": 15, "name": "1171 Long", "outflow (M)": 0.78}, {"rank": 16, "name": "2269 Short", "outflow (M)": 0.74}, {"rank": 17, "name": "1801 Long", "outflow (M)": 0.74}, {"rank": 18, "name": "9888 Long", "outflow (M)": 0.65}, {"rank": 19, "name": "9888 Short", "outflow (M)": 0.59}, {"rank": 20, "name": "0981 Short", "outflow (M)": 0.56}], "stats": {"hsi long pos": "+168.10M", "hsi short pos:": "+66.55M", "stocks long pos": "+216.81M", "stocks short pos": "+26.72M"}}