{"top20inflow_5d": [{"rank": 1, "name": "HSI Long", "inflow (M)": 88.26}, {"rank": 2, "name": "9988 Short", "inflow (M)": 53.97}, {"rank": 3, "name": "9988 Long", "inflow (M)": 52.62}, {"rank": 4, "name": "0700 Short", "inflow (M)": 18.84}, {"rank": 5, "name": "1810 Long", "inflow (M)": 9.3}, {"rank": 6, "name": "0388 Long", "inflow (M)": 3.21}, {"rank": 7, "name": "DJI Short", "inflow (M)": 3.17}, {"rank": 8, "name": "1299 Long", "inflow (M)": 2.17}, {"rank": 9, "name": "0883 Long", "inflow (M)": 1.9}, {"rank": 10, "name": "1024 Short", "inflow (M)": 1.71}, {"rank": 11, "name": "1928 Long", "inflow (M)": 1.55}, {"rank": 12, "name": "2359 Long", "inflow (M)": 1.39}, {"rank": 13, "name": "1171 Long", "inflow (M)": 1.36}, {"rank": 14, "name": "2020 Long", "inflow (M)": 1.31}, {"rank": 15, "name": "9961 Long", "inflow (M)": 1.1}, {"rank": 16, "name": "0175 Long", "inflow (M)": 1.1}, {"rank": 17, "name": "0005 Short", "inflow (M)": 0.99}, {"rank": 18, "name": "2382 Long", "inflow (M)": 0.95}, {"rank": 19, "name": "0941 Long", "inflow (M)": 0.92}, {"rank": 20, "name": "9626 Long", "inflow (M)": 0.89}], "top20outflow_5d": [{"rank": 1, "name": "HSI Short", "outflow (M)": 42.4}, {"rank": 2, "name": "0700 Long", "outflow (M)": 26.19}, {"rank": 3, "name": "3690 Long", "outflow (M)": 10.53}, {"rank": 4, "name": "9618 Long", "outflow (M)": 5.75}, {"rank": 5, "name": "3690 Short", "outflow (M)": 3.97}, {"rank": 6, "name": "2318 Short", "outflow (M)": 3.38}, {"rank": 7, "name": "1810 Short", "outflow (M)": 3.3}, {"rank": 8, "name": "0354 Long", "outflow (M)": 3.17}, {"rank": 9, "name": "0005 Long", "outflow (M)": 2.02}, {"rank": 10, "name": "2013 Long", "outflow (M)": 1.57}, {"rank": 11, "name": "9888 Long", "outflow (M)": 1.49}, {"rank": 12, "name": "1024 Long", "outflow (M)": 1.43}, {"rank": 13, "name": "1211 Long", "outflow (M)": 1.27}, {"rank": 14, "name": "0823 Long", "outflow (M)": 1.19}, {"rank": 15, "name": "1211 Short", "outflow (M)": 1.19}, {"rank": 16, "name": "9992 Long", "outflow (M)": 1.06}, {"rank": 17, "name": "0902 Long", "outflow (M)": 1.01}, {"rank": 18, "name": "2269 Short", "outflow (M)": 0.93}, {"rank": 19, "name": "1299 Short", "outflow (M)": 0.87}, {"rank": 20, "name": "0669 Long", "outflow (M)": 0.87}], "stats": {"hsi long pos": "+88.26M", "hsi short pos:": "-42.40M", "stocks long pos": "+24.21M", "stocks short pos": "+61.90M"}}