{"top20inflow_10d": [{"rank": 1, "name": "HSI Long", "inflow (M)": 542.59}, {"rank": 2, "name": "3690 Long", "inflow (M)": 107.05}, {"rank": 3, "name": "1211 Long", "inflow (M)": 45.8}, {"rank": 4, "name": "0388 Long", "inflow (M)": 32.02}, {"rank": 5, "name": "2318 Long", "inflow (M)": 15.85}, {"rank": 6, "name": "1299 Long", "inflow (M)": 9.85}, {"rank": 7, "name": "1810 Long", "inflow (M)": 8.91}, {"rank": 8, "name": "2269 Long", "inflow (M)": 6.57}, {"rank": 9, "name": "0175 Long", "inflow (M)": 6.5}, {"rank": 10, "name": "0700 Short", "inflow (M)": 6.44}, {"rank": 11, "name": "HSTECH Long", "inflow (M)": 5.1}, {"rank": 12, "name": "1024 Long", "inflow (M)": 4.31}, {"rank": 13, "name": "9988 Long", "inflow (M)": 3.67}, {"rank": 14, "name": "0027 Long", "inflow (M)": 3.56}, {"rank": 15, "name": "DJI Short", "inflow (M)": 3.29}, {"rank": 16, "name": "3968 Long", "inflow (M)": 2.74}, {"rank": 17, "name": "1928 Long", "inflow (M)": 2.52}, {"rank": 18, "name": "0939 Long", "inflow (M)": 2.42}, {"rank": 19, "name": "2800 Long", "inflow (M)": 2.28}, {"rank": 20, "name": "2382 Short", "inflow (M)": 2.2}], "top20outflow_10d": [{"rank": 1, "name": "HSI Short", "outflow (M)": 110.01}, {"rank": 2, "name": "9988 Short", "outflow (M)": 47.13}, {"rank": 3, "name": "3690 Short", "outflow (M)": 9.41}, {"rank": 4, "name": "1211 Short", "outflow (M)": 8.66}, {"rank": 5, "name": "1810 Short", "outflow (M)": 5.73}, {"rank": 6, "name": "0700 Long", "outflow (M)": 5.43}, {"rank": 7, "name": "2318 Short", "outflow (M)": 4.3}, {"rank": 8, "name": "0388 Short", "outflow (M)": 3.18}, {"rank": 9, "name": "1171 Long", "outflow (M)": 1.84}, {"rank": 10, "name": "9618 Short", "outflow (M)": 1.62}, {"rank": 11, "name": "0902 Long", "outflow (M)": 1.54}, {"rank": 12, "name": "2013 Long", "outflow (M)": 1.43}, {"rank": 13, "name": "9888 Long", "outflow (M)": 1.3}, {"rank": 14, "name": "1299 Short", "outflow (M)": 1.25}, {"rank": 15, "name": "HSTECH Short", "outflow (M)": 1.12}, {"rank": 16, "name": "2018 Long", "outflow (M)": 1.08}, {"rank": 17, "name": "9618 Long", "outflow (M)": 1.03}, {"rank": 18, "name": "0883 Long", "outflow (M)": 0.83}, {"rank": 19, "name": "2822 Long", "outflow (M)": 0.74}, {"rank": 20, "name": "3988 Short", "outflow (M)": 0.69}], "stats": {"hsi long pos": "+542.59M", "hsi short pos:": "-110.01M", "stocks long pos": "+262.43M", "stocks short pos": "-75.67M"}}