{"top20inflow_20d": [{"rank": 1, "name": "HSI Long", "inflow (M)": 552.32}, {"rank": 2, "name": "3690 Long", "inflow (M)": 41.59}, {"rank": 3, "name": "0700 Long", "inflow (M)": 37.68}, {"rank": 4, "name": "9988 Long", "inflow (M)": 33.28}, {"rank": 5, "name": "9988 Short", "inflow (M)": 23.6}, {"rank": 6, "name": "2269 Long", "inflow (M)": 22.49}, {"rank": 7, "name": "0388 Long", "inflow (M)": 18.89}, {"rank": 8, "name": "1211 Long", "inflow (M)": 16.79}, {"rank": 9, "name": "2318 Long", "inflow (M)": 16.25}, {"rank": 10, "name": "3968 Long", "inflow (M)": 13.73}, {"rank": 11, "name": "2269 Short", "inflow (M)": 11.59}, {"rank": 12, "name": "0981 Long", "inflow (M)": 10.78}, {"rank": 13, "name": "1810 Long", "inflow (M)": 10.64}, {"rank": 14, "name": "0883 Long", "inflow (M)": 10.13}, {"rank": 15, "name": "JPYD Long", "inflow (M)": 10.09}, {"rank": 16, "name": "3690 Short", "inflow (M)": 8.53}, {"rank": 17, "name": "NDX Short", "inflow (M)": 7.99}, {"rank": 18, "name": "HSTECH Long", "inflow (M)": 7.94}, {"rank": 19, "name": "SPX Short", "inflow (M)": 7.54}, {"rank": 20, "name": "9618 Long", "inflow (M)": 7.19}], "top20outflow_20d": [{"rank": 1, "name": "HSI Short", "outflow (M)": 113.16}, {"rank": 2, "name": "1211 Short", "outflow (M)": 44.5}, {"rank": 3, "name": "0700 Short", "outflow (M)": 28.4}, {"rank": 4, "name": "0388 Short", "outflow (M)": 6.14}, {"rank": 5, "name": "1810 Short", "outflow (M)": 2.71}, {"rank": 6, "name": "0992 Short", "outflow (M)": 2.11}, {"rank": 7, "name": "3988 Short", "outflow (M)": 1.96}, {"rank": 8, "name": "2015 Short", "outflow (M)": 1.32}, {"rank": 9, "name": "HSTECH Short", "outflow (M)": 0.9}, {"rank": 10, "name": "0788 Long", "outflow (M)": 0.83}, {"rank": 11, "name": "1398 Long", "outflow (M)": 0.78}, {"rank": 12, "name": "9618 Short", "outflow (M)": 0.62}, {"rank": 13, "name": "0857 Long", "outflow (M)": 0.58}, {"rank": 14, "name": "2331 Long", "outflow (M)": 0.56}, {"rank": 15, "name": "1024 Short", "outflow (M)": 0.56}, {"rank": 16, "name": "1658 Long", "outflow (M)": 0.49}, {"rank": 17, "name": "9888 Short", "outflow (M)": 0.48}, {"rank": 18, "name": "0902 Long", "outflow (M)": 0.47}, {"rank": 19, "name": "2380 Long", "outflow (M)": 0.4}, {"rank": 20, "name": "2018 Short", "outflow (M)": 0.4}], "stats": {"hsi long pos": "+578.64M", "hsi short pos:": "-148.03M", "stocks long pos": "+316.49M", "stocks short pos": "-24.30M"}}