{"top20inflow_20d": [{"rank": 1, "name": "HSI Long", "inflow (M)": 1017.04}, {"rank": 2, "name": "3690 Long", "inflow (M)": 134.74}, {"rank": 3, "name": "9988 Long", "inflow (M)": 83.11}, {"rank": 4, "name": "0388 Long", "inflow (M)": 82.41}, {"rank": 5, "name": "1211 Long", "inflow (M)": 55.25}, {"rank": 6, "name": "0700 Long", "inflow (M)": 40.58}, {"rank": 7, "name": "2318 Long", "inflow (M)": 26.64}, {"rank": 8, "name": "1299 Long", "inflow (M)": 15.12}, {"rank": 9, "name": "2269 Long", "inflow (M)": 11.92}, {"rank": 10, "name": "HSTECH Long", "inflow (M)": 11.82}, {"rank": 11, "name": "DJI Short", "inflow (M)": 10.96}, {"rank": 12, "name": "0175 Long", "inflow (M)": 7.65}, {"rank": 13, "name": "3968 Long", "inflow (M)": 6.62}, {"rank": 14, "name": "0981 Long", "inflow (M)": 4.94}, {"rank": 15, "name": "1024 Long", "inflow (M)": 4.91}, {"rank": 16, "name": "9999 Short", "inflow (M)": 4.32}, {"rank": 17, "name": "2800 Long", "inflow (M)": 3.57}, {"rank": 18, "name": "0027 Long", "inflow (M)": 3.24}, {"rank": 19, "name": "NDX Long", "inflow (M)": 2.74}, {"rank": 20, "name": "0753 Long", "inflow (M)": 2.41}], "top20outflow_20d": [{"rank": 1, "name": "HSI Short", "outflow (M)": 249.81}, {"rank": 2, "name": "1211 Short", "outflow (M)": 18.17}, {"rank": 3, "name": "3690 Short", "outflow (M)": 11.83}, {"rank": 4, "name": "0388 Short", "outflow (M)": 9.67}, {"rank": 5, "name": "1810 Short", "outflow (M)": 8.74}, {"rank": 6, "name": "0700 Short", "outflow (M)": 8.07}, {"rank": 7, "name": "9988 Short", "outflow (M)": 7.67}, {"rank": 8, "name": "1299 Short", "outflow (M)": 5.22}, {"rank": 9, "name": "2318 Short", "outflow (M)": 4.83}, {"rank": 10, "name": "1024 Short", "outflow (M)": 2.88}, {"rank": 11, "name": "HSTECH Short", "outflow (M)": 1.81}, {"rank": 12, "name": "2269 Short", "outflow (M)": 1.75}, {"rank": 13, "name": "1171 Long", "outflow (M)": 1.73}, {"rank": 14, "name": "1810 Long", "outflow (M)": 1.62}, {"rank": 15, "name": "0902 Long", "outflow (M)": 1.5}, {"rank": 16, "name": "9618 Short", "outflow (M)": 1.37}, {"rank": 17, "name": "2013 Long", "outflow (M)": 1.34}, {"rank": 18, "name": "2020 Short", "outflow (M)": 1.33}, {"rank": 19, "name": "9618 Long", "outflow (M)": 1.24}, {"rank": 20, "name": "0981 Short", "outflow (M)": 1.05}], "stats": {"hsi long pos": "+1.02B", "hsi short pos:": "-249.81M", "stocks long pos": "+515.79M", "stocks short pos": "-77.11M"}}