{"top20inflow_10d": [{"rank": 1, "name": "HSI Short", "inflow (M)": 106.52}, {"rank": 2, "name": "0700 Long", "inflow (M)": 63.33}, {"rank": 3, "name": "9999 Short", "inflow (M)": 24.77}, {"rank": 4, "name": "3690 Short", "inflow (M)": 17.04}, {"rank": 5, "name": "3690 Long", "inflow (M)": 15.79}, {"rank": 6, "name": "1024 Long", "inflow (M)": 6.99}, {"rank": 7, "name": "DJI Short", "inflow (M)": 5.91}, {"rank": 8, "name": "9988 Short", "inflow (M)": 5.77}, {"rank": 9, "name": "2318 Long", "inflow (M)": 5.25}, {"rank": 10, "name": "0981 Long", "inflow (M)": 4.47}, {"rank": 11, "name": "0883 Long", "inflow (M)": 4.23}, {"rank": 12, "name": "9999 Long", "inflow (M)": 3.85}, {"rank": 13, "name": "1211 Short", "inflow (M)": 3.18}, {"rank": 14, "name": "1797 Long", "inflow (M)": 2.97}, {"rank": 15, "name": "NDX Short", "inflow (M)": 2.87}, {"rank": 16, "name": "HSTECH Long", "inflow (M)": 2.83}, {"rank": 17, "name": "1810 Short", "inflow (M)": 2.79}, {"rank": 18, "name": "2269 Long", "inflow (M)": 2.16}, {"rank": 19, "name": "0941 Long", "inflow (M)": 1.81}, {"rank": 20, "name": "0941 Short", "inflow (M)": 1.65}], "top20outflow_10d": [{"rank": 1, "name": "HSI Long", "outflow (M)": 68.04}, {"rank": 2, "name": "0388 Long", "outflow (M)": 13.06}, {"rank": 3, "name": "0700 Short", "outflow (M)": 7.43}, {"rank": 4, "name": "9988 Long", "outflow (M)": 7.32}, {"rank": 5, "name": "1299 Long", "outflow (M)": 6.82}, {"rank": 6, "name": "1810 Long", "outflow (M)": 6.78}, {"rank": 7, "name": "0823 Long", "outflow (M)": 4.63}, {"rank": 8, "name": "0005 Long", "outflow (M)": 3.63}, {"rank": 9, "name": "2318 Short", "outflow (M)": 2.84}, {"rank": 10, "name": "9618 Long", "outflow (M)": 2.47}, {"rank": 11, "name": "2018 Long", "outflow (M)": 1.84}, {"rank": 12, "name": "0992 Long", "outflow (M)": 1.57}, {"rank": 13, "name": "9868 Long", "outflow (M)": 1.17}, {"rank": 14, "name": "2331 Short", "outflow (M)": 0.96}, {"rank": 15, "name": "0175 Long", "outflow (M)": 0.89}, {"rank": 16, "name": "1093 Long", "outflow (M)": 0.8}, {"rank": 17, "name": "HSTECH Short", "outflow (M)": 0.78}, {"rank": 18, "name": "0669 Long", "outflow (M)": 0.76}, {"rank": 19, "name": "9888 Short", "outflow (M)": 0.68}, {"rank": 20, "name": "0027 Long", "outflow (M)": 0.67}], "stats": {"hsi long pos": "-68.04M", "hsi short pos:": "+106.52M", "stocks long pos": "+68.51M", "stocks short pos": "+47.59M"}}