{"top20inflow_20d": [{"rank": 1, "name": "HSI Short", "inflow (M)": 599.63}, {"rank": 2, "name": "0700 Short", "inflow (M)": 81.21}, {"rank": 3, "name": "3690 Short", "inflow (M)": 62.21}, {"rank": 4, "name": "1299 Long", "inflow (M)": 30.48}, {"rank": 5, "name": "9988 Long", "inflow (M)": 20.16}, {"rank": 6, "name": "0388 Long", "inflow (M)": 19.06}, {"rank": 7, "name": "0388 Short", "inflow (M)": 17.42}, {"rank": 8, "name": "1928 Long", "inflow (M)": 15.98}, {"rank": 9, "name": "1211 Long", "inflow (M)": 10.25}, {"rank": 10, "name": "0027 Long", "inflow (M)": 10.14}, {"rank": 11, "name": "2015 Long", "inflow (M)": 9.1}, {"rank": 12, "name": "0857 Long", "inflow (M)": 9.1}, {"rank": 13, "name": "1810 Short", "inflow (M)": 8.92}, {"rank": 14, "name": "9988 Short", "inflow (M)": 8.09}, {"rank": 15, "name": "9618 Long", "inflow (M)": 7.84}, {"rank": 16, "name": "0268 Long", "inflow (M)": 7.64}, {"rank": 17, "name": "9999 Long", "inflow (M)": 7.54}, {"rank": 18, "name": "9888 Long", "inflow (M)": 5.81}, {"rank": 19, "name": "0981 Long", "inflow (M)": 5.54}, {"rank": 20, "name": "9618 Short", "inflow (M)": 5.32}], "top20outflow_20d": [{"rank": 1, "name": "HSI Long", "outflow (M)": 242.42}, {"rank": 2, "name": "0700 Long", "outflow (M)": 77.84}, {"rank": 3, "name": "3690 Long", "outflow (M)": 76.42}, {"rank": 4, "name": "0941 Long", "outflow (M)": 17.85}, {"rank": 5, "name": "1810 Long", "outflow (M)": 11.73}, {"rank": 6, "name": "0005 Long", "outflow (M)": 7.97}, {"rank": 7, "name": "3968 Long", "outflow (M)": 6.95}, {"rank": 8, "name": "0175 Long", "outflow (M)": 6.1}, {"rank": 9, "name": "0358 Long", "outflow (M)": 3.8}, {"rank": 10, "name": "9868 Short", "outflow (M)": 3.38}, {"rank": 11, "name": "0386 Long", "outflow (M)": 3.02}, {"rank": 12, "name": "1024 Long", "outflow (M)": 2.79}, {"rank": 13, "name": "0981 Short", "outflow (M)": 2.43}, {"rank": 14, "name": "HSCE Long", "outflow (M)": 2.4}, {"rank": 15, "name": "1211 Short", "outflow (M)": 2.39}, {"rank": 16, "name": "0939 Long", "outflow (M)": 2.06}, {"rank": 17, "name": "2333 Long", "outflow (M)": 1.86}, {"rank": 18, "name": "2269 Short", "outflow (M)": 1.61}, {"rank": 19, "name": "SPX Short", "outflow (M)": 1.57}, {"rank": 20, "name": "0688 Long", "outflow (M)": 1.44}], "stats": {"hsi long pos": "-339.86M", "hsi short pos:": "+795.13M", "stocks long pos": "-94.80M", "stocks short pos": "+210.96M"}}