{"top20inflow_10d": [{"rank": 1, "name": "HSI Short", "inflow (M)": 165.4}, {"rank": 2, "name": "0700 Long", "inflow (M)": 69.65}, {"rank": 3, "name": "3690 Short", "inflow (M)": 23.63}, {"rank": 4, "name": "9988 Long", "inflow (M)": 20.21}, {"rank": 5, "name": "9888 Long", "inflow (M)": 17.88}, {"rank": 6, "name": "0388 Long", "inflow (M)": 15.69}, {"rank": 7, "name": "1211 Short", "inflow (M)": 13.09}, {"rank": 8, "name": "2318 Long", "inflow (M)": 8.54}, {"rank": 9, "name": "0005 Long", "inflow (M)": 8.3}, {"rank": 10, "name": "9961 Long", "inflow (M)": 5.08}, {"rank": 11, "name": "2015 Short", "inflow (M)": 5.02}, {"rank": 12, "name": "9618 Long", "inflow (M)": 4.9}, {"rank": 13, "name": "1810 Long", "inflow (M)": 4.85}, {"rank": 14, "name": "1299 Long", "inflow (M)": 4.79}, {"rank": 15, "name": "0027 Long", "inflow (M)": 4.55}, {"rank": 16, "name": "0941 Long", "inflow (M)": 4.44}, {"rank": 17, "name": "9961 Short", "inflow (M)": 3.93}, {"rank": 18, "name": "0883 Short", "inflow (M)": 3.11}, {"rank": 19, "name": "1810 Short", "inflow (M)": 2.96}, {"rank": 20, "name": "9999 Long", "inflow (M)": 2.74}], "top20outflow_10d": [{"rank": 1, "name": "HSI Long", "outflow (M)": 55.52}, {"rank": 2, "name": "0700 Short", "outflow (M)": 12.57}, {"rank": 3, "name": "HSTECH Long", "outflow (M)": 7.17}, {"rank": 4, "name": "2269 Long", "outflow (M)": 5.2}, {"rank": 5, "name": "2269 Short", "outflow (M)": 4.83}, {"rank": 6, "name": "9988 Short", "outflow (M)": 3.68}, {"rank": 7, "name": "0992 Long", "outflow (M)": 3.37}, {"rank": 8, "name": "0388 Short", "outflow (M)": 3.05}, {"rank": 9, "name": "3968 Short", "outflow (M)": 2.5}, {"rank": 10, "name": "2382 Short", "outflow (M)": 1.47}, {"rank": 11, "name": "0005 Short", "outflow (M)": 1.43}, {"rank": 12, "name": "0788 Long", "outflow (M)": 1.32}, {"rank": 13, "name": "JPYD= Long", "outflow (M)": 1.31}, {"rank": 14, "name": "1211 Long", "outflow (M)": 1.27}, {"rank": 15, "name": "0027 Short", "outflow (M)": 1.23}, {"rank": 16, "name": "0175 Long", "outflow (M)": 1.18}, {"rank": 17, "name": "9618 Short", "outflow (M)": 1.01}, {"rank": 18, "name": "2822 Long", "outflow (M)": 0.99}, {"rank": 19, "name": "1398 Long", "outflow (M)": 0.97}, {"rank": 20, "name": "0883 Long", "outflow (M)": 0.95}], "stats": {"hsi long pos": "-55.52M", "hsi short pos:": "+165.40M", "stocks long pos": "+181.77M", "stocks short pos": "+22.12M"}}