{"top20inflow_1d": [{"rank": 1, "name": "HSI Long", "inflow (M)": 32.03}, {"rank": 2, "name": "9988 Long", "inflow (M)": 8.42}, {"rank": 3, "name": "3690 Long", "inflow (M)": 5.82}, {"rank": 4, "name": "3690 Short", "inflow (M)": 4.39}, {"rank": 5, "name": "9999 Long", "inflow (M)": 2.98}, {"rank": 6, "name": "1299 Long", "inflow (M)": 2.6}, {"rank": 7, "name": "0388 Long", "inflow (M)": 2.33}, {"rank": 8, "name": "0981 Long", "inflow (M)": 1.97}, {"rank": 9, "name": "0268 Long", "inflow (M)": 1.55}, {"rank": 10, "name": "0005 Long", "inflow (M)": 1.29}, {"rank": 11, "name": "0857 Long", "inflow (M)": 1.1}, {"rank": 12, "name": "9888 Long", "inflow (M)": 0.85}, {"rank": 13, "name": "2331 Long", "inflow (M)": 0.79}, {"rank": 14, "name": "0027 Long", "inflow (M)": 0.75}, {"rank": 15, "name": "0941 Long", "inflow (M)": 0.75}, {"rank": 16, "name": "0291 Long", "inflow (M)": 0.73}, {"rank": 17, "name": "2318 Long", "inflow (M)": 0.59}, {"rank": 18, "name": "9696 Long", "inflow (M)": 0.55}, {"rank": 19, "name": "0700 Short", "inflow (M)": 0.53}, {"rank": 20, "name": "0001 Long", "inflow (M)": 0.5}], "top20outflow_1d": [{"rank": 1, "name": "HSI Short", "outflow (M)": 47.29}, {"rank": 2, "name": "0700 Long", "outflow (M)": 7.95}, {"rank": 3, "name": "0175 Long", "outflow (M)": 3.36}, {"rank": 4, "name": "1211 Short", "outflow (M)": 2.39}, {"rank": 5, "name": "2020 Short", "outflow (M)": 1.86}, {"rank": 6, "name": "9961 Short", "outflow (M)": 1.84}, {"rank": 7, "name": "DJI Short", "outflow (M)": 1.83}, {"rank": 8, "name": "1211 Long", "outflow (M)": 1.27}, {"rank": 9, "name": "0883 Long", "outflow (M)": 1.24}, {"rank": 10, "name": "2600 Long", "outflow (M)": 1.0}, {"rank": 11, "name": "NDX Short", "outflow (M)": 0.81}, {"rank": 12, "name": "1810 Short", "outflow (M)": 0.79}, {"rank": 13, "name": "0354 Long", "outflow (M)": 0.68}, {"rank": 14, "name": "9618 Short", "outflow (M)": 0.65}, {"rank": 15, "name": "1299 Short", "outflow (M)": 0.55}, {"rank": 16, "name": "9988 Short", "outflow (M)": 0.5}, {"rank": 17, "name": "3968 Short", "outflow (M)": 0.48}, {"rank": 18, "name": "1818 Long", "outflow (M)": 0.47}, {"rank": 19, "name": "1024 Long", "outflow (M)": 0.36}, {"rank": 20, "name": "9999 Short", "outflow (M)": 0.35}], "stats": {"hsi long pos": "+32.03M", "hsi short pos:": "-47.29M", "stocks long pos": "+23.15M", "stocks short pos": "-3.94M"}}