{"top20inflow_5d": [{"rank": 1, "name": "HSI Long", "inflow (M)": 462.8}, {"rank": 2, "name": "3690 Long", "inflow (M)": 108.05}, {"rank": 3, "name": "9988 Long", "inflow (M)": 26.25}, {"rank": 4, "name": "1211 Long", "inflow (M)": 19.75}, {"rank": 5, "name": "0388 Long", "inflow (M)": 14.97}, {"rank": 6, "name": "0700 Long", "inflow (M)": 14.49}, {"rank": 7, "name": "1299 Long", "inflow (M)": 7.1}, {"rank": 8, "name": "2318 Long", "inflow (M)": 6.79}, {"rank": 9, "name": "1024 Long", "inflow (M)": 5.24}, {"rank": 10, "name": "HSTECH Long", "inflow (M)": 3.36}, {"rank": 11, "name": "DJI Short", "inflow (M)": 3.18}, {"rank": 12, "name": "2269 Long", "inflow (M)": 2.73}, {"rank": 13, "name": "0175 Long", "inflow (M)": 2.5}, {"rank": 14, "name": "0027 Long", "inflow (M)": 2.2}, {"rank": 15, "name": "9868 Long", "inflow (M)": 1.64}, {"rank": 16, "name": "3968 Long", "inflow (M)": 1.63}, {"rank": 17, "name": "0939 Long", "inflow (M)": 1.55}, {"rank": 18, "name": "0700 Short", "inflow (M)": 1.4}, {"rank": 19, "name": "2800 Long", "inflow (M)": 1.32}, {"rank": 20, "name": "0753 Long", "inflow (M)": 1.21}], "top20outflow_5d": [{"rank": 1, "name": "HSI Short", "outflow (M)": 103.35}, {"rank": 2, "name": "9988 Short", "outflow (M)": 12.98}, {"rank": 3, "name": "1211 Short", "outflow (M)": 9.93}, {"rank": 4, "name": "3690 Short", "outflow (M)": 8.84}, {"rank": 5, "name": "2318 Short", "outflow (M)": 2.37}, {"rank": 6, "name": "9888 Long", "outflow (M)": 2.2}, {"rank": 7, "name": "1810 Long", "outflow (M)": 2.15}, {"rank": 8, "name": "0981 Long", "outflow (M)": 2.1}, {"rank": 9, "name": "0883 Long", "outflow (M)": 1.93}, {"rank": 10, "name": "2018 Long", "outflow (M)": 1.91}, {"rank": 11, "name": "1024 Short", "outflow (M)": 1.47}, {"rank": 12, "name": "HSTECH Short", "outflow (M)": 1.44}, {"rank": 13, "name": "0388 Short", "outflow (M)": 1.39}, {"rank": 14, "name": "0902 Long", "outflow (M)": 1.11}, {"rank": 15, "name": "9618 Short", "outflow (M)": 0.85}, {"rank": 16, "name": "3988 Short", "outflow (M)": 0.72}, {"rank": 17, "name": "9888 Short", "outflow (M)": 0.71}, {"rank": 18, "name": "2015 Short", "outflow (M)": 0.63}, {"rank": 19, "name": "0020 Long", "outflow (M)": 0.6}, {"rank": 20, "name": "0941 Short", "outflow (M)": 0.52}], "stats": {"hsi long pos": "+462.80M", "hsi short pos:": "-103.35M", "stocks long pos": "+215.24M", "stocks short pos": "-38.93M"}}