{"top20inflow_10d": [{"rank": 1, "name": "HSI Short", "inflow (M)": 100.6}, {"rank": 2, "name": "9988 Long", "inflow (M)": 32.28}, {"rank": 3, "name": "1299 Long", "inflow (M)": 14.39}, {"rank": 4, "name": "NDX Long", "inflow (M)": 13.53}, {"rank": 5, "name": "2269 Long", "inflow (M)": 12.92}, {"rank": 6, "name": "1211 Short", "inflow (M)": 10.14}, {"rank": 7, "name": "9618 Short", "inflow (M)": 8.93}, {"rank": 8, "name": "0941 Long", "inflow (M)": 7.53}, {"rank": 9, "name": "1810 Long", "inflow (M)": 7.01}, {"rank": 10, "name": "2015 Long", "inflow (M)": 6.45}, {"rank": 11, "name": "JPYD Long", "inflow (M)": 5.78}, {"rank": 12, "name": "3690 Short", "inflow (M)": 5.58}, {"rank": 13, "name": "0700 Short", "inflow (M)": 5.41}, {"rank": 14, "name": "0883 Long", "inflow (M)": 5.02}, {"rank": 15, "name": "0388 Short", "inflow (M)": 4.26}, {"rank": 16, "name": "0763 Long", "inflow (M)": 4.18}, {"rank": 17, "name": "0788 Long", "inflow (M)": 3.55}, {"rank": 18, "name": "9999 Long", "inflow (M)": 3.5}, {"rank": 19, "name": "2318 Long", "inflow (M)": 3.46}, {"rank": 20, "name": "SPX Long", "inflow (M)": 3.4}], "top20outflow_10d": [{"rank": 1, "name": "3690 Long", "outflow (M)": 57.92}, {"rank": 2, "name": "HSI Long", "outflow (M)": 31.34}, {"rank": 3, "name": "2015 Short", "outflow (M)": 10.55}, {"rank": 4, "name": "1211 Long", "outflow (M)": 9.8}, {"rank": 5, "name": "9618 Long", "outflow (M)": 4.96}, {"rank": 6, "name": "3968 Long", "outflow (M)": 4.56}, {"rank": 7, "name": "0388 Long", "outflow (M)": 4.11}, {"rank": 8, "name": "1109 Long", "outflow (M)": 4.1}, {"rank": 9, "name": "9988 Short", "outflow (M)": 4.06}, {"rank": 10, "name": "HSTECH Long", "outflow (M)": 3.24}, {"rank": 11, "name": "2840 Long", "outflow (M)": 2.85}, {"rank": 12, "name": "1299 Short", "outflow (M)": 2.69}, {"rank": 13, "name": "9961 Short", "outflow (M)": 2.66}, {"rank": 14, "name": "0992 Long", "outflow (M)": 1.9}, {"rank": 15, "name": "2822 Long", "outflow (M)": 1.84}, {"rank": 16, "name": "0027 Short", "outflow (M)": 1.74}, {"rank": 17, "name": "3988 Long", "outflow (M)": 1.7}, {"rank": 18, "name": "0700 Long", "outflow (M)": 1.31}, {"rank": 19, "name": "0857 Long", "outflow (M)": 1.3}, {"rank": 20, "name": "0669 Long", "outflow (M)": 1.27}], "stats": {"hsi long pos": "-31.34M", "hsi short pos:": "+100.60M", "stocks long pos": "+27.42M", "stocks short pos": "+20.61M"}}