{"top20inflow_1d": [{"rank": 1, "name": "0700 Long", "inflow (M)": 4.21}, {"rank": 2, "name": "1810 Long", "inflow (M)": 4.02}, {"rank": 3, "name": "HSI Long", "inflow (M)": 3.84}, {"rank": 4, "name": "2269 Long", "inflow (M)": 0.98}, {"rank": 5, "name": "1211 Short", "inflow (M)": 0.78}, {"rank": 6, "name": "0388 Long", "inflow (M)": 0.68}, {"rank": 7, "name": "9618 Long", "inflow (M)": 0.64}, {"rank": 8, "name": "9999 Long", "inflow (M)": 0.63}, {"rank": 9, "name": "2318 Short", "inflow (M)": 0.55}, {"rank": 10, "name": "0175 Long", "inflow (M)": 0.54}, {"rank": 11, "name": "6862 Long", "inflow (M)": 0.38}, {"rank": 12, "name": "3690 Long", "inflow (M)": 0.37}, {"rank": 13, "name": "2319 Long", "inflow (M)": 0.34}, {"rank": 14, "name": "HSTECH Long", "inflow (M)": 0.33}, {"rank": 15, "name": "9999 Short", "inflow (M)": 0.31}, {"rank": 16, "name": "JPYD Long", "inflow (M)": 0.27}, {"rank": 17, "name": "DJI Short", "inflow (M)": 0.23}, {"rank": 18, "name": "0354 Long", "inflow (M)": 0.22}, {"rank": 19, "name": "0981 Long", "inflow (M)": 0.21}, {"rank": 20, "name": "0941 Short", "inflow (M)": 0.16}], "top20outflow_1d": [{"rank": 1, "name": "HSI Short", "outflow (M)": 4.25}, {"rank": 2, "name": "3690 Short", "outflow (M)": 3.48}, {"rank": 3, "name": "9988 Long", "outflow (M)": 3.21}, {"rank": 4, "name": "1024 Long", "outflow (M)": 2.83}, {"rank": 5, "name": "9988 Short", "outflow (M)": 2.47}, {"rank": 6, "name": "0700 Short", "outflow (M)": 2.12}, {"rank": 7, "name": "1211 Long", "outflow (M)": 1.04}, {"rank": 8, "name": "1024 Short", "outflow (M)": 1.03}, {"rank": 9, "name": "0941 Long", "outflow (M)": 0.9}, {"rank": 10, "name": "2318 Long", "outflow (M)": 0.87}, {"rank": 11, "name": "1299 Long", "outflow (M)": 0.85}, {"rank": 12, "name": "9866 Long", "outflow (M)": 0.72}, {"rank": 13, "name": "9618 Short", "outflow (M)": 0.56}, {"rank": 14, "name": "NDX Long", "outflow (M)": 0.5}, {"rank": 15, "name": "0883 Long", "outflow (M)": 0.42}, {"rank": 16, "name": "0823 Long", "outflow (M)": 0.4}, {"rank": 17, "name": "9999 Short", "outflow (M)": 0.28}, {"rank": 18, "name": "0939 Long", "outflow (M)": 0.27}, {"rank": 19, "name": "1299 Short", "outflow (M)": 0.22}, {"rank": 20, "name": "0005 Long", "outflow (M)": 0.2}], "stats": {"hsi long pos": "+39.12M", "hsi short pos:": "-4.25M", "stocks long pos": "-0.03M", "stocks short pos": "-6.72M"}}