{"top20inflow_10d": [{"rank": 1, "name": "HSI Long", "inflow (M)": 192.5}, {"rank": 2, "name": "0700 Long", "inflow (M)": 80.63}, {"rank": 3, "name": "3690 Long", "inflow (M)": 24.34}, {"rank": 4, "name": "1211 Short", "inflow (M)": 16.33}, {"rank": 5, "name": "1810 Long", "inflow (M)": 15.74}, {"rank": 6, "name": "DJI Short", "inflow (M)": 12.76}, {"rank": 7, "name": "9999 Short", "inflow (M)": 10.86}, {"rank": 8, "name": "9988 Long", "inflow (M)": 8.8}, {"rank": 9, "name": "1024 Long", "inflow (M)": 8.21}, {"rank": 10, "name": "0388 Long", "inflow (M)": 6.15}, {"rank": 11, "name": "0941 Short", "inflow (M)": 4.79}, {"rank": 12, "name": "HSTECH Long", "inflow (M)": 4.21}, {"rank": 13, "name": "2318 Long", "inflow (M)": 4.16}, {"rank": 14, "name": "1299 Long", "inflow (M)": 3.62}, {"rank": 15, "name": "1211 Long", "inflow (M)": 2.92}, {"rank": 16, "name": "9618 Long", "inflow (M)": 2.38}, {"rank": 17, "name": "0175 Long", "inflow (M)": 2.36}, {"rank": 18, "name": "9868 Long", "inflow (M)": 2.26}, {"rank": 19, "name": "0883 Short", "inflow (M)": 2.24}, {"rank": 20, "name": "0981 Long", "inflow (M)": 2.21}], "top20outflow_10d": [{"rank": 1, "name": "9988 Short", "outflow (M)": 14.08}, {"rank": 2, "name": "0700 Short", "outflow (M)": 9.55}, {"rank": 3, "name": "0941 Long", "outflow (M)": 7.02}, {"rank": 4, "name": "3690 Short", "outflow (M)": 4.67}, {"rank": 5, "name": "1810 Short", "outflow (M)": 2.62}, {"rank": 6, "name": "0823 Long", "outflow (M)": 2.19}, {"rank": 7, "name": "2382 Short", "outflow (M)": 1.59}, {"rank": 8, "name": "9868 Short", "outflow (M)": 1.38}, {"rank": 9, "name": "0902 Long", "outflow (M)": 1.27}, {"rank": 10, "name": "0388 Short", "outflow (M)": 1.15}, {"rank": 11, "name": "1171 Long", "outflow (M)": 0.99}, {"rank": 12, "name": "0992 Long", "outflow (M)": 0.87}, {"rank": 13, "name": "2331 Short", "outflow (M)": 0.87}, {"rank": 14, "name": "2269 Short", "outflow (M)": 0.86}, {"rank": 15, "name": "1024 Short", "outflow (M)": 0.72}, {"rank": 16, "name": "2318 Short", "outflow (M)": 0.67}, {"rank": 17, "name": "9618 Short", "outflow (M)": 0.6}, {"rank": 18, "name": "1801 Long", "outflow (M)": 0.58}, {"rank": 19, "name": "DJI Long", "outflow (M)": 0.57}, {"rank": 20, "name": "3968 Long", "outflow (M)": 0.54}], "stats": {"hsi long pos": "+179.18M", "hsi short pos:": "+14.88M", "stocks long pos": "+194.07M", "stocks short pos": "+4.48M"}}