{"top20inflow_1d": [{"rank": 1, "name": "HSI Short", "inflow (M)": 13.51}, {"rank": 2, "name": "0700 Short", "inflow (M)": 6.48}, {"rank": 3, "name": "9988 Short", "inflow (M)": 4.94}, {"rank": 4, "name": "3690 Long", "inflow (M)": 3.52}, {"rank": 5, "name": "3690 Short", "inflow (M)": 3.42}, {"rank": 6, "name": "0388 Short", "inflow (M)": 2.64}, {"rank": 7, "name": "2318 Long", "inflow (M)": 1.75}, {"rank": 8, "name": "0939 Long", "inflow (M)": 1.25}, {"rank": 9, "name": "JPYD Long", "inflow (M)": 0.94}, {"rank": 10, "name": "1109 Long", "inflow (M)": 0.74}, {"rank": 11, "name": "9618 Long", "inflow (M)": 0.68}, {"rank": 12, "name": "1398 Long", "inflow (M)": 0.67}, {"rank": 13, "name": "1024 Short", "inflow (M)": 0.6}, {"rank": 14, "name": "0027 Long", "inflow (M)": 0.54}, {"rank": 15, "name": "1211 Short", "inflow (M)": 0.53}, {"rank": 16, "name": "0016 Long", "inflow (M)": 0.45}, {"rank": 17, "name": "9999 Short", "inflow (M)": 0.45}, {"rank": 18, "name": "9618 Short", "inflow (M)": 0.44}, {"rank": 19, "name": "0939 Short", "inflow (M)": 0.39}, {"rank": 20, "name": "3988 Long", "inflow (M)": 0.27}], "top20outflow_1d": [{"rank": 1, "name": "HSI Long", "outflow (M)": 56.06}, {"rank": 2, "name": "0700 Long", "outflow (M)": 9.97}, {"rank": 3, "name": "9988 Long", "outflow (M)": 5.79}, {"rank": 4, "name": "1211 Long", "outflow (M)": 4.17}, {"rank": 5, "name": "0388 Long", "outflow (M)": 2.37}, {"rank": 6, "name": "0857 Long", "outflow (M)": 1.83}, {"rank": 7, "name": "1810 Long", "outflow (M)": 1.39}, {"rank": 8, "name": "HSTECH Long", "outflow (M)": 0.71}, {"rank": 9, "name": "2628 Long", "outflow (M)": 0.62}, {"rank": 10, "name": "0992 Long", "outflow (M)": 0.59}, {"rank": 11, "name": "9888 Long", "outflow (M)": 0.56}, {"rank": 12, "name": "0981 Long", "outflow (M)": 0.52}, {"rank": 13, "name": "2800 Long", "outflow (M)": 0.44}, {"rank": 14, "name": "0175 Long", "outflow (M)": 0.42}, {"rank": 15, "name": "1024 Long", "outflow (M)": 0.42}, {"rank": 16, "name": "1299 Long", "outflow (M)": 0.35}, {"rank": 17, "name": "2015 Long", "outflow (M)": 0.31}, {"rank": 18, "name": "0823 Long", "outflow (M)": 0.29}, {"rank": 19, "name": "0857 Short", "outflow (M)": 0.27}, {"rank": 20, "name": "9961 Short", "outflow (M)": 0.26}], "stats": {"hsi long pos": "-103.98M", "hsi short pos:": "+140.09M", "stocks long pos": "-16.93M", "stocks short pos": "+25.13M"}}