{"top20inflow_20d": [{"rank": 1, "name": "HSI Short", "inflow (M)": 183.51}, {"rank": 2, "name": "1299 Long", "inflow (M)": 65.87}, {"rank": 3, "name": "0700 Short", "inflow (M)": 43.88}, {"rank": 4, "name": "9988 Long", "inflow (M)": 43.47}, {"rank": 5, "name": "0388 Long", "inflow (M)": 38.17}, {"rank": 6, "name": "1810 Long", "inflow (M)": 24.17}, {"rank": 7, "name": "3690 Short", "inflow (M)": 18.29}, {"rank": 8, "name": "2269 Long", "inflow (M)": 17.7}, {"rank": 9, "name": "0941 Long", "inflow (M)": 13.94}, {"rank": 10, "name": "NDX Long", "inflow (M)": 13.54}, {"rank": 11, "name": "2318 Long", "inflow (M)": 12.29}, {"rank": 12, "name": "0981 Long", "inflow (M)": 7.93}, {"rank": 13, "name": "2382 Long", "inflow (M)": 7.72}, {"rank": 14, "name": "JPYD Long", "inflow (M)": 7.52}, {"rank": 15, "name": "2015 Long", "inflow (M)": 7.2}, {"rank": 16, "name": "1810 Short", "inflow (M)": 6.54}, {"rank": 17, "name": "9868 Long", "inflow (M)": 5.9}, {"rank": 18, "name": "2883 Long", "inflow (M)": 5.38}, {"rank": 19, "name": "1024 Long", "inflow (M)": 5.21}, {"rank": 20, "name": "9618 Short", "inflow (M)": 5.15}], "top20outflow_20d": [{"rank": 1, "name": "HSI Long", "outflow (M)": 112.44}, {"rank": 2, "name": "3690 Long", "outflow (M)": 85.83}, {"rank": 3, "name": "0700 Long", "outflow (M)": 57.09}, {"rank": 4, "name": "0005 Long", "outflow (M)": 19.06}, {"rank": 5, "name": "9618 Long", "outflow (M)": 8.17}, {"rank": 6, "name": "3968 Long", "outflow (M)": 6.14}, {"rank": 7, "name": "0388 Short", "outflow (M)": 5.91}, {"rank": 8, "name": "2015 Short", "outflow (M)": 5.66}, {"rank": 9, "name": "1109 Long", "outflow (M)": 5.26}, {"rank": 10, "name": "2840 Long", "outflow (M)": 4.58}, {"rank": 11, "name": "1299 Short", "outflow (M)": 3.58}, {"rank": 12, "name": "9626 Long", "outflow (M)": 2.64}, {"rank": 13, "name": "9961 Long", "outflow (M)": 2.47}, {"rank": 14, "name": "9868 Short", "outflow (M)": 2.45}, {"rank": 15, "name": "3988 Long", "outflow (M)": 2.26}, {"rank": 16, "name": "1357 Long", "outflow (M)": 1.81}, {"rank": 17, "name": "0386 Long", "outflow (M)": 1.7}, {"rank": 18, "name": "1088 Long", "outflow (M)": 1.57}, {"rank": 19, "name": "0992 Short", "outflow (M)": 1.42}, {"rank": 20, "name": "2380 Long", "outflow (M)": 1.27}], "stats": {"hsi long pos": "-112.44M", "hsi short pos:": "+183.51M", "stocks long pos": "+95.93M", "stocks short pos": "+66.10M"}}