{"top20inflow_1d": [{"rank": 1, "name": "HSI Long", "inflow (M)": 18.55}, {"rank": 2, "name": "0700 Long", "inflow (M)": 3.86}, {"rank": 3, "name": "1211 Short", "inflow (M)": 1.91}, {"rank": 4, "name": "1810 Short", "inflow (M)": 1.57}, {"rank": 5, "name": "9868 Long", "inflow (M)": 1.18}, {"rank": 6, "name": "0354 Long", "inflow (M)": 1.15}, {"rank": 7, "name": "2318 Long", "inflow (M)": 1.13}, {"rank": 8, "name": "0941 Long", "inflow (M)": 0.78}, {"rank": 9, "name": "9618 Long", "inflow (M)": 0.72}, {"rank": 10, "name": "DJI Short", "inflow (M)": 0.64}, {"rank": 11, "name": "JPY Short", "inflow (M)": 0.64}, {"rank": 12, "name": "2331 Long", "inflow (M)": 0.64}, {"rank": 13, "name": "2020 Long", "inflow (M)": 0.56}, {"rank": 14, "name": "2269 Long", "inflow (M)": 0.49}, {"rank": 15, "name": "NDX Short", "inflow (M)": 0.49}, {"rank": 16, "name": "3968 Long", "inflow (M)": 0.49}, {"rank": 17, "name": "0005 Long", "inflow (M)": 0.43}, {"rank": 18, "name": "1211 Long", "inflow (M)": 0.42}, {"rank": 19, "name": "2015 Short", "inflow (M)": 0.41}, {"rank": 20, "name": "HSTECH Long", "inflow (M)": 0.41}], "top20outflow_1d": [{"rank": 1, "name": "HSI Short", "outflow (M)": 24.45}, {"rank": 2, "name": "3690 Long", "outflow (M)": 2.18}, {"rank": 3, "name": "1810 Long", "outflow (M)": 2.06}, {"rank": 4, "name": "0388 Short", "outflow (M)": 1.68}, {"rank": 5, "name": "9868 Short", "outflow (M)": 1.37}, {"rank": 6, "name": "0700 Short", "outflow (M)": 1.24}, {"rank": 7, "name": "9888 Long", "outflow (M)": 0.95}, {"rank": 8, "name": "1299 Long", "outflow (M)": 0.87}, {"rank": 9, "name": "9988 Short", "outflow (M)": 0.75}, {"rank": 10, "name": "9618 Short", "outflow (M)": 0.73}, {"rank": 11, "name": "0883 Short", "outflow (M)": 0.56}, {"rank": 12, "name": "0772 Long", "outflow (M)": 0.39}, {"rank": 13, "name": "1024 Long", "outflow (M)": 0.39}, {"rank": 14, "name": "EUR= Short", "outflow (M)": 0.38}, {"rank": 15, "name": "1797 Long", "outflow (M)": 0.33}, {"rank": 16, "name": "9999 Long", "outflow (M)": 0.3}, {"rank": 17, "name": "1299 Short", "outflow (M)": 0.24}, {"rank": 18, "name": "9888 Short", "outflow (M)": 0.21}, {"rank": 19, "name": "2269 Short", "outflow (M)": 0.16}, {"rank": 20, "name": "9988 Long", "outflow (M)": 0.15}], "stats": {"hsi long pos": "+18.55M", "hsi short pos:": "-24.45M", "stocks long pos": "+6.81M", "stocks short pos": "-2.34M"}}