{"top20inflow_20d": [{"rank": 1, "name": "HSI Long", "inflow (M)": 661.44}, {"rank": 2, "name": "0700 Long", "inflow (M)": 121.72}, {"rank": 3, "name": "3690 Long", "inflow (M)": 68.03}, {"rank": 4, "name": "1211 Short", "inflow (M)": 22.87}, {"rank": 5, "name": "1810 Long", "inflow (M)": 20.52}, {"rank": 6, "name": "0388 Long", "inflow (M)": 17.56}, {"rank": 7, "name": "1299 Long", "inflow (M)": 16.29}, {"rank": 8, "name": "1024 Long", "inflow (M)": 15.22}, {"rank": 9, "name": "9988 Long", "inflow (M)": 14.72}, {"rank": 10, "name": "DJI Short", "inflow (M)": 12.97}, {"rank": 11, "name": "HSTECH Long", "inflow (M)": 12.34}, {"rank": 12, "name": "2318 Long", "inflow (M)": 12.08}, {"rank": 13, "name": "9618 Long", "inflow (M)": 8.4}, {"rank": 14, "name": "0005 Long", "inflow (M)": 7.07}, {"rank": 15, "name": "9888 Long", "inflow (M)": 6.79}, {"rank": 16, "name": "1211 Long", "inflow (M)": 6.64}, {"rank": 17, "name": "0981 Long", "inflow (M)": 6.59}, {"rank": 18, "name": "NDX Short", "inflow (M)": 5.38}, {"rank": 19, "name": "0941 Short", "inflow (M)": 5.23}, {"rank": 20, "name": "2269 Long", "inflow (M)": 4.79}], "top20outflow_20d": [{"rank": 1, "name": "HSI Short", "outflow (M)": 241.19}, {"rank": 2, "name": "0700 Short", "outflow (M)": 26.31}, {"rank": 3, "name": "9988 Short", "outflow (M)": 9.99}, {"rank": 4, "name": "0388 Short", "outflow (M)": 8.16}, {"rank": 5, "name": "1810 Short", "outflow (M)": 7.48}, {"rank": 6, "name": "9999 Short", "outflow (M)": 5.35}, {"rank": 7, "name": "9618 Short", "outflow (M)": 3.27}, {"rank": 8, "name": "9868 Short", "outflow (M)": 3.1}, {"rank": 9, "name": "0823 Long", "outflow (M)": 2.7}, {"rank": 10, "name": "1024 Short", "outflow (M)": 2.57}, {"rank": 11, "name": "0941 Long", "outflow (M)": 2.13}, {"rank": 12, "name": "2382 Short", "outflow (M)": 1.76}, {"rank": 13, "name": "2318 Short", "outflow (M)": 1.76}, {"rank": 14, "name": "2015 Short", "outflow (M)": 1.67}, {"rank": 15, "name": "1299 Short", "outflow (M)": 1.66}, {"rank": 16, "name": "0902 Long", "outflow (M)": 1.55}, {"rank": 17, "name": "1797 Short", "outflow (M)": 1.14}, {"rank": 18, "name": "1171 Long", "outflow (M)": 0.78}, {"rank": 19, "name": "HSTECH Short", "outflow (M)": 0.76}, {"rank": 20, "name": "2331 Short", "outflow (M)": 0.72}], "stats": {"hsi long pos": "+666.97M", "hsi short pos:": "-208.94M", "stocks long pos": "+381.05M", "stocks short pos": "-43.49M"}}