{"top20inflow_1d": [{"rank": 1, "name": "HSI Long", "inflow (M)": 37.05}, {"rank": 2, "name": "HSI Short", "inflow (M)": 9.81}, {"rank": 3, "name": "0700 Long", "inflow (M)": 4.66}, {"rank": 4, "name": "0700 Short", "inflow (M)": 4.31}, {"rank": 5, "name": "3690 Long", "inflow (M)": 3.4}, {"rank": 6, "name": "1211 Long", "inflow (M)": 1.63}, {"rank": 7, "name": "0388 Long", "inflow (M)": 1.35}, {"rank": 8, "name": "2318 Long", "inflow (M)": 0.73}, {"rank": 9, "name": "9988 Long", "inflow (M)": 0.62}, {"rank": 10, "name": "2382 Short", "inflow (M)": 0.5}, {"rank": 11, "name": "1024 Long", "inflow (M)": 0.48}, {"rank": 12, "name": "0941 Long", "inflow (M)": 0.47}, {"rank": 13, "name": "N225 Short", "inflow (M)": 0.45}, {"rank": 14, "name": "2018 Long", "inflow (M)": 0.44}, {"rank": 15, "name": "2269 Long", "inflow (M)": 0.4}, {"rank": 16, "name": "2015 Short", "inflow (M)": 0.39}, {"rank": 17, "name": "9868 Long", "inflow (M)": 0.39}, {"rank": 18, "name": "1299 Short", "inflow (M)": 0.38}, {"rank": 19, "name": "9888 Short", "inflow (M)": 0.35}, {"rank": 20, "name": "9999 Long", "inflow (M)": 0.34}], "top20outflow_1d": [{"rank": 1, "name": "9988 Short", "outflow (M)": 5.76}, {"rank": 2, "name": "1211 Short", "outflow (M)": 3.15}, {"rank": 3, "name": "1299 Long", "outflow (M)": 1.8}, {"rank": 4, "name": "9999 Short", "outflow (M)": 0.68}, {"rank": 5, "name": "1810 Long", "outflow (M)": 0.55}, {"rank": 6, "name": "0388 Short", "outflow (M)": 0.43}, {"rank": 7, "name": "2020 Long", "outflow (M)": 0.39}, {"rank": 8, "name": "2269 Short", "outflow (M)": 0.38}, {"rank": 9, "name": "SPX Short", "outflow (M)": 0.33}, {"rank": 10, "name": "NDX Short", "outflow (M)": 0.3}, {"rank": 11, "name": "1024 Short", "outflow (M)": 0.25}, {"rank": 12, "name": "0823 Long", "outflow (M)": 0.23}, {"rank": 13, "name": "0027 Long", "outflow (M)": 0.22}, {"rank": 14, "name": "9888 Long", "outflow (M)": 0.22}, {"rank": 15, "name": "AAPLO Short", "outflow (M)": 0.21}, {"rank": 16, "name": "HSTECH Short", "outflow (M)": 0.19}, {"rank": 17, "name": "2382 Long", "outflow (M)": 0.18}, {"rank": 18, "name": "9868 Short", "outflow (M)": 0.17}, {"rank": 19, "name": "1772 Long", "outflow (M)": 0.16}, {"rank": 20, "name": "0005 Long", "outflow (M)": 0.16}], "stats": {"hsi long pos": "+37.05M", "hsi short pos:": "+9.81M", "stocks long pos": "+13.12M", "stocks short pos": "-4.51M"}}