{"top20inflow_1d": [{"rank": 1, "name": "HSI Short", "inflow (M)": 7.58}, {"rank": 2, "name": "0388 Long", "inflow (M)": 4.35}, {"rank": 3, "name": "0700 Short", "inflow (M)": 3.83}, {"rank": 4, "name": "1810 Long", "inflow (M)": 2.0}, {"rank": 5, "name": "3690 Long", "inflow (M)": 1.43}, {"rank": 6, "name": "2269 Long", "inflow (M)": 1.28}, {"rank": 7, "name": "9988 Long", "inflow (M)": 0.89}, {"rank": 8, "name": "2380 Long", "inflow (M)": 0.57}, {"rank": 9, "name": "0005 Short", "inflow (M)": 0.56}, {"rank": 10, "name": "9888 Short", "inflow (M)": 0.55}, {"rank": 11, "name": "1024 Long", "inflow (M)": 0.49}, {"rank": 12, "name": "1211 Long", "inflow (M)": 0.46}, {"rank": 13, "name": "0027 Long", "inflow (M)": 0.42}, {"rank": 14, "name": "9868 Short", "inflow (M)": 0.38}, {"rank": 15, "name": "0981 Long", "inflow (M)": 0.34}, {"rank": 16, "name": "1928 Long", "inflow (M)": 0.33}, {"rank": 17, "name": "9988 Short", "inflow (M)": 0.28}, {"rank": 18, "name": "3968 Long", "inflow (M)": 0.28}, {"rank": 19, "name": "1211 Short", "inflow (M)": 0.28}, {"rank": 20, "name": "0005 Long", "inflow (M)": 0.24}], "top20outflow_1d": [{"rank": 1, "name": "0700 Long", "outflow (M)": 10.59}, {"rank": 2, "name": "0354 Long", "outflow (M)": 4.7}, {"rank": 3, "name": "9988 Short", "outflow (M)": 1.93}, {"rank": 4, "name": "1810 Short", "outflow (M)": 1.62}, {"rank": 5, "name": "0941 Long", "outflow (M)": 1.49}, {"rank": 6, "name": "2013 Long", "outflow (M)": 1.38}, {"rank": 7, "name": "2359 Long", "outflow (M)": 1.26}, {"rank": 8, "name": "3690 Short", "outflow (M)": 1.26}, {"rank": 9, "name": "0388 Short", "outflow (M)": 0.97}, {"rank": 10, "name": "1024 Short", "outflow (M)": 0.85}, {"rank": 11, "name": "0857 Long", "outflow (M)": 0.72}, {"rank": 12, "name": "2382 Long", "outflow (M)": 0.7}, {"rank": 13, "name": "SPX Long", "outflow (M)": 0.59}, {"rank": 14, "name": "9961 Long", "outflow (M)": 0.45}, {"rank": 15, "name": "2269 Short", "outflow (M)": 0.32}, {"rank": 16, "name": "0135 Long", "outflow (M)": 0.21}, {"rank": 17, "name": "NDX Long", "outflow (M)": 0.2}, {"rank": 18, "name": "9618 Short", "outflow (M)": 0.19}, {"rank": 19, "name": "0883 Short", "outflow (M)": 0.14}, {"rank": 20, "name": "2333 Long", "outflow (M)": 0.14}], "stats": {"hsi long pos": "+17.43M", "hsi short pos:": "+12.66M", "stocks long pos": "+5.02M", "stocks short pos": "-0.28M"}}