{"top20inflow_5d": [{"rank": 1, "name": "HSI Long", "inflow (M)": 417.07}, {"rank": 2, "name": "3690 Long", "inflow (M)": 104.72}, {"rank": 3, "name": "1211 Long", "inflow (M)": 26.12}, {"rank": 4, "name": "9988 Long", "inflow (M)": 21.96}, {"rank": 5, "name": "0388 Long", "inflow (M)": 16.09}, {"rank": 6, "name": "2318 Long", "inflow (M)": 9.99}, {"rank": 7, "name": "1299 Long", "inflow (M)": 6.02}, {"rank": 8, "name": "0700 Long", "inflow (M)": 4.14}, {"rank": 9, "name": "1024 Long", "inflow (M)": 3.37}, {"rank": 10, "name": "0175 Long", "inflow (M)": 2.9}, {"rank": 11, "name": "DJI Short", "inflow (M)": 2.81}, {"rank": 12, "name": "0027 Long", "inflow (M)": 2.51}, {"rank": 13, "name": "9868 Long", "inflow (M)": 2.25}, {"rank": 14, "name": "HSTECH Long", "inflow (M)": 2.17}, {"rank": 15, "name": "0700 Short", "inflow (M)": 1.95}, {"rank": 16, "name": "2382 Short", "inflow (M)": 1.79}, {"rank": 17, "name": "2269 Long", "inflow (M)": 1.7}, {"rank": 18, "name": "2800 Long", "inflow (M)": 1.69}, {"rank": 19, "name": "0939 Long", "inflow (M)": 1.47}, {"rank": 20, "name": "3968 Long", "inflow (M)": 1.47}], "top20outflow_5d": [{"rank": 1, "name": "HSI Short", "outflow (M)": 109.1}, {"rank": 2, "name": "9988 Short", "outflow (M)": 25.8}, {"rank": 3, "name": "1211 Short", "outflow (M)": 9.47}, {"rank": 4, "name": "3690 Short", "outflow (M)": 9.18}, {"rank": 5, "name": "1810 Long", "outflow (M)": 2.6}, {"rank": 6, "name": "0981 Long", "outflow (M)": 2.39}, {"rank": 7, "name": "1810 Short", "outflow (M)": 2.05}, {"rank": 8, "name": "0388 Short", "outflow (M)": 1.81}, {"rank": 9, "name": "2318 Short", "outflow (M)": 1.45}, {"rank": 10, "name": "2015 Short", "outflow (M)": 1.41}, {"rank": 11, "name": "HSTECH Short", "outflow (M)": 1.27}, {"rank": 12, "name": "0902 Long", "outflow (M)": 1.06}, {"rank": 13, "name": "1171 Long", "outflow (M)": 1.04}, {"rank": 14, "name": "1801 Long", "outflow (M)": 1.03}, {"rank": 15, "name": "2013 Long", "outflow (M)": 0.96}, {"rank": 16, "name": "9999 Long", "outflow (M)": 0.81}, {"rank": 17, "name": "1024 Short", "outflow (M)": 0.78}, {"rank": 18, "name": "1797 Long", "outflow (M)": 0.67}, {"rank": 19, "name": "3988 Short", "outflow (M)": 0.67}, {"rank": 20, "name": "2018 Long", "outflow (M)": 0.66}], "stats": {"hsi long pos": "+417.07M", "hsi short pos:": "-109.10M", "stocks long pos": "+209.75M", "stocks short pos": "-50.20M"}}