{"top20inflow_20d": [{"rank": 1, "name": "HSI Long", "inflow (M)": 1096.26}, {"rank": 2, "name": "3690 Long", "inflow (M)": 128.98}, {"rank": 3, "name": "9988 Long", "inflow (M)": 102.69}, {"rank": 4, "name": "0388 Long", "inflow (M)": 76.78}, {"rank": 5, "name": "1211 Long", "inflow (M)": 52.1}, {"rank": 6, "name": "2318 Long", "inflow (M)": 23.71}, {"rank": 7, "name": "1299 Long", "inflow (M)": 19.85}, {"rank": 8, "name": "0700 Long", "inflow (M)": 16.07}, {"rank": 9, "name": "2269 Long", "inflow (M)": 14.15}, {"rank": 10, "name": "DJI Short", "inflow (M)": 13.66}, {"rank": 11, "name": "HSTECH Long", "inflow (M)": 10.21}, {"rank": 12, "name": "0175 Long", "inflow (M)": 7.59}, {"rank": 13, "name": "1810 Long", "inflow (M)": 6.37}, {"rank": 14, "name": "0700 Short", "inflow (M)": 6.31}, {"rank": 15, "name": "3968 Long", "inflow (M)": 5.84}, {"rank": 16, "name": "9868 Long", "inflow (M)": 3.68}, {"rank": 17, "name": "2800 Long", "inflow (M)": 3.58}, {"rank": 18, "name": "1024 Long", "inflow (M)": 3.12}, {"rank": 19, "name": "NDX Short", "inflow (M)": 2.98}, {"rank": 20, "name": "0027 Long", "inflow (M)": 2.93}], "top20outflow_20d": [{"rank": 1, "name": "HSI Short", "outflow (M)": 334.52}, {"rank": 2, "name": "3690 Short", "outflow (M)": 20.61}, {"rank": 3, "name": "1211 Short", "outflow (M)": 18.54}, {"rank": 4, "name": "1810 Short", "outflow (M)": 14.28}, {"rank": 5, "name": "0388 Short", "outflow (M)": 10.67}, {"rank": 6, "name": "1299 Short", "outflow (M)": 7.08}, {"rank": 7, "name": "9988 Short", "outflow (M)": 6.48}, {"rank": 8, "name": "2318 Short", "outflow (M)": 4.59}, {"rank": 9, "name": "9618 Long", "outflow (M)": 3.87}, {"rank": 10, "name": "0902 Long", "outflow (M)": 2.2}, {"rank": 11, "name": "9618 Short", "outflow (M)": 2.01}, {"rank": 12, "name": "1024 Short", "outflow (M)": 1.95}, {"rank": 13, "name": "2269 Short", "outflow (M)": 1.88}, {"rank": 14, "name": "0981 Short", "outflow (M)": 1.56}, {"rank": 15, "name": "9888 Long", "outflow (M)": 1.49}, {"rank": 16, "name": "2013 Long", "outflow (M)": 1.48}, {"rank": 17, "name": "2382 Short", "outflow (M)": 1.47}, {"rank": 18, "name": "HSTECH Short", "outflow (M)": 1.4}, {"rank": 19, "name": "2015 Short", "outflow (M)": 1.13}, {"rank": 20, "name": "3988 Short", "outflow (M)": 1.01}], "stats": {"hsi long pos": "+1.10B", "hsi short pos:": "-334.52M", "stocks long pos": "+501.74M", "stocks short pos": "-84.10M"}}