{"top20inflow_1d": [{"rank": 1, "name": "HSI Long", "inflow (M)": 149.56}, {"rank": 2, "name": "1299 Long", "inflow (M)": 6.11}, {"rank": 3, "name": "0388 Long", "inflow (M)": 6.06}, {"rank": 4, "name": "9988 Long", "inflow (M)": 5.11}, {"rank": 5, "name": "0700 Long", "inflow (M)": 3.59}, {"rank": 6, "name": "0005 Long", "inflow (M)": 3.46}, {"rank": 7, "name": "2840 Long", "inflow (M)": 2.41}, {"rank": 8, "name": "1810 Long", "inflow (M)": 2.19}, {"rank": 9, "name": "DJI Short", "inflow (M)": 2.01}, {"rank": 10, "name": "0941 Long", "inflow (M)": 1.74}, {"rank": 11, "name": "0388 Short", "inflow (M)": 1.68}, {"rank": 12, "name": "3690 Long", "inflow (M)": 1.53}, {"rank": 13, "name": "1818 Long", "inflow (M)": 1.51}, {"rank": 14, "name": "0883 Long", "inflow (M)": 1.25}, {"rank": 15, "name": "0027 Short", "inflow (M)": 0.84}, {"rank": 16, "name": "0027 Long", "inflow (M)": 0.79}, {"rank": 17, "name": "HSTECH Long", "inflow (M)": 0.76}, {"rank": 18, "name": "2018 Short", "inflow (M)": 0.74}, {"rank": 19, "name": "9961 Long", "inflow (M)": 0.72}, {"rank": 20, "name": "JPYD Long", "inflow (M)": 0.6}], "top20outflow_1d": [{"rank": 1, "name": "HSI Short", "outflow (M)": 39.14}, {"rank": 2, "name": "0700 Short", "outflow (M)": 5.69}, {"rank": 3, "name": "0005 Short", "outflow (M)": 1.93}, {"rank": 4, "name": "9988 Short", "outflow (M)": 1.79}, {"rank": 5, "name": "2899 Long", "outflow (M)": 1.21}, {"rank": 6, "name": "N225 Short", "outflow (M)": 0.95}, {"rank": 7, "name": "3968 Short", "outflow (M)": 0.92}, {"rank": 8, "name": "0981 Long", "outflow (M)": 0.9}, {"rank": 9, "name": "0883 Short", "outflow (M)": 0.51}, {"rank": 10, "name": "9961 Short", "outflow (M)": 0.48}, {"rank": 11, "name": "2899 Short", "outflow (M)": 0.44}, {"rank": 12, "name": "9888 Long", "outflow (M)": 0.43}, {"rank": 13, "name": "2020 Short", "outflow (M)": 0.35}, {"rank": 14, "name": "9868 Short", "outflow (M)": 0.29}, {"rank": 15, "name": "1171 Long", "outflow (M)": 0.27}, {"rank": 16, "name": "1211 Long", "outflow (M)": 0.26}, {"rank": 17, "name": "2688 Long", "outflow (M)": 0.25}, {"rank": 18, "name": "HSTECH Short", "outflow (M)": 0.25}, {"rank": 19, "name": "2015 Short", "outflow (M)": 0.25}, {"rank": 20, "name": "NDX Long", "outflow (M)": 0.24}], "stats": {"hsi long pos": "+149.56M", "hsi short pos:": "-39.14M", "stocks long pos": "+39.97M", "stocks short pos": "-8.76M"}}