{"top20inflow_10d": [{"rank": 1, "name": "HSI Long", "inflow (M)": 708.37}, {"rank": 2, "name": "3690 Long", "inflow (M)": 115.0}, {"rank": 3, "name": "1211 Long", "inflow (M)": 47.48}, {"rank": 4, "name": "0388 Long", "inflow (M)": 40.37}, {"rank": 5, "name": "0700 Long", "inflow (M)": 21.55}, {"rank": 6, "name": "9988 Long", "inflow (M)": 18.04}, {"rank": 7, "name": "2318 Long", "inflow (M)": 15.87}, {"rank": 8, "name": "1299 Long", "inflow (M)": 12.93}, {"rank": 9, "name": "1810 Long", "inflow (M)": 8.35}, {"rank": 10, "name": "2269 Long", "inflow (M)": 7.0}, {"rank": 11, "name": "HSTECH Long", "inflow (M)": 6.95}, {"rank": 12, "name": "1024 Long", "inflow (M)": 5.82}, {"rank": 13, "name": "0175 Long", "inflow (M)": 5.67}, {"rank": 14, "name": "DJI Short", "inflow (M)": 4.76}, {"rank": 15, "name": "0027 Long", "inflow (M)": 3.81}, {"rank": 16, "name": "3968 Long", "inflow (M)": 3.3}, {"rank": 17, "name": "2800 Long", "inflow (M)": 3.07}, {"rank": 18, "name": "0981 Long", "inflow (M)": 2.88}, {"rank": 19, "name": "0939 Long", "inflow (M)": 2.65}, {"rank": 20, "name": "NDX Short", "inflow (M)": 1.84}], "top20outflow_10d": [{"rank": 1, "name": "HSI Short", "outflow (M)": 158.12}, {"rank": 2, "name": "9988 Short", "outflow (M)": 29.49}, {"rank": 3, "name": "1810 Short", "outflow (M)": 12.62}, {"rank": 4, "name": "3690 Short", "outflow (M)": 9.23}, {"rank": 5, "name": "1211 Short", "outflow (M)": 8.24}, {"rank": 6, "name": "2318 Short", "outflow (M)": 4.57}, {"rank": 7, "name": "0388 Short", "outflow (M)": 4.26}, {"rank": 8, "name": "9888 Long", "outflow (M)": 3.26}, {"rank": 9, "name": "0883 Long", "outflow (M)": 2.85}, {"rank": 10, "name": "1299 Short", "outflow (M)": 2.33}, {"rank": 11, "name": "9618 Short", "outflow (M)": 2.15}, {"rank": 12, "name": "1024 Short", "outflow (M)": 2.04}, {"rank": 13, "name": "1171 Long", "outflow (M)": 1.69}, {"rank": 14, "name": "2013 Long", "outflow (M)": 1.41}, {"rank": 15, "name": "HSTECH Short", "outflow (M)": 1.4}, {"rank": 16, "name": "9618 Long", "outflow (M)": 1.31}, {"rank": 17, "name": "0857 Long", "outflow (M)": 1.24}, {"rank": 18, "name": "0941 Long", "outflow (M)": 1.22}, {"rank": 19, "name": "0902 Long", "outflow (M)": 1.03}, {"rank": 20, "name": "2018 Long", "outflow (M)": 0.98}], "stats": {"hsi long pos": "+708.37M", "hsi short pos:": "-158.12M", "stocks long pos": "+324.63M", "stocks short pos": "-78.06M"}}