{"top20inflow_1d": [{"rank": 1, "name": "3690 Long", "inflow (M)": 3.64}, {"rank": 2, "name": "0700 Long", "inflow (M)": 1.26}, {"rank": 3, "name": "9988 Long", "inflow (M)": 0.68}, {"rank": 4, "name": "1211 Short", "inflow (M)": 0.57}, {"rank": 5, "name": "HSI Short", "inflow (M)": 0.5}, {"rank": 6, "name": "3690 Short", "inflow (M)": 0.45}, {"rank": 7, "name": "1024 Long", "inflow (M)": 0.35}, {"rank": 8, "name": "HSI Long", "inflow (M)": 0.35}, {"rank": 9, "name": "2018 Long", "inflow (M)": 0.29}, {"rank": 10, "name": "2015 Long", "inflow (M)": 0.26}, {"rank": 11, "name": "0388 Long", "inflow (M)": 0.25}, {"rank": 12, "name": "0005 Short", "inflow (M)": 0.16}, {"rank": 13, "name": "0027 Long", "inflow (M)": 0.11}, {"rank": 14, "name": "2333 Long", "inflow (M)": 0.1}, {"rank": 15, "name": "0981 Long", "inflow (M)": 0.1}, {"rank": 16, "name": "1658 Long", "inflow (M)": 0.09}, {"rank": 17, "name": "NDX Short", "inflow (M)": 0.08}, {"rank": 18, "name": "2800 Short", "inflow (M)": 0.07}, {"rank": 19, "name": "1928 Long", "inflow (M)": 0.07}, {"rank": 20, "name": "0354 Long", "inflow (M)": 0.06}], "top20outflow_1d": [{"rank": 1, "name": "0005 Long", "outflow (M)": 0.84}, {"rank": 2, "name": "0700 Short", "outflow (M)": 0.55}, {"rank": 3, "name": "1810 Long", "outflow (M)": 0.31}, {"rank": 4, "name": "1211 Long", "outflow (M)": 0.29}, {"rank": 5, "name": "0388 Short", "outflow (M)": 0.29}, {"rank": 6, "name": "2318 Long", "outflow (M)": 0.17}, {"rank": 7, "name": "9961 Long", "outflow (M)": 0.12}, {"rank": 8, "name": "1299 Long", "outflow (M)": 0.12}, {"rank": 9, "name": "1024 Short", "outflow (M)": 0.11}, {"rank": 10, "name": "0823 Long", "outflow (M)": 0.11}, {"rank": 11, "name": "0992 Long", "outflow (M)": 0.1}, {"rank": 12, "name": "2628 Long", "outflow (M)": 0.08}, {"rank": 13, "name": "2331 Long", "outflow (M)": 0.07}, {"rank": 14, "name": "SPX Short", "outflow (M)": 0.07}, {"rank": 15, "name": "9888 Long", "outflow (M)": 0.04}, {"rank": 16, "name": "0066 Long", "outflow (M)": 0.04}, {"rank": 17, "name": "0960 Long", "outflow (M)": 0.04}, {"rank": 18, "name": "9868 Short", "outflow (M)": 0.04}, {"rank": 19, "name": "1088 Long", "outflow (M)": 0.04}, {"rank": 20, "name": "0175 Long", "outflow (M)": 0.03}], "stats": {"hsi long pos": "-12.97M", "hsi short pos:": "+15.40M", "stocks long pos": "+27.04M", "stocks short pos": "+2.36M"}}