{"top20inflow_5d": [{"rank": 1, "name": "HSI Long", "inflow (M)": 156.17}, {"rank": 2, "name": "0700 Long", "inflow (M)": 17.08}, {"rank": 3, "name": "3690 Long", "inflow (M)": 12.23}, {"rank": 4, "name": "1211 Long", "inflow (M)": 11.89}, {"rank": 5, "name": "0388 Long", "inflow (M)": 10.1}, {"rank": 6, "name": "2269 Long", "inflow (M)": 9.35}, {"rank": 7, "name": "3968 Long", "inflow (M)": 8.63}, {"rank": 8, "name": "2318 Long", "inflow (M)": 5.92}, {"rank": 9, "name": "1299 Long", "inflow (M)": 5.19}, {"rank": 10, "name": "SPX Short", "inflow (M)": 3.77}, {"rank": 11, "name": "0981 Long", "inflow (M)": 3.73}, {"rank": 12, "name": "1810 Long", "inflow (M)": 3.43}, {"rank": 13, "name": "0992 Long", "inflow (M)": 2.61}, {"rank": 14, "name": "9618 Long", "inflow (M)": 2.55}, {"rank": 15, "name": "HSTECH Long", "inflow (M)": 2.43}, {"rank": 16, "name": "0005 Short", "inflow (M)": 2.43}, {"rank": 17, "name": "0857 Long", "inflow (M)": 2.36}, {"rank": 18, "name": "0175 Long", "inflow (M)": 2.14}, {"rank": 19, "name": "DJI Short", "inflow (M)": 1.81}, {"rank": 20, "name": "0939 Long", "inflow (M)": 1.64}], "top20outflow_5d": [{"rank": 1, "name": "HSI Short", "outflow (M)": 58.5}, {"rank": 2, "name": "1211 Short", "outflow (M)": 37.65}, {"rank": 3, "name": "0883 Long", "outflow (M)": 29.58}, {"rank": 4, "name": "0700 Short", "outflow (M)": 10.28}, {"rank": 5, "name": "9868 Short", "outflow (M)": 4.24}, {"rank": 6, "name": "1299 Short", "outflow (M)": 4.12}, {"rank": 7, "name": "3690 Short", "outflow (M)": 3.66}, {"rank": 8, "name": "0960 Long", "outflow (M)": 1.57}, {"rank": 9, "name": "9988 Long", "outflow (M)": 1.57}, {"rank": 10, "name": "0992 Short", "outflow (M)": 1.38}, {"rank": 11, "name": "9888 Long", "outflow (M)": 1.36}, {"rank": 12, "name": "2382 Short", "outflow (M)": 1.25}, {"rank": 13, "name": "0941 Short", "outflow (M)": 1.0}, {"rank": 14, "name": "0005 Long", "outflow (M)": 0.83}, {"rank": 15, "name": "9999 Short", "outflow (M)": 0.74}, {"rank": 16, "name": "0027 Long", "outflow (M)": 0.71}, {"rank": 17, "name": "2331 Long", "outflow (M)": 0.64}, {"rank": 18, "name": "2015 Short", "outflow (M)": 0.61}, {"rank": 19, "name": "9888 Short", "outflow (M)": 0.54}, {"rank": 20, "name": "DJI Long", "outflow (M)": 0.43}], "stats": {"hsi long pos": "+152.55M", "hsi short pos:": "-61.33M", "stocks long pos": "+77.34M", "stocks short pos": "-53.90M"}}