{"top20inflow_10d": [{"rank": 1, "name": "HSI Long", "inflow (M)": 227.18}, {"rank": 2, "name": "9988 Long", "inflow (M)": 43.64}, {"rank": 3, "name": "1299 Long", "inflow (M)": 31.68}, {"rank": 4, "name": "0388 Long", "inflow (M)": 30.97}, {"rank": 5, "name": "2318 Long", "inflow (M)": 17.92}, {"rank": 6, "name": "3690 Long", "inflow (M)": 9.46}, {"rank": 7, "name": "0027 Long", "inflow (M)": 8.55}, {"rank": 8, "name": "0857 Long", "inflow (M)": 6.37}, {"rank": 9, "name": "3690 Short", "inflow (M)": 5.43}, {"rank": 10, "name": "3993 Long", "inflow (M)": 5.09}, {"rank": 11, "name": "9888 Long", "inflow (M)": 4.88}, {"rank": 12, "name": "0883 Long", "inflow (M)": 4.33}, {"rank": 13, "name": "9618 Long", "inflow (M)": 4.05}, {"rank": 14, "name": "0268 Long", "inflow (M)": 3.98}, {"rank": 15, "name": "1024 Long", "inflow (M)": 3.68}, {"rank": 16, "name": "0981 Long", "inflow (M)": 3.5}, {"rank": 17, "name": "1928 Long", "inflow (M)": 3.44}, {"rank": 18, "name": "2331 Long", "inflow (M)": 3.34}, {"rank": 19, "name": "2899 Long", "inflow (M)": 3.29}, {"rank": 20, "name": "3968 Short", "inflow (M)": 3.05}], "top20outflow_10d": [{"rank": 1, "name": "HSI Short", "outflow (M)": 37.99}, {"rank": 2, "name": "0700 Long", "outflow (M)": 28.12}, {"rank": 3, "name": "0941 Long", "outflow (M)": 7.5}, {"rank": 4, "name": "0175 Long", "outflow (M)": 6.27}, {"rank": 5, "name": "1810 Long", "outflow (M)": 6.19}, {"rank": 6, "name": "1211 Long", "outflow (M)": 4.98}, {"rank": 7, "name": "3968 Long", "outflow (M)": 3.32}, {"rank": 8, "name": "1211 Short", "outflow (M)": 2.5}, {"rank": 9, "name": "0700 Short", "outflow (M)": 2.4}, {"rank": 10, "name": "N225 Short", "outflow (M)": 2.22}, {"rank": 11, "name": "0358 Long", "outflow (M)": 1.69}, {"rank": 12, "name": "0883 Short", "outflow (M)": 1.54}, {"rank": 13, "name": "9868 Short", "outflow (M)": 1.36}, {"rank": 14, "name": "9988 Short", "outflow (M)": 1.33}, {"rank": 15, "name": "9618 Short", "outflow (M)": 1.27}, {"rank": 16, "name": "2333 Long", "outflow (M)": 0.96}, {"rank": 17, "name": "0688 Long", "outflow (M)": 0.76}, {"rank": 18, "name": "2318 Short", "outflow (M)": 0.69}, {"rank": 19, "name": "2015 Short", "outflow (M)": 0.66}, {"rank": 20, "name": "NDX Short", "outflow (M)": 0.58}], "stats": {"hsi long pos": "+227.18M", "hsi short pos:": "-37.99M", "stocks long pos": "+167.83M", "stocks short pos": "+7.70M"}}