{"top20inflow_1d": [{"rank": 1, "name": "HSI Long", "inflow (M)": 23.77}, {"rank": 2, "name": "9988 Long", "inflow (M)": 4.09}, {"rank": 3, "name": "2318 Long", "inflow (M)": 2.39}, {"rank": 4, "name": "0941 Long", "inflow (M)": 1.58}, {"rank": 5, "name": "1109 Long", "inflow (M)": 1.33}, {"rank": 6, "name": "9618 Long", "inflow (M)": 1.06}, {"rank": 7, "name": "1810 Long", "inflow (M)": 0.91}, {"rank": 8, "name": "9999 Long", "inflow (M)": 0.86}, {"rank": 9, "name": "9868 Short", "inflow (M)": 0.85}, {"rank": 10, "name": "0005 Long", "inflow (M)": 0.64}, {"rank": 11, "name": "HSTECH Long", "inflow (M)": 0.58}, {"rank": 12, "name": "0027 Long", "inflow (M)": 0.53}, {"rank": 13, "name": "0700 Long", "inflow (M)": 0.5}, {"rank": 14, "name": "1928 Long", "inflow (M)": 0.43}, {"rank": 15, "name": "2822 Long", "inflow (M)": 0.31}, {"rank": 16, "name": "3968 Long", "inflow (M)": 0.3}, {"rank": 17, "name": "1211 Long", "inflow (M)": 0.29}, {"rank": 18, "name": "SPX Short", "inflow (M)": 0.23}, {"rank": 19, "name": "6030 Long", "inflow (M)": 0.22}, {"rank": 20, "name": "2628 Long", "inflow (M)": 0.2}], "top20outflow_1d": [{"rank": 1, "name": "HSI Short", "outflow (M)": 58.37}, {"rank": 2, "name": "0700 Short", "outflow (M)": 6.24}, {"rank": 3, "name": "9988 Short", "outflow (M)": 5.86}, {"rank": 4, "name": "3690 Short", "outflow (M)": 4.09}, {"rank": 5, "name": "3690 Long", "outflow (M)": 3.38}, {"rank": 6, "name": "1810 Short", "outflow (M)": 2.7}, {"rank": 7, "name": "0388 Short", "outflow (M)": 1.58}, {"rank": 8, "name": "1211 Short", "outflow (M)": 1.47}, {"rank": 9, "name": "1398 Short", "outflow (M)": 1.16}, {"rank": 10, "name": "0857 Short", "outflow (M)": 1.01}, {"rank": 11, "name": "1299 Short", "outflow (M)": 0.95}, {"rank": 12, "name": "0941 Short", "outflow (M)": 0.44}, {"rank": 13, "name": "0669 Long", "outflow (M)": 0.38}, {"rank": 14, "name": "0981 Short", "outflow (M)": 0.37}, {"rank": 15, "name": "2020 Short", "outflow (M)": 0.36}, {"rank": 16, "name": "0960 Long", "outflow (M)": 0.32}, {"rank": 17, "name": "9888 Short", "outflow (M)": 0.3}, {"rank": 18, "name": "9618 Short", "outflow (M)": 0.3}, {"rank": 19, "name": "1024 Short", "outflow (M)": 0.27}, {"rank": 20, "name": "2269 Long", "outflow (M)": 0.26}], "stats": {"hsi long pos": "+23.77M", "hsi short pos:": "-58.37M", "stocks long pos": "+12.28M", "stocks short pos": "-27.32M"}}