{"top20inflow_5d": [{"rank": 1, "name": "HSI Long", "inflow (M)": 167.44}, {"rank": 2, "name": "0700 Long", "inflow (M)": 27.99}, {"rank": 3, "name": "9988 Long", "inflow (M)": 17.98}, {"rank": 4, "name": "3690 Long", "inflow (M)": 15.87}, {"rank": 5, "name": "3690 Short", "inflow (M)": 13.52}, {"rank": 6, "name": "1211 Short", "inflow (M)": 10.27}, {"rank": 7, "name": "9988 Short", "inflow (M)": 8.54}, {"rank": 8, "name": "9999 Short", "inflow (M)": 3.67}, {"rank": 9, "name": "0388 Long", "inflow (M)": 3.2}, {"rank": 10, "name": "1818 Long", "inflow (M)": 2.03}, {"rank": 11, "name": "0005 Short", "inflow (M)": 1.79}, {"rank": 12, "name": "2318 Long", "inflow (M)": 1.61}, {"rank": 13, "name": "1810 Long", "inflow (M)": 1.55}, {"rank": 14, "name": "1299 Short", "inflow (M)": 1.39}, {"rank": 15, "name": "9868 Long", "inflow (M)": 1.37}, {"rank": 16, "name": "0823 Long", "inflow (M)": 1.22}, {"rank": 17, "name": "NDX Short", "inflow (M)": 1.13}, {"rank": 18, "name": "2269 Long", "inflow (M)": 1.08}, {"rank": 19, "name": "0981 Long", "inflow (M)": 1.03}, {"rank": 20, "name": "0883 Short", "inflow (M)": 0.97}], "top20outflow_5d": [{"rank": 1, "name": "HSI Short", "outflow (M)": 32.51}, {"rank": 2, "name": "0700 Short", "outflow (M)": 17.42}, {"rank": 3, "name": "1299 Long", "outflow (M)": 4.14}, {"rank": 4, "name": "0005 Long", "outflow (M)": 3.3}, {"rank": 5, "name": "0388 Short", "outflow (M)": 2.28}, {"rank": 6, "name": "1211 Long", "outflow (M)": 1.95}, {"rank": 7, "name": "0354 Long", "outflow (M)": 1.69}, {"rank": 8, "name": "1810 Short", "outflow (M)": 1.61}, {"rank": 9, "name": "9868 Short", "outflow (M)": 1.39}, {"rank": 10, "name": "9888 Long", "outflow (M)": 1.28}, {"rank": 11, "name": "0981 Short", "outflow (M)": 1.23}, {"rank": 12, "name": "9633 Long", "outflow (M)": 1.08}, {"rank": 13, "name": "2382 Long", "outflow (M)": 1.01}, {"rank": 14, "name": "1024 Short", "outflow (M)": 0.97}, {"rank": 15, "name": "0941 Long", "outflow (M)": 0.94}, {"rank": 16, "name": "DJI Short", "outflow (M)": 0.72}, {"rank": 17, "name": "HSTECH Long", "outflow (M)": 0.7}, {"rank": 18, "name": "SPX Short", "outflow (M)": 0.61}, {"rank": 19, "name": "2269 Short", "outflow (M)": 0.51}, {"rank": 20, "name": "0688 Long", "outflow (M)": 0.45}], "stats": {"hsi long pos": "+112.13M", "hsi short pos:": "+33.21M", "stocks long pos": "+60.17M", "stocks short pos": "+19.04M"}}