{"top20inflow_20d": [{"rank": 1, "name": "HSI Long", "inflow (M)": 904.76}, {"rank": 2, "name": "3690 Long", "inflow (M)": 158.13}, {"rank": 3, "name": "0388 Long", "inflow (M)": 61.29}, {"rank": 4, "name": "1211 Long", "inflow (M)": 53.61}, {"rank": 5, "name": "9988 Long", "inflow (M)": 46.07}, {"rank": 6, "name": "0700 Long", "inflow (M)": 31.04}, {"rank": 7, "name": "2318 Long", "inflow (M)": 24.87}, {"rank": 8, "name": "DJI Short", "inflow (M)": 14.85}, {"rank": 9, "name": "2269 Long", "inflow (M)": 13.55}, {"rank": 10, "name": "1299 Long", "inflow (M)": 9.44}, {"rank": 11, "name": "HSTECH Long", "inflow (M)": 8.59}, {"rank": 12, "name": "3968 Long", "inflow (M)": 5.66}, {"rank": 13, "name": "0175 Long", "inflow (M)": 5.22}, {"rank": 14, "name": "0941 Long", "inflow (M)": 4.75}, {"rank": 15, "name": "1024 Long", "inflow (M)": 4.37}, {"rank": 16, "name": "0027 Long", "inflow (M)": 3.82}, {"rank": 17, "name": "NDX Short", "inflow (M)": 3.41}, {"rank": 18, "name": "2800 Long", "inflow (M)": 3.38}, {"rank": 19, "name": "0981 Long", "inflow (M)": 3.3}, {"rank": 20, "name": "1797 Long", "inflow (M)": 3.17}], "top20outflow_20d": [{"rank": 1, "name": "HSI Short", "outflow (M)": 194.96}, {"rank": 2, "name": "9988 Short", "outflow (M)": 52.76}, {"rank": 3, "name": "1211 Short", "outflow (M)": 16.71}, {"rank": 4, "name": "0700 Short", "outflow (M)": 14.24}, {"rank": 5, "name": "1810 Short", "outflow (M)": 10.51}, {"rank": 6, "name": "0388 Short", "outflow (M)": 9.79}, {"rank": 7, "name": "1810 Long", "outflow (M)": 8.41}, {"rank": 8, "name": "3690 Short", "outflow (M)": 6.37}, {"rank": 9, "name": "1299 Short", "outflow (M)": 4.55}, {"rank": 10, "name": "1024 Short", "outflow (M)": 3.95}, {"rank": 11, "name": "9888 Long", "outflow (M)": 3.29}, {"rank": 12, "name": "2318 Short", "outflow (M)": 2.32}, {"rank": 13, "name": "HSTECH Short", "outflow (M)": 2.09}, {"rank": 14, "name": "0354 Long", "outflow (M)": 2.05}, {"rank": 15, "name": "0823 Long", "outflow (M)": 1.85}, {"rank": 16, "name": "1171 Long", "outflow (M)": 1.6}, {"rank": 17, "name": "0981 Short", "outflow (M)": 1.35}, {"rank": 18, "name": "2359 Long", "outflow (M)": 1.22}, {"rank": 19, "name": "2013 Long", "outflow (M)": 1.21}, {"rank": 20, "name": "2382 Short", "outflow (M)": 1.16}], "stats": {"hsi long pos": "+904.76M", "hsi short pos:": "-194.96M", "stocks long pos": "+448.68M", "stocks short pos": "-121.93M"}}