{"top20inflow_1d": [{"rank": 1, "name": "HSI Short", "inflow (M)": 4.66}, {"rank": 2, "name": "HSI Long", "inflow (M)": 4.33}, {"rank": 3, "name": "3690 Long", "inflow (M)": 2.72}, {"rank": 4, "name": "3968 Long", "inflow (M)": 0.94}, {"rank": 5, "name": "0700 Long", "inflow (M)": 0.94}, {"rank": 6, "name": "0005 Short", "inflow (M)": 0.58}, {"rank": 7, "name": "0027 Short", "inflow (M)": 0.46}, {"rank": 8, "name": "0941 Long", "inflow (M)": 0.46}, {"rank": 9, "name": "0981 Long", "inflow (M)": 0.41}, {"rank": 10, "name": "2020 Long", "inflow (M)": 0.34}, {"rank": 11, "name": "9618 Long", "inflow (M)": 0.33}, {"rank": 12, "name": "9999 Short", "inflow (M)": 0.31}, {"rank": 13, "name": "1024 Short", "inflow (M)": 0.31}, {"rank": 14, "name": "2628 Long", "inflow (M)": 0.29}, {"rank": 15, "name": "1171 Long", "inflow (M)": 0.25}, {"rank": 16, "name": "1800 Long", "inflow (M)": 0.2}, {"rank": 17, "name": "0939 Long", "inflow (M)": 0.19}, {"rank": 18, "name": "2318 Long", "inflow (M)": 0.18}, {"rank": 19, "name": "1797 Long", "inflow (M)": 0.14}, {"rank": 20, "name": "1024 Long", "inflow (M)": 0.14}], "top20outflow_1d": [{"rank": 1, "name": "0883 Long", "outflow (M)": 16.2}, {"rank": 2, "name": "1211 Short", "outflow (M)": 4.49}, {"rank": 3, "name": "0388 Short", "outflow (M)": 3.22}, {"rank": 4, "name": "2382 Short", "outflow (M)": 1.26}, {"rank": 5, "name": "3690 Short", "outflow (M)": 1.18}, {"rank": 6, "name": "1810 Short", "outflow (M)": 1.14}, {"rank": 7, "name": "9988 Long", "outflow (M)": 1.12}, {"rank": 8, "name": "0700 Short", "outflow (M)": 0.99}, {"rank": 9, "name": "0027 Long", "outflow (M)": 0.94}, {"rank": 10, "name": "9868 Short", "outflow (M)": 0.72}, {"rank": 11, "name": "1299 Short", "outflow (M)": 0.54}, {"rank": 12, "name": "0992 Short", "outflow (M)": 0.45}, {"rank": 13, "name": "HSTECH Long", "outflow (M)": 0.43}, {"rank": 14, "name": "9988 Short", "outflow (M)": 0.37}, {"rank": 15, "name": "0857 Short", "outflow (M)": 0.35}, {"rank": 16, "name": "0960 Long", "outflow (M)": 0.31}, {"rank": 17, "name": "0941 Short", "outflow (M)": 0.31}, {"rank": 18, "name": "2318 Short", "outflow (M)": 0.3}, {"rank": 19, "name": "2269 Long", "outflow (M)": 0.27}, {"rank": 20, "name": "0823 Long", "outflow (M)": 0.24}], "stats": {"hsi long pos": "+13.99M", "hsi short pos:": "+23.93M", "stocks long pos": "-23.33M", "stocks short pos": "-17.53M"}}