{"top20inflow_10d": [{"rank": 1, "name": "HSI Short", "inflow (M)": 775.55}, {"rank": 2, "name": "0700 Short", "inflow (M)": 71.6}, {"rank": 3, "name": "3690 Short", "inflow (M)": 39.36}, {"rank": 4, "name": "0388 Short", "inflow (M)": 23.2}, {"rank": 5, "name": "1928 Long", "inflow (M)": 10.86}, {"rank": 6, "name": "9618 Short", "inflow (M)": 7.51}, {"rank": 7, "name": "0027 Long", "inflow (M)": 7.31}, {"rank": 8, "name": "0857 Long", "inflow (M)": 6.59}, {"rank": 9, "name": "2015 Long", "inflow (M)": 5.75}, {"rank": 10, "name": "9988 Short", "inflow (M)": 5.7}, {"rank": 11, "name": "1024 Short", "inflow (M)": 5.61}, {"rank": 12, "name": "9888 Long", "inflow (M)": 4.73}, {"rank": 13, "name": "2318 Short", "inflow (M)": 4.54}, {"rank": 14, "name": "1299 Short", "inflow (M)": 4.33}, {"rank": 15, "name": "1211 Short", "inflow (M)": 4.27}, {"rank": 16, "name": "HSTECH Long", "inflow (M)": 3.59}, {"rank": 17, "name": "0268 Long", "inflow (M)": 3.43}, {"rank": 18, "name": "9961 Long", "inflow (M)": 3.27}, {"rank": 19, "name": "0902 Long", "inflow (M)": 2.86}, {"rank": 20, "name": "1818 Long", "inflow (M)": 2.86}], "top20outflow_10d": [{"rank": 1, "name": "HSI Long", "outflow (M)": 365.14}, {"rank": 2, "name": "3690 Long", "outflow (M)": 60.12}, {"rank": 3, "name": "0700 Long", "outflow (M)": 51.53}, {"rank": 4, "name": "1299 Long", "outflow (M)": 29.15}, {"rank": 5, "name": "0388 Long", "outflow (M)": 22.87}, {"rank": 6, "name": "2318 Long", "outflow (M)": 20.24}, {"rank": 7, "name": "1810 Long", "outflow (M)": 9.7}, {"rank": 8, "name": "3968 Long", "outflow (M)": 6.68}, {"rank": 9, "name": "1024 Long", "outflow (M)": 6.38}, {"rank": 10, "name": "2883 Long", "outflow (M)": 4.9}, {"rank": 11, "name": "0941 Long", "outflow (M)": 4.15}, {"rank": 12, "name": "0981 Long", "outflow (M)": 3.8}, {"rank": 13, "name": "HSCE Long", "outflow (M)": 3.58}, {"rank": 14, "name": "9988 Long", "outflow (M)": 3.4}, {"rank": 15, "name": "0005 Long", "outflow (M)": 3.38}, {"rank": 16, "name": "2331 Long", "outflow (M)": 2.91}, {"rank": 17, "name": "2628 Long", "outflow (M)": 2.82}, {"rank": 18, "name": "0939 Long", "outflow (M)": 2.26}, {"rank": 19, "name": "N225 Short", "outflow (M)": 1.96}, {"rank": 20, "name": "SPX Short", "outflow (M)": 1.9}], "stats": {"hsi long pos": "-514.59M", "hsi short pos:": "+832.68M", "stocks long pos": "-250.39M", "stocks short pos": "+187.88M"}}