{"top20inflow_1d": [{"rank": 1, "name": "HSI Short", "inflow (M)": 44.23}, {"rank": 2, "name": "0700 Long", "inflow (M)": 10.92}, {"rank": 3, "name": "3690 Short", "inflow (M)": 5.09}, {"rank": 4, "name": "9999 Short", "inflow (M)": 3.66}, {"rank": 5, "name": "0388 Long", "inflow (M)": 3.46}, {"rank": 6, "name": "0981 Long", "inflow (M)": 2.72}, {"rank": 7, "name": "9988 Long", "inflow (M)": 2.01}, {"rank": 8, "name": "9988 Short", "inflow (M)": 1.87}, {"rank": 9, "name": "0388 Short", "inflow (M)": 1.62}, {"rank": 10, "name": "2318 Long", "inflow (M)": 1.36}, {"rank": 11, "name": "HSTECH Long", "inflow (M)": 1.21}, {"rank": 12, "name": "9868 Short", "inflow (M)": 1.09}, {"rank": 13, "name": "0883 Long", "inflow (M)": 0.98}, {"rank": 14, "name": "1299 Short", "inflow (M)": 0.89}, {"rank": 15, "name": "NDX Long", "inflow (M)": 0.81}, {"rank": 16, "name": "9618 Short", "inflow (M)": 0.71}, {"rank": 17, "name": "2840 Long", "inflow (M)": 0.55}, {"rank": 18, "name": "3968 Long", "inflow (M)": 0.52}, {"rank": 19, "name": "2382 Short", "inflow (M)": 0.51}, {"rank": 20, "name": "2018 Long", "inflow (M)": 0.46}], "top20outflow_1d": [{"rank": 1, "name": "HSI Long", "outflow (M)": 9.98}, {"rank": 2, "name": "1810 Long", "outflow (M)": 4.09}, {"rank": 3, "name": "1299 Long", "outflow (M)": 3.55}, {"rank": 4, "name": "9868 Long", "outflow (M)": 2.83}, {"rank": 5, "name": "0700 Short", "outflow (M)": 2.21}, {"rank": 6, "name": "0823 Long", "outflow (M)": 1.19}, {"rank": 7, "name": "0992 Long", "outflow (M)": 1.12}, {"rank": 8, "name": "3690 Long", "outflow (M)": 1.01}, {"rank": 9, "name": "0941 Long", "outflow (M)": 0.94}, {"rank": 10, "name": "2269 Long", "outflow (M)": 0.72}, {"rank": 11, "name": "0293 Long", "outflow (M)": 0.52}, {"rank": 12, "name": "9618 Long", "outflow (M)": 0.43}, {"rank": 13, "name": "NDX Short", "outflow (M)": 0.43}, {"rank": 14, "name": "1211 Long", "outflow (M)": 0.37}, {"rank": 15, "name": "0017 Long", "outflow (M)": 0.33}, {"rank": 16, "name": "0788 Long", "outflow (M)": 0.28}, {"rank": 17, "name": "0027 Long", "outflow (M)": 0.27}, {"rank": 18, "name": "2020 Long", "outflow (M)": 0.23}, {"rank": 19, "name": "2269 Short", "outflow (M)": 0.21}, {"rank": 20, "name": "0669 Long", "outflow (M)": 0.2}], "stats": {"hsi long pos": "-9.98M", "hsi short pos:": "+44.23M", "stocks long pos": "+5.13M", "stocks short pos": "+13.82M"}}