{"top20inflow_20d": [{"rank": 1, "name": "HSI Long", "inflow (M)": 940.37}, {"rank": 2, "name": "3690 Long", "inflow (M)": 126.41}, {"rank": 3, "name": "9988 Long", "inflow (M)": 122.94}, {"rank": 4, "name": "0388 Long", "inflow (M)": 53.58}, {"rank": 5, "name": "1211 Long", "inflow (M)": 43.89}, {"rank": 6, "name": "2318 Long", "inflow (M)": 41.85}, {"rank": 7, "name": "1810 Long", "inflow (M)": 27.68}, {"rank": 8, "name": "DJI Short", "inflow (M)": 16.82}, {"rank": 9, "name": "1299 Long", "inflow (M)": 12.09}, {"rank": 10, "name": "NDX Short", "inflow (M)": 10.62}, {"rank": 11, "name": "0700 Short", "inflow (M)": 10.29}, {"rank": 12, "name": "2269 Long", "inflow (M)": 9.49}, {"rank": 13, "name": "0175 Long", "inflow (M)": 8.57}, {"rank": 14, "name": "9988 Short", "inflow (M)": 7.75}, {"rank": 15, "name": "HSTECH Long", "inflow (M)": 6.37}, {"rank": 16, "name": "0027 Long", "inflow (M)": 5.46}, {"rank": 17, "name": "1810 Short", "inflow (M)": 5.34}, {"rank": 18, "name": "3968 Long", "inflow (M)": 5.33}, {"rank": 19, "name": "0981 Long", "inflow (M)": 4.44}, {"rank": 20, "name": "2800 Long", "inflow (M)": 3.33}], "top20outflow_20d": [{"rank": 1, "name": "HSI Short", "outflow (M)": 223.5}, {"rank": 2, "name": "3690 Short", "outflow (M)": 22.92}, {"rank": 3, "name": "1211 Short", "outflow (M)": 14.96}, {"rank": 4, "name": "0388 Short", "outflow (M)": 9.16}, {"rank": 5, "name": "1299 Short", "outflow (M)": 5.11}, {"rank": 6, "name": "9618 Long", "outflow (M)": 4.95}, {"rank": 7, "name": "0005 Long", "outflow (M)": 4.93}, {"rank": 8, "name": "0981 Short", "outflow (M)": 4.03}, {"rank": 9, "name": "2318 Short", "outflow (M)": 3.59}, {"rank": 10, "name": "2015 Short", "outflow (M)": 2.39}, {"rank": 11, "name": "0941 Long", "outflow (M)": 2.34}, {"rank": 12, "name": "0902 Long", "outflow (M)": 1.91}, {"rank": 13, "name": "0857 Long", "outflow (M)": 1.68}, {"rank": 14, "name": "HSTECH Short", "outflow (M)": 1.39}, {"rank": 15, "name": "0135 Long", "outflow (M)": 1.35}, {"rank": 16, "name": "2018 Long", "outflow (M)": 1.18}, {"rank": 17, "name": "0883 Long", "outflow (M)": 1.1}, {"rank": 18, "name": "3988 Short", "outflow (M)": 1.02}, {"rank": 19, "name": "2333 Short", "outflow (M)": 1.0}, {"rank": 20, "name": "9992 Long", "outflow (M)": 0.99}], "stats": {"hsi long pos": "+940.37M", "hsi short pos:": "-223.50M", "stocks long pos": "+502.17M", "stocks short pos": "-37.44M"}}