{"top20inflow_20d": [{"rank": 1, "name": "HSI Long", "inflow (M)": 492.24}, {"rank": 2, "name": "0700 Long", "inflow (M)": 116.02}, {"rank": 3, "name": "3690 Long", "inflow (M)": 62.02}, {"rank": 4, "name": "1211 Short", "inflow (M)": 25.15}, {"rank": 5, "name": "1810 Long", "inflow (M)": 22.24}, {"rank": 6, "name": "1024 Long", "inflow (M)": 14.3}, {"rank": 7, "name": "0388 Long", "inflow (M)": 13.73}, {"rank": 8, "name": "DJI Short", "inflow (M)": 12.88}, {"rank": 9, "name": "9988 Long", "inflow (M)": 12.0}, {"rank": 10, "name": "2318 Long", "inflow (M)": 11.84}, {"rank": 11, "name": "1299 Long", "inflow (M)": 9.91}, {"rank": 12, "name": "HSTECH Long", "inflow (M)": 9.1}, {"rank": 13, "name": "0005 Long", "inflow (M)": 8.4}, {"rank": 14, "name": "9618 Long", "inflow (M)": 7.64}, {"rank": 15, "name": "1211 Long", "inflow (M)": 7.44}, {"rank": 16, "name": "JPYD Long", "inflow (M)": 6.39}, {"rank": 17, "name": "0981 Long", "inflow (M)": 6.3}, {"rank": 18, "name": "9888 Long", "inflow (M)": 6.15}, {"rank": 19, "name": "NDX Short", "inflow (M)": 5.18}, {"rank": 20, "name": "0941 Short", "inflow (M)": 4.79}], "top20outflow_20d": [{"rank": 1, "name": "HSI Short", "outflow (M)": 196.29}, {"rank": 2, "name": "0700 Short", "outflow (M)": 31.12}, {"rank": 3, "name": "9988 Short", "outflow (M)": 13.53}, {"rank": 4, "name": "0388 Short", "outflow (M)": 9.44}, {"rank": 5, "name": "1810 Short", "outflow (M)": 5.54}, {"rank": 6, "name": "9618 Short", "outflow (M)": 4.12}, {"rank": 7, "name": "NDX Long", "outflow (M)": 3.48}, {"rank": 8, "name": "2318 Short", "outflow (M)": 2.98}, {"rank": 9, "name": "1024 Short", "outflow (M)": 2.67}, {"rank": 10, "name": "9868 Short", "outflow (M)": 2.56}, {"rank": 11, "name": "2382 Short", "outflow (M)": 2.42}, {"rank": 12, "name": "0823 Long", "outflow (M)": 2.31}, {"rank": 13, "name": "0941 Long", "outflow (M)": 2.24}, {"rank": 14, "name": "1299 Short", "outflow (M)": 1.65}, {"rank": 15, "name": "0902 Long", "outflow (M)": 1.51}, {"rank": 16, "name": "HSTECH Short", "outflow (M)": 1.28}, {"rank": 17, "name": "1171 Long", "outflow (M)": 0.87}, {"rank": 18, "name": "2015 Short", "outflow (M)": 0.81}, {"rank": 19, "name": "2018 Short", "outflow (M)": 0.75}, {"rank": 20, "name": "9999 Short", "outflow (M)": 0.69}], "stats": {"hsi long pos": "+612.98M", "hsi short pos:": "-233.70M", "stocks long pos": "+382.64M", "stocks short pos": "-55.18M"}}