{"top20inflow_10d": [{"rank": 1, "name": "HSI Long", "inflow (M)": 188.2}, {"rank": 2, "name": "9988 Long", "inflow (M)": 25.4}, {"rank": 3, "name": "2269 Long", "inflow (M)": 14.77}, {"rank": 4, "name": "3690 Long", "inflow (M)": 12.8}, {"rank": 5, "name": "3690 Short", "inflow (M)": 9.94}, {"rank": 6, "name": "0388 Long", "inflow (M)": 8.1}, {"rank": 7, "name": "9618 Long", "inflow (M)": 5.11}, {"rank": 8, "name": "2318 Long", "inflow (M)": 4.24}, {"rank": 9, "name": "0175 Long", "inflow (M)": 4.13}, {"rank": 10, "name": "SPX Short", "inflow (M)": 3.91}, {"rank": 11, "name": "1810 Long", "inflow (M)": 3.87}, {"rank": 12, "name": "3968 Short", "inflow (M)": 3.45}, {"rank": 13, "name": "0981 Long", "inflow (M)": 3.4}, {"rank": 14, "name": "DJI Short", "inflow (M)": 3.17}, {"rank": 15, "name": "1211 Long", "inflow (M)": 2.88}, {"rank": 16, "name": "1109 Long", "inflow (M)": 2.62}, {"rank": 17, "name": "3968 Long", "inflow (M)": 2.5}, {"rank": 18, "name": "HSTECH Long", "inflow (M)": 2.38}, {"rank": 19, "name": "0005 Long", "inflow (M)": 2.34}, {"rank": 20, "name": "JPYD Long", "inflow (M)": 2.21}], "top20outflow_10d": [{"rank": 1, "name": "1211 Short", "outflow (M)": 51.39}, {"rank": 2, "name": "0883 Long", "outflow (M)": 32.01}, {"rank": 3, "name": "HSI Short", "outflow (M)": 18.41}, {"rank": 4, "name": "1299 Short", "outflow (M)": 3.6}, {"rank": 5, "name": "9868 Short", "outflow (M)": 2.98}, {"rank": 6, "name": "0388 Short", "outflow (M)": 2.24}, {"rank": 7, "name": "0700 Short", "outflow (M)": 2.15}, {"rank": 8, "name": "0992 Short", "outflow (M)": 1.4}, {"rank": 9, "name": "0941 Short", "outflow (M)": 1.24}, {"rank": 10, "name": "N225 Long", "outflow (M)": 1.21}, {"rank": 11, "name": "2015 Short", "outflow (M)": 1.06}, {"rank": 12, "name": "9888 Short", "outflow (M)": 0.96}, {"rank": 13, "name": "1810 Short", "outflow (M)": 0.93}, {"rank": 14, "name": "1398 Long", "outflow (M)": 0.93}, {"rank": 15, "name": "0857 Long", "outflow (M)": 0.91}, {"rank": 16, "name": "0857 Short", "outflow (M)": 0.9}, {"rank": 17, "name": "9988 Short", "outflow (M)": 0.85}, {"rank": 18, "name": "HSTECH Short", "outflow (M)": 0.84}, {"rank": 19, "name": "2018 Short", "outflow (M)": 0.79}, {"rank": 20, "name": "2318 Short", "outflow (M)": 0.7}], "stats": {"hsi long pos": "+201.95M", "hsi short pos:": "+8.14M", "stocks long pos": "+88.28M", "stocks short pos": "-49.95M"}}