{"top20inflow_10d": [{"rank": 1, "name": "HSI Short", "inflow (M)": 118.53}, {"rank": 2, "name": "0700 Long", "inflow (M)": 68.56}, {"rank": 3, "name": "HSI Long", "inflow (M)": 65.41}, {"rank": 4, "name": "1211 Short", "inflow (M)": 15.03}, {"rank": 5, "name": "1810 Long", "inflow (M)": 13.71}, {"rank": 6, "name": "1024 Long", "inflow (M)": 11.56}, {"rank": 7, "name": "DJI Short", "inflow (M)": 10.77}, {"rank": 8, "name": "9999 Short", "inflow (M)": 8.61}, {"rank": 9, "name": "0941 Short", "inflow (M)": 4.71}, {"rank": 10, "name": "1299 Long", "inflow (M)": 4.04}, {"rank": 11, "name": "1211 Long", "inflow (M)": 3.94}, {"rank": 12, "name": "HSTECH Long", "inflow (M)": 3.91}, {"rank": 13, "name": "0388 Long", "inflow (M)": 2.89}, {"rank": 14, "name": "3690 Long", "inflow (M)": 2.79}, {"rank": 15, "name": "JPYD Long", "inflow (M)": 2.52}, {"rank": 16, "name": "1797 Long", "inflow (M)": 2.19}, {"rank": 17, "name": "0175 Long", "inflow (M)": 2.17}, {"rank": 18, "name": "9618 Long", "inflow (M)": 2.11}, {"rank": 19, "name": "2318 Long", "inflow (M)": 2.08}, {"rank": 20, "name": "0883 Short", "inflow (M)": 1.94}], "top20outflow_10d": [{"rank": 1, "name": "9988 Short", "outflow (M)": 13.5}, {"rank": 2, "name": "0941 Long", "outflow (M)": 6.37}, {"rank": 3, "name": "0823 Long", "outflow (M)": 2.69}, {"rank": 4, "name": "0005 Long", "outflow (M)": 2.62}, {"rank": 5, "name": "9988 Long", "outflow (M)": 2.24}, {"rank": 6, "name": "2318 Short", "outflow (M)": 1.73}, {"rank": 7, "name": "1928 Long", "outflow (M)": 1.39}, {"rank": 8, "name": "0902 Long", "outflow (M)": 1.21}, {"rank": 9, "name": "0883 Long", "outflow (M)": 1.12}, {"rank": 10, "name": "0700 Short", "outflow (M)": 1.09}, {"rank": 11, "name": "3690 Short", "outflow (M)": 1.06}, {"rank": 12, "name": "0992 Long", "outflow (M)": 1.06}, {"rank": 13, "name": "1171 Long", "outflow (M)": 0.92}, {"rank": 14, "name": "1810 Short", "outflow (M)": 0.82}, {"rank": 15, "name": "2269 Short", "outflow (M)": 0.82}, {"rank": 16, "name": "2331 Short", "outflow (M)": 0.74}, {"rank": 17, "name": "2382 Short", "outflow (M)": 0.67}, {"rank": 18, "name": "1797 Short", "outflow (M)": 0.5}, {"rank": 19, "name": "9868 Short", "outflow (M)": 0.47}, {"rank": 20, "name": "0001 Long", "outflow (M)": 0.44}], "stats": {"hsi long pos": "+73.67M", "hsi short pos:": "+117.41M", "stocks long pos": "+120.63M", "stocks short pos": "+14.61M"}}