{"top20inflow_1d": [{"rank": 1, "name": "HSI Short", "inflow (M)": 94.79}, {"rank": 2, "name": "1299 Long", "inflow (M)": 8.94}, {"rank": 3, "name": "JPYD Long", "inflow (M)": 2.97}, {"rank": 4, "name": "9618 Short", "inflow (M)": 2.85}, {"rank": 5, "name": "2020 Long", "inflow (M)": 2.48}, {"rank": 6, "name": "0005 Short", "inflow (M)": 2.39}, {"rank": 7, "name": "0700 Short", "inflow (M)": 2.35}, {"rank": 8, "name": "3690 Short", "inflow (M)": 1.06}, {"rank": 9, "name": "2318 Long", "inflow (M)": 0.99}, {"rank": 10, "name": "1211 Short", "inflow (M)": 0.91}, {"rank": 11, "name": "JPY Short", "inflow (M)": 0.87}, {"rank": 12, "name": "0981 Long", "inflow (M)": 0.78}, {"rank": 13, "name": "0386 Long", "inflow (M)": 0.58}, {"rank": 14, "name": "0883 Long", "inflow (M)": 0.56}, {"rank": 15, "name": "NDX Long", "inflow (M)": 0.54}, {"rank": 16, "name": "9868 Long", "inflow (M)": 0.51}, {"rank": 17, "name": "0941 Short", "inflow (M)": 0.49}, {"rank": 18, "name": "HSTECH Short", "inflow (M)": 0.48}, {"rank": 19, "name": "1211 Long", "inflow (M)": 0.43}, {"rank": 20, "name": "9999 Short", "inflow (M)": 0.4}], "top20outflow_1d": [{"rank": 1, "name": "HSI Long", "outflow (M)": 90.55}, {"rank": 2, "name": "0005 Long", "outflow (M)": 5.9}, {"rank": 3, "name": "0700 Long", "outflow (M)": 4.17}, {"rank": 4, "name": "3690 Long", "outflow (M)": 2.87}, {"rank": 5, "name": "0941 Long", "outflow (M)": 2.82}, {"rank": 6, "name": "2269 Long", "outflow (M)": 2.33}, {"rank": 7, "name": "3968 Long", "outflow (M)": 1.85}, {"rank": 8, "name": "1299 Short", "outflow (M)": 1.67}, {"rank": 9, "name": "0388 Long", "outflow (M)": 1.62}, {"rank": 10, "name": "1810 Long", "outflow (M)": 1.22}, {"rank": 11, "name": "9961 Long", "outflow (M)": 1.16}, {"rank": 12, "name": "0992 Long", "outflow (M)": 1.12}, {"rank": 13, "name": "DJI Short", "outflow (M)": 1.06}, {"rank": 14, "name": "2015 Short", "outflow (M)": 1.02}, {"rank": 15, "name": "HSTECH Long", "outflow (M)": 0.89}, {"rank": 16, "name": "9618 Long", "outflow (M)": 0.75}, {"rank": 17, "name": "2899 Long", "outflow (M)": 0.57}, {"rank": 18, "name": "2840 Long", "outflow (M)": 0.55}, {"rank": 19, "name": "9888 Short", "outflow (M)": 0.51}, {"rank": 20, "name": "2380 Long", "outflow (M)": 0.51}], "stats": {"hsi long pos": "-90.55M", "hsi short pos:": "+94.79M", "stocks long pos": "-14.00M", "stocks short pos": "+6.66M"}}