{"top20inflow_5d": [{"rank": 1, "name": "HSI Short", "inflow (M)": 76.73}, {"rank": 2, "name": "HSI Long", "inflow (M)": 36.69}, {"rank": 3, "name": "9988 Long", "inflow (M)": 21.15}, {"rank": 4, "name": "3690 Short", "inflow (M)": 10.63}, {"rank": 5, "name": "9988 Short", "inflow (M)": 5.95}, {"rank": 6, "name": "3690 Long", "inflow (M)": 5.0}, {"rank": 7, "name": "1109 Long", "inflow (M)": 2.8}, {"rank": 8, "name": "9868 Short", "inflow (M)": 2.71}, {"rank": 9, "name": "0700 Short", "inflow (M)": 2.47}, {"rank": 10, "name": "0981 Long", "inflow (M)": 1.79}, {"rank": 11, "name": "DJI Short", "inflow (M)": 1.75}, {"rank": 12, "name": "1299 Short", "inflow (M)": 1.73}, {"rank": 13, "name": "0027 Long", "inflow (M)": 1.69}, {"rank": 14, "name": "2269 Long", "inflow (M)": 1.67}, {"rank": 15, "name": "0823 Long", "inflow (M)": 1.67}, {"rank": 16, "name": "2382 Short", "inflow (M)": 1.66}, {"rank": 17, "name": "3968 Short", "inflow (M)": 1.51}, {"rank": 18, "name": "JPYD Long", "inflow (M)": 1.36}, {"rank": 19, "name": "9999 Short", "inflow (M)": 1.34}, {"rank": 20, "name": "9618 Long", "inflow (M)": 1.26}], "top20outflow_5d": [{"rank": 1, "name": "0700 Long", "outflow (M)": 7.4}, {"rank": 2, "name": "1211 Long", "outflow (M)": 7.01}, {"rank": 3, "name": "1299 Long", "outflow (M)": 5.95}, {"rank": 4, "name": "1211 Short", "outflow (M)": 4.43}, {"rank": 5, "name": "0857 Long", "outflow (M)": 3.24}, {"rank": 6, "name": "0388 Long", "outflow (M)": 2.48}, {"rank": 7, "name": "NDX Long", "outflow (M)": 1.35}, {"rank": 8, "name": "0992 Long", "outflow (M)": 1.13}, {"rank": 9, "name": "0883 Long", "outflow (M)": 1.02}, {"rank": 10, "name": "N225 Long", "outflow (M)": 0.97}, {"rank": 11, "name": "1024 Long", "outflow (M)": 0.97}, {"rank": 12, "name": "0027 Short", "outflow (M)": 0.82}, {"rank": 13, "name": "3968 Long", "outflow (M)": 0.78}, {"rank": 14, "name": "2269 Short", "outflow (M)": 0.72}, {"rank": 15, "name": "2822 Long", "outflow (M)": 0.7}, {"rank": 16, "name": "1398 Long", "outflow (M)": 0.69}, {"rank": 17, "name": "0175 Long", "outflow (M)": 0.67}, {"rank": 18, "name": "2015 Short", "outflow (M)": 0.59}, {"rank": 19, "name": "HSTECH Long", "outflow (M)": 0.56}, {"rank": 20, "name": "2020 Long", "outflow (M)": 0.51}], "stats": {"hsi long pos": "+44.60M", "hsi short pos:": "+40.85M", "stocks long pos": "+17.25M", "stocks short pos": "+6.00M"}}