{"top20inflow_20d": [{"rank": 1, "name": "HSI Short", "inflow (M)": 496.42}, {"rank": 2, "name": "0700 Long", "inflow (M)": 73.96}, {"rank": 3, "name": "9988 Long", "inflow (M)": 39.13}, {"rank": 4, "name": "1211 Short", "inflow (M)": 25.03}, {"rank": 5, "name": "3690 Short", "inflow (M)": 24.28}, {"rank": 6, "name": "9888 Long", "inflow (M)": 19.76}, {"rank": 7, "name": "NDX Long", "inflow (M)": 13.5}, {"rank": 8, "name": "9618 Short", "inflow (M)": 12.33}, {"rank": 9, "name": "0941 Long", "inflow (M)": 9.1}, {"rank": 10, "name": "0388 Long", "inflow (M)": 9.09}, {"rank": 11, "name": "1810 Long", "inflow (M)": 8.81}, {"rank": 12, "name": "0883 Long", "inflow (M)": 6.26}, {"rank": 13, "name": "9999 Long", "inflow (M)": 5.45}, {"rank": 14, "name": "1810 Short", "inflow (M)": 5.21}, {"rank": 15, "name": "0883 Short", "inflow (M)": 5.2}, {"rank": 16, "name": "0981 Long", "inflow (M)": 5.04}, {"rank": 17, "name": "2015 Long", "inflow (M)": 4.84}, {"rank": 18, "name": "9618 Long", "inflow (M)": 4.32}, {"rank": 19, "name": "9961 Long", "inflow (M)": 4.2}, {"rank": 20, "name": "NDX Short", "inflow (M)": 4.1}], "top20outflow_20d": [{"rank": 1, "name": "HSI Long", "outflow (M)": 340.3}, {"rank": 2, "name": "3690 Long", "outflow (M)": 48.68}, {"rank": 3, "name": "3968 Long", "outflow (M)": 8.0}, {"rank": 4, "name": "1211 Long", "outflow (M)": 7.37}, {"rank": 5, "name": "2269 Short", "outflow (M)": 5.32}, {"rank": 6, "name": "9988 Short", "outflow (M)": 5.2}, {"rank": 7, "name": "0992 Long", "outflow (M)": 4.02}, {"rank": 8, "name": "HSTECH Long", "outflow (M)": 3.22}, {"rank": 9, "name": "0700 Short", "outflow (M)": 3.21}, {"rank": 10, "name": "1928 Long", "outflow (M)": 3.06}, {"rank": 11, "name": "2822 Long", "outflow (M)": 2.72}, {"rank": 12, "name": "1109 Long", "outflow (M)": 2.19}, {"rank": 13, "name": "2840 Long", "outflow (M)": 2.16}, {"rank": 14, "name": "3988 Long", "outflow (M)": 1.92}, {"rank": 15, "name": "SPX Short", "outflow (M)": 1.77}, {"rank": 16, "name": "0027 Short", "outflow (M)": 1.76}, {"rank": 17, "name": "3968 Short", "outflow (M)": 1.63}, {"rank": 18, "name": "2018 Long", "outflow (M)": 1.55}, {"rank": 19, "name": "2333 Long", "outflow (M)": 1.46}, {"rank": 20, "name": "2269 Long", "outflow (M)": 1.3}], "stats": {"hsi long pos": "-346.17M", "hsi short pos:": "+510.20M", "stocks long pos": "+138.72M", "stocks short pos": "+82.56M"}}