{"top20inflow_1d": [{"rank": 1, "name": "0700 Long", "inflow (M)": 5.88}, {"rank": 2, "name": "HSI Long", "inflow (M)": 3.41}, {"rank": 3, "name": "3690 Short", "inflow (M)": 1.94}, {"rank": 4, "name": "3690 Long", "inflow (M)": 1.57}, {"rank": 5, "name": "0388 Short", "inflow (M)": 1.36}, {"rank": 6, "name": "1211 Long", "inflow (M)": 1.09}, {"rank": 7, "name": "DJI Short", "inflow (M)": 0.88}, {"rank": 8, "name": "9988 Long", "inflow (M)": 0.62}, {"rank": 9, "name": "HSTECH Long", "inflow (M)": 0.5}, {"rank": 10, "name": "0175 Long", "inflow (M)": 0.48}, {"rank": 11, "name": "6030 Long", "inflow (M)": 0.38}, {"rank": 12, "name": "0027 Long", "inflow (M)": 0.31}, {"rank": 13, "name": "0941 Long", "inflow (M)": 0.25}, {"rank": 14, "name": "JPYD Long", "inflow (M)": 0.23}, {"rank": 15, "name": "9868 Long", "inflow (M)": 0.22}, {"rank": 16, "name": "1810 Long", "inflow (M)": 0.22}, {"rank": 17, "name": "1299 Long", "inflow (M)": 0.18}, {"rank": 18, "name": "1810 Short", "inflow (M)": 0.17}, {"rank": 19, "name": "2018 Long", "inflow (M)": 0.17}, {"rank": 20, "name": "1024 Long", "inflow (M)": 0.16}], "top20outflow_1d": [{"rank": 1, "name": "HSI Short", "outflow (M)": 9.8}, {"rank": 2, "name": "0700 Short", "outflow (M)": 3.19}, {"rank": 3, "name": "1211 Short", "outflow (M)": 2.58}, {"rank": 4, "name": "1093 Long", "outflow (M)": 0.99}, {"rank": 5, "name": "NDX Long", "outflow (M)": 0.59}, {"rank": 6, "name": "0388 Long", "outflow (M)": 0.55}, {"rank": 7, "name": "0902 Long", "outflow (M)": 0.45}, {"rank": 8, "name": "0992 Long", "outflow (M)": 0.43}, {"rank": 9, "name": "9888 Long", "outflow (M)": 0.4}, {"rank": 10, "name": "6098 Long", "outflow (M)": 0.36}, {"rank": 11, "name": "1299 Short", "outflow (M)": 0.33}, {"rank": 12, "name": "2318 Short", "outflow (M)": 0.32}, {"rank": 13, "name": "2331 Long", "outflow (M)": 0.24}, {"rank": 14, "name": "2318 Long", "outflow (M)": 0.24}, {"rank": 15, "name": "2382 Short", "outflow (M)": 0.2}, {"rank": 16, "name": "3988 Short", "outflow (M)": 0.19}, {"rank": 17, "name": "0981 Short", "outflow (M)": 0.15}, {"rank": 18, "name": "0005 Short", "outflow (M)": 0.13}, {"rank": 19, "name": "2840 Short", "outflow (M)": 0.13}, {"rank": 20, "name": "0857 Long", "outflow (M)": 0.13}], "stats": {"hsi long pos": "+3.41M", "hsi short pos:": "-9.80M", "stocks long pos": "+8.71M", "stocks short pos": "-3.82M"}}