{"top20inflow_10d": [{"rank": 1, "name": "HSI Long", "inflow (M)": 390.15}, {"rank": 2, "name": "0388 Long", "inflow (M)": 41.37}, {"rank": 3, "name": "9988 Long", "inflow (M)": 41.09}, {"rank": 4, "name": "1299 Long", "inflow (M)": 39.16}, {"rank": 5, "name": "2318 Long", "inflow (M)": 18.77}, {"rank": 6, "name": "0027 Long", "inflow (M)": 8.21}, {"rank": 7, "name": "3690 Long", "inflow (M)": 6.91}, {"rank": 8, "name": "0857 Long", "inflow (M)": 6.02}, {"rank": 9, "name": "9888 Long", "inflow (M)": 5.81}, {"rank": 10, "name": "3690 Short", "inflow (M)": 5.5}, {"rank": 11, "name": "3993 Long", "inflow (M)": 5.12}, {"rank": 12, "name": "0268 Long", "inflow (M)": 4.18}, {"rank": 13, "name": "9999 Long", "inflow (M)": 4.16}, {"rank": 14, "name": "9618 Long", "inflow (M)": 4.04}, {"rank": 15, "name": "0981 Long", "inflow (M)": 3.75}, {"rank": 16, "name": "1024 Long", "inflow (M)": 3.68}, {"rank": 17, "name": "0883 Long", "inflow (M)": 3.48}, {"rank": 18, "name": "2015 Long", "inflow (M)": 2.94}, {"rank": 19, "name": "1928 Long", "inflow (M)": 2.89}, {"rank": 20, "name": "2331 Long", "inflow (M)": 2.82}], "top20outflow_10d": [{"rank": 1, "name": "HSI Short", "outflow (M)": 127.32}, {"rank": 2, "name": "0700 Long", "outflow (M)": 29.29}, {"rank": 3, "name": "0700 Short", "outflow (M)": 8.57}, {"rank": 4, "name": "0941 Long", "outflow (M)": 7.43}, {"rank": 5, "name": "0175 Long", "outflow (M)": 5.78}, {"rank": 6, "name": "1211 Long", "outflow (M)": 2.8}, {"rank": 7, "name": "1211 Short", "outflow (M)": 2.66}, {"rank": 8, "name": "9868 Short", "outflow (M)": 2.36}, {"rank": 9, "name": "9618 Short", "outflow (M)": 1.92}, {"rank": 10, "name": "1810 Short", "outflow (M)": 1.52}, {"rank": 11, "name": "3968 Long", "outflow (M)": 1.46}, {"rank": 12, "name": "N225 Short", "outflow (M)": 1.44}, {"rank": 13, "name": "0358 Long", "outflow (M)": 1.43}, {"rank": 14, "name": "2318 Short", "outflow (M)": 1.19}, {"rank": 15, "name": "2333 Long", "outflow (M)": 0.96}, {"rank": 16, "name": "1810 Long", "outflow (M)": 0.92}, {"rank": 17, "name": "9988 Short", "outflow (M)": 0.85}, {"rank": 18, "name": "0005 Short", "outflow (M)": 0.82}, {"rank": 19, "name": "DJI Short", "outflow (M)": 0.7}, {"rank": 20, "name": "0688 Long", "outflow (M)": 0.61}], "stats": {"hsi long pos": "+390.15M", "hsi short pos:": "-127.32M", "stocks long pos": "+198.26M", "stocks short pos": "-8.43M"}}