{"top20inflow_1d": [{"rank": 1, "name": "HSI Long", "inflow (M)": 26.83}, {"rank": 2, "name": "0700 Long", "inflow (M)": 7.15}, {"rank": 3, "name": "3690 Long", "inflow (M)": 5.92}, {"rank": 4, "name": "9999 Short", "inflow (M)": 4.01}, {"rank": 5, "name": "0005 Long", "inflow (M)": 2.45}, {"rank": 6, "name": "1211 Long", "inflow (M)": 2.36}, {"rank": 7, "name": "2318 Long", "inflow (M)": 2.07}, {"rank": 8, "name": "0941 Long", "inflow (M)": 1.35}, {"rank": 9, "name": "1797 Short", "inflow (M)": 1.3}, {"rank": 10, "name": "9988 Long", "inflow (M)": 1.21}, {"rank": 11, "name": "0883 Long", "inflow (M)": 1.07}, {"rank": 12, "name": "HSTECH Long", "inflow (M)": 0.97}, {"rank": 13, "name": "1211 Short", "inflow (M)": 0.92}, {"rank": 14, "name": "1810 Long", "inflow (M)": 0.89}, {"rank": 15, "name": "DJI Short", "inflow (M)": 0.62}, {"rank": 16, "name": "NDX Short", "inflow (M)": 0.6}, {"rank": 17, "name": "9868 Long", "inflow (M)": 0.57}, {"rank": 18, "name": "1919 Long", "inflow (M)": 0.57}, {"rank": 19, "name": "0354 Long", "inflow (M)": 0.54}, {"rank": 20, "name": "9999 Long", "inflow (M)": 0.52}], "top20outflow_1d": [{"rank": 1, "name": "HSI Short", "outflow (M)": 22.98}, {"rank": 2, "name": "0700 Short", "outflow (M)": 8.27}, {"rank": 3, "name": "0388 Short", "outflow (M)": 4.23}, {"rank": 4, "name": "NDX Long", "outflow (M)": 3.37}, {"rank": 5, "name": "3690 Short", "outflow (M)": 2.65}, {"rank": 6, "name": "0388 Long", "outflow (M)": 2.28}, {"rank": 7, "name": "9618 Short", "outflow (M)": 1.29}, {"rank": 8, "name": "9988 Short", "outflow (M)": 1.19}, {"rank": 9, "name": "9868 Short", "outflow (M)": 0.71}, {"rank": 10, "name": "2318 Short", "outflow (M)": 0.66}, {"rank": 11, "name": "2382 Short", "outflow (M)": 0.61}, {"rank": 12, "name": "1810 Short", "outflow (M)": 0.54}, {"rank": 13, "name": "0941 Short", "outflow (M)": 0.46}, {"rank": 14, "name": "JPYD= Short", "outflow (M)": 0.32}, {"rank": 15, "name": "N225 Short", "outflow (M)": 0.26}, {"rank": 16, "name": "1299 Short", "outflow (M)": 0.21}, {"rank": 17, "name": "9888 Short", "outflow (M)": 0.18}, {"rank": 18, "name": "0175 Long", "outflow (M)": 0.15}, {"rank": 19, "name": "0016 Short", "outflow (M)": 0.13}, {"rank": 20, "name": "0027 Short", "outflow (M)": 0.12}], "stats": {"hsi long pos": "+26.83M", "hsi short pos:": "-22.98M", "stocks long pos": "+27.78M", "stocks short pos": "-14.89M"}}