{"top20inflow_10d": [{"rank": 1, "name": "HSI Long", "inflow (M)": 151.24}, {"rank": 2, "name": "0388 Long", "inflow (M)": 26.38}, {"rank": 3, "name": "3690 Long", "inflow (M)": 13.72}, {"rank": 4, "name": "9988 Long", "inflow (M)": 13.54}, {"rank": 5, "name": "2318 Long", "inflow (M)": 8.41}, {"rank": 6, "name": "0700 Long", "inflow (M)": 6.54}, {"rank": 7, "name": "1211 Long", "inflow (M)": 6.39}, {"rank": 8, "name": "DJI Short", "inflow (M)": 6.33}, {"rank": 9, "name": "3690 Short", "inflow (M)": 6.02}, {"rank": 10, "name": "0883 Long", "inflow (M)": 4.14}, {"rank": 11, "name": "0941 Long", "inflow (M)": 3.93}, {"rank": 12, "name": "2269 Long", "inflow (M)": 3.68}, {"rank": 13, "name": "NDX Long", "inflow (M)": 3.61}, {"rank": 14, "name": "HSTECH Long", "inflow (M)": 3.55}, {"rank": 15, "name": "3968 Long", "inflow (M)": 2.64}, {"rank": 16, "name": "0981 Long", "inflow (M)": 2.51}, {"rank": 17, "name": "2840 Long", "inflow (M)": 2.21}, {"rank": 18, "name": "2822 Long", "inflow (M)": 1.96}, {"rank": 19, "name": "0354 Long", "inflow (M)": 1.87}, {"rank": 20, "name": "9999 Short", "inflow (M)": 1.83}], "top20outflow_10d": [{"rank": 1, "name": "HSI Short", "outflow (M)": 51.65}, {"rank": 2, "name": "1211 Short", "outflow (M)": 10.53}, {"rank": 3, "name": "1810 Long", "outflow (M)": 9.95}, {"rank": 4, "name": "1810 Short", "outflow (M)": 6.11}, {"rank": 5, "name": "2269 Short", "outflow (M)": 3.96}, {"rank": 6, "name": "0388 Short", "outflow (M)": 3.72}, {"rank": 7, "name": "0823 Long", "outflow (M)": 2.33}, {"rank": 8, "name": "0700 Short", "outflow (M)": 1.88}, {"rank": 9, "name": "2382 Short", "outflow (M)": 0.97}, {"rank": 10, "name": "0939 Long", "outflow (M)": 0.85}, {"rank": 11, "name": "1299 Long", "outflow (M)": 0.85}, {"rank": 12, "name": "2020 Long", "outflow (M)": 0.84}, {"rank": 13, "name": "1772 Long", "outflow (M)": 0.83}, {"rank": 14, "name": "1093 Long", "outflow (M)": 0.82}, {"rank": 15, "name": "HSTECH Short", "outflow (M)": 0.78}, {"rank": 16, "name": "3968 Short", "outflow (M)": 0.73}, {"rank": 17, "name": "9888 Short", "outflow (M)": 0.69}, {"rank": 18, "name": "0883 Short", "outflow (M)": 0.64}, {"rank": 19, "name": "0981 Short", "outflow (M)": 0.63}, {"rank": 20, "name": "1299 Short", "outflow (M)": 0.53}], "stats": {"hsi long pos": "+151.24M", "hsi short pos:": "-51.65M", "stocks long pos": "+94.94M", "stocks short pos": "-15.55M"}}