{"top20inflow_10d": [{"rank": 1, "name": "HSI Long", "inflow (M)": 578.7}, {"rank": 2, "name": "0700 Long", "inflow (M)": 68.42}, {"rank": 3, "name": "3690 Long", "inflow (M)": 45.86}, {"rank": 4, "name": "9988 Long", "inflow (M)": 25.52}, {"rank": 5, "name": "0388 Long", "inflow (M)": 14.22}, {"rank": 6, "name": "1299 Long", "inflow (M)": 10.8}, {"rank": 7, "name": "0005 Long", "inflow (M)": 9.78}, {"rank": 8, "name": "2318 Long", "inflow (M)": 9.35}, {"rank": 9, "name": "HSTECH Long", "inflow (M)": 8.61}, {"rank": 10, "name": "1810 Long", "inflow (M)": 8.34}, {"rank": 11, "name": "1211 Short", "inflow (M)": 6.67}, {"rank": 12, "name": "9888 Long", "inflow (M)": 5.88}, {"rank": 13, "name": "9618 Long", "inflow (M)": 5.87}, {"rank": 14, "name": "0981 Long", "inflow (M)": 4.85}, {"rank": 15, "name": "1024 Long", "inflow (M)": 3.77}, {"rank": 16, "name": "9868 Long", "inflow (M)": 3.71}, {"rank": 17, "name": "1211 Long", "inflow (M)": 3.42}, {"rank": 18, "name": "NDX Short", "inflow (M)": 3.3}, {"rank": 19, "name": "2382 Long", "inflow (M)": 3.1}, {"rank": 20, "name": "2269 Long", "inflow (M)": 2.72}], "top20outflow_10d": [{"rank": 1, "name": "HSI Short", "outflow (M)": 350.67}, {"rank": 2, "name": "0700 Short", "outflow (M)": 33.54}, {"rank": 3, "name": "1810 Short", "outflow (M)": 7.33}, {"rank": 4, "name": "9999 Short", "outflow (M)": 5.86}, {"rank": 5, "name": "0388 Short", "outflow (M)": 4.9}, {"rank": 6, "name": "2015 Short", "outflow (M)": 2.88}, {"rank": 7, "name": "3690 Short", "outflow (M)": 2.38}, {"rank": 8, "name": "9618 Short", "outflow (M)": 2.26}, {"rank": 9, "name": "1024 Short", "outflow (M)": 1.93}, {"rank": 10, "name": "3988 Short", "outflow (M)": 1.29}, {"rank": 11, "name": "0005 Short", "outflow (M)": 1.28}, {"rank": 12, "name": "1299 Short", "outflow (M)": 0.96}, {"rank": 13, "name": "2319 Long", "outflow (M)": 0.87}, {"rank": 14, "name": "2020 Long", "outflow (M)": 0.81}, {"rank": 15, "name": "9868 Short", "outflow (M)": 0.75}, {"rank": 16, "name": "2018 Long", "outflow (M)": 0.7}, {"rank": 17, "name": "HSTECH Short", "outflow (M)": 0.64}, {"rank": 18, "name": "2382 Short", "outflow (M)": 0.62}, {"rank": 19, "name": "1801 Long", "outflow (M)": 0.47}, {"rank": 20, "name": "0027 Short", "outflow (M)": 0.47}], "stats": {"hsi long pos": "+584.23M", "hsi short pos:": "-318.41M", "stocks long pos": "+258.40M", "stocks short pos": "-60.16M"}}