{"top20inflow_5d": [{"rank": 1, "name": "HSI Short", "inflow (M)": 158.4}, {"rank": 2, "name": "0883 Long", "inflow (M)": 41.99}, {"rank": 3, "name": "1211 Long", "inflow (M)": 14.78}, {"rank": 4, "name": "3968 Long", "inflow (M)": 11.32}, {"rank": 5, "name": "2269 Short", "inflow (M)": 11.21}, {"rank": 6, "name": "2269 Long", "inflow (M)": 9.25}, {"rank": 7, "name": "2318 Long", "inflow (M)": 7.67}, {"rank": 8, "name": "9988 Short", "inflow (M)": 7.13}, {"rank": 9, "name": "0388 Short", "inflow (M)": 5.63}, {"rank": 10, "name": "0981 Long", "inflow (M)": 4.91}, {"rank": 11, "name": "0992 Long", "inflow (M)": 4.03}, {"rank": 12, "name": "1810 Long", "inflow (M)": 3.95}, {"rank": 13, "name": "SPX Short", "inflow (M)": 3.86}, {"rank": 14, "name": "9868 Short", "inflow (M)": 3.41}, {"rank": 15, "name": "0857 Short", "inflow (M)": 3.22}, {"rank": 16, "name": "NDX Short", "inflow (M)": 3.04}, {"rank": 17, "name": "JPYD Long", "inflow (M)": 2.88}, {"rank": 18, "name": "HSTECH Long", "inflow (M)": 2.22}, {"rank": 19, "name": "0700 Short", "inflow (M)": 2.2}, {"rank": 20, "name": "2333 Long", "inflow (M)": 1.82}], "top20outflow_5d": [{"rank": 1, "name": "HSI Long", "outflow (M)": 159.87}, {"rank": 2, "name": "0700 Long", "outflow (M)": 19.55}, {"rank": 3, "name": "1211 Short", "outflow (M)": 17.21}, {"rank": 4, "name": "9988 Long", "outflow (M)": 13.16}, {"rank": 5, "name": "3690 Short", "outflow (M)": 10.02}, {"rank": 6, "name": "9888 Long", "outflow (M)": 3.82}, {"rank": 7, "name": "1299 Long", "outflow (M)": 3.33}, {"rank": 8, "name": "0005 Long", "outflow (M)": 3.03}, {"rank": 9, "name": "0941 Long", "outflow (M)": 2.36}, {"rank": 10, "name": "0992 Short", "outflow (M)": 2.04}, {"rank": 11, "name": "9618 Long", "outflow (M)": 1.51}, {"rank": 12, "name": "3690 Long", "outflow (M)": 1.42}, {"rank": 13, "name": "0027 Long", "outflow (M)": 0.85}, {"rank": 14, "name": "0857 Long", "outflow (M)": 0.71}, {"rank": 15, "name": "2338 Long", "outflow (M)": 0.61}, {"rank": 16, "name": "0939 Long", "outflow (M)": 0.59}, {"rank": 17, "name": "2331 Long", "outflow (M)": 0.58}, {"rank": 18, "name": "2015 Short", "outflow (M)": 0.55}, {"rank": 19, "name": "9999 Long", "outflow (M)": 0.5}, {"rank": 20, "name": "1658 Long", "outflow (M)": 0.44}], "stats": {"hsi long pos": "-118.91M", "hsi short pos:": "+101.11M", "stocks long pos": "+75.74M", "stocks short pos": "+16.24M"}}