{"top20inflow_1d": [{"rank": 1, "name": "1810 Long", "inflow (M)": 7.65}, {"rank": 2, "name": "HSI Long", "inflow (M)": 6.63}, {"rank": 3, "name": "9988 Short", "inflow (M)": 5.74}, {"rank": 4, "name": "0700 Short", "inflow (M)": 3.34}, {"rank": 5, "name": "0388 Long", "inflow (M)": 2.07}, {"rank": 6, "name": "0175 Short", "inflow (M)": 1.44}, {"rank": 7, "name": "1024 Long", "inflow (M)": 0.96}, {"rank": 8, "name": "0981 Long", "inflow (M)": 0.81}, {"rank": 9, "name": "1024 Short", "inflow (M)": 0.76}, {"rank": 10, "name": "2333 Long", "inflow (M)": 0.67}, {"rank": 11, "name": "3690 Short", "inflow (M)": 0.6}, {"rank": 12, "name": "9626 Long", "inflow (M)": 0.59}, {"rank": 13, "name": "9999 Long", "inflow (M)": 0.54}, {"rank": 14, "name": "1299 Long", "inflow (M)": 0.41}, {"rank": 15, "name": "2382 Short", "inflow (M)": 0.36}, {"rank": 16, "name": "0992 Long", "inflow (M)": 0.31}, {"rank": 17, "name": "1299 Short", "inflow (M)": 0.28}, {"rank": 18, "name": "1093 Long", "inflow (M)": 0.26}, {"rank": 19, "name": "0939 Long", "inflow (M)": 0.24}, {"rank": 20, "name": "9868 Short", "inflow (M)": 0.24}], "top20outflow_1d": [{"rank": 1, "name": "0700 Long", "outflow (M)": 8.21}, {"rank": 2, "name": "9988 Long", "outflow (M)": 6.03}, {"rank": 3, "name": "3690 Long", "outflow (M)": 5.35}, {"rank": 4, "name": "1810 Short", "outflow (M)": 2.63}, {"rank": 5, "name": "2013 Long", "outflow (M)": 1.59}, {"rank": 6, "name": "HSI Short", "outflow (M)": 1.1}, {"rank": 7, "name": "9888 Long", "outflow (M)": 1.02}, {"rank": 8, "name": "9618 Long", "outflow (M)": 1.0}, {"rank": 9, "name": "9868 Long", "outflow (M)": 0.96}, {"rank": 10, "name": "2269 Long", "outflow (M)": 0.82}, {"rank": 11, "name": "2318 Short", "outflow (M)": 0.81}, {"rank": 12, "name": "0005 Long", "outflow (M)": 0.63}, {"rank": 13, "name": "2822 Long", "outflow (M)": 0.58}, {"rank": 14, "name": "0857 Long", "outflow (M)": 0.43}, {"rank": 15, "name": "2020 Long", "outflow (M)": 0.38}, {"rank": 16, "name": "0883 Long", "outflow (M)": 0.34}, {"rank": 17, "name": "2318 Long", "outflow (M)": 0.34}, {"rank": 18, "name": "1211 Long", "outflow (M)": 0.32}, {"rank": 19, "name": "9866 Short", "outflow (M)": 0.31}, {"rank": 20, "name": "2628 Long", "outflow (M)": 0.3}], "stats": {"hsi long pos": "+6.63M", "hsi short pos:": "-1.10M", "stocks long pos": "-15.88M", "stocks short pos": "+9.61M"}}