{"top20inflow_10d": [{"rank": 1, "name": "HSI Short", "inflow (M)": 276.78}, {"rank": 2, "name": "9988 Long", "inflow (M)": 31.2}, {"rank": 3, "name": "3690 Short", "inflow (M)": 18.3}, {"rank": 4, "name": "0005 Long", "inflow (M)": 7.09}, {"rank": 5, "name": "9961 Short", "inflow (M)": 5.65}, {"rank": 6, "name": "0700 Long", "inflow (M)": 5.23}, {"rank": 7, "name": "1211 Short", "inflow (M)": 5.11}, {"rank": 8, "name": "3968 Short", "inflow (M)": 4.91}, {"rank": 9, "name": "2269 Long", "inflow (M)": 4.8}, {"rank": 10, "name": "0981 Long", "inflow (M)": 4.18}, {"rank": 11, "name": "1299 Short", "inflow (M)": 3.76}, {"rank": 12, "name": "0700 Short", "inflow (M)": 3.54}, {"rank": 13, "name": "2318 Short", "inflow (M)": 2.95}, {"rank": 14, "name": "DJI Short", "inflow (M)": 2.81}, {"rank": 15, "name": "0388 Short", "inflow (M)": 2.24}, {"rank": 16, "name": "1810 Short", "inflow (M)": 2.19}, {"rank": 17, "name": "0939 Short", "inflow (M)": 2.0}, {"rank": 18, "name": "N225 Short", "inflow (M)": 1.73}, {"rank": 19, "name": "JPYD Long", "inflow (M)": 1.64}, {"rank": 20, "name": "0823 Long", "inflow (M)": 1.58}], "top20outflow_10d": [{"rank": 1, "name": "HSI Long", "outflow (M)": 157.33}, {"rank": 2, "name": "3690 Long", "outflow (M)": 14.85}, {"rank": 3, "name": "1211 Long", "outflow (M)": 7.39}, {"rank": 4, "name": "2318 Long", "outflow (M)": 7.27}, {"rank": 5, "name": "0388 Long", "outflow (M)": 6.76}, {"rank": 6, "name": "1299 Long", "outflow (M)": 6.31}, {"rank": 7, "name": "9988 Short", "outflow (M)": 4.63}, {"rank": 8, "name": "0857 Long", "outflow (M)": 3.0}, {"rank": 9, "name": "1928 Long", "outflow (M)": 2.64}, {"rank": 10, "name": "3968 Long", "outflow (M)": 2.61}, {"rank": 11, "name": "0788 Long", "outflow (M)": 2.51}, {"rank": 12, "name": "2269 Short", "outflow (M)": 2.39}, {"rank": 13, "name": "SPX Short", "outflow (M)": 2.36}, {"rank": 14, "name": "2628 Long", "outflow (M)": 2.28}, {"rank": 15, "name": "1810 Long", "outflow (M)": 1.81}, {"rank": 16, "name": "NDX Long", "outflow (M)": 1.71}, {"rank": 17, "name": "0027 Long", "outflow (M)": 1.68}, {"rank": 18, "name": "1398 Long", "outflow (M)": 1.42}, {"rank": 19, "name": "2015 Long", "outflow (M)": 1.1}, {"rank": 20, "name": "2822 Long", "outflow (M)": 0.98}], "stats": {"hsi long pos": "-157.33M", "hsi short pos:": "+276.78M", "stocks long pos": "-4.55M", "stocks short pos": "+53.17M"}}