{"top20inflow_1d": [{"rank": 1, "name": "0700 Long", "inflow (M)": 8.23}, {"rank": 2, "name": "2269 Short", "inflow (M)": 7.93}, {"rank": 3, "name": "0883 Long", "inflow (M)": 5.95}, {"rank": 4, "name": "1211 Long", "inflow (M)": 5.65}, {"rank": 5, "name": "3690 Long", "inflow (M)": 4.01}, {"rank": 6, "name": "2269 Long", "inflow (M)": 3.86}, {"rank": 7, "name": "9988 Long", "inflow (M)": 2.3}, {"rank": 8, "name": "0388 Short", "inflow (M)": 1.9}, {"rank": 9, "name": "9868 Short", "inflow (M)": 1.9}, {"rank": 10, "name": "1810 Long", "inflow (M)": 1.7}, {"rank": 11, "name": "0992 Long", "inflow (M)": 1.35}, {"rank": 12, "name": "2318 Long", "inflow (M)": 0.97}, {"rank": 13, "name": "1024 Long", "inflow (M)": 0.89}, {"rank": 14, "name": "9999 Long", "inflow (M)": 0.85}, {"rank": 15, "name": "0960 Long", "inflow (M)": 0.68}, {"rank": 16, "name": "NDX Short", "inflow (M)": 0.64}, {"rank": 17, "name": "DJI Short", "inflow (M)": 0.54}, {"rank": 18, "name": "2382 Long", "inflow (M)": 0.54}, {"rank": 19, "name": "1928 Long", "inflow (M)": 0.52}, {"rank": 20, "name": "1357 Long", "inflow (M)": 0.51}], "top20outflow_1d": [{"rank": 1, "name": "HSI Long", "outflow (M)": 8.08}, {"rank": 2, "name": "HSI Short", "outflow (M)": 5.58}, {"rank": 3, "name": "0700 Short", "outflow (M)": 4.68}, {"rank": 4, "name": "1211 Short", "outflow (M)": 2.46}, {"rank": 5, "name": "0388 Long", "outflow (M)": 2.19}, {"rank": 6, "name": "3690 Short", "outflow (M)": 1.89}, {"rank": 7, "name": "1299 Long", "outflow (M)": 1.67}, {"rank": 8, "name": "2318 Short", "outflow (M)": 1.22}, {"rank": 9, "name": "0941 Long", "outflow (M)": 1.07}, {"rank": 10, "name": "0857 Long", "outflow (M)": 0.77}, {"rank": 11, "name": "0981 Long", "outflow (M)": 0.64}, {"rank": 12, "name": "1810 Short", "outflow (M)": 0.59}, {"rank": 13, "name": "1797 Long", "outflow (M)": 0.57}, {"rank": 14, "name": "9618 Long", "outflow (M)": 0.57}, {"rank": 15, "name": "N225 Short", "outflow (M)": 0.53}, {"rank": 16, "name": "0992 Short", "outflow (M)": 0.5}, {"rank": 17, "name": "3968 Long", "outflow (M)": 0.5}, {"rank": 18, "name": "0027 Long", "outflow (M)": 0.4}, {"rank": 19, "name": "0823 Long", "outflow (M)": 0.33}, {"rank": 20, "name": "0268 Long", "outflow (M)": 0.32}], "stats": {"hsi long pos": "-1.16M", "hsi short pos:": "-21.20M", "stocks long pos": "+44.71M", "stocks short pos": "+8.63M"}}