{"top20inflow_10d": [{"rank": 1, "name": "HSI Long", "inflow (M)": 260.83}, {"rank": 2, "name": "3690 Long", "inflow (M)": 38.16}, {"rank": 3, "name": "9988 Long", "inflow (M)": 24.87}, {"rank": 4, "name": "1211 Short", "inflow (M)": 19.14}, {"rank": 5, "name": "0700 Long", "inflow (M)": 14.53}, {"rank": 6, "name": "0700 Short", "inflow (M)": 13.16}, {"rank": 7, "name": "1810 Long", "inflow (M)": 12.96}, {"rank": 8, "name": "0388 Long", "inflow (M)": 12.7}, {"rank": 9, "name": "2318 Long", "inflow (M)": 7.21}, {"rank": 10, "name": "1299 Long", "inflow (M)": 7.1}, {"rank": 11, "name": "2015 Short", "inflow (M)": 7.01}, {"rank": 12, "name": "1024 Long", "inflow (M)": 6.46}, {"rank": 13, "name": "1211 Long", "inflow (M)": 6.2}, {"rank": 14, "name": "9618 Long", "inflow (M)": 5.63}, {"rank": 15, "name": "DJI Short", "inflow (M)": 5.58}, {"rank": 16, "name": "2382 Long", "inflow (M)": 5.05}, {"rank": 17, "name": "HSTECH Long", "inflow (M)": 4.73}, {"rank": 18, "name": "0005 Long", "inflow (M)": 4.66}, {"rank": 19, "name": "0981 Long", "inflow (M)": 4.25}, {"rank": 20, "name": "9888 Long", "inflow (M)": 3.83}], "top20outflow_10d": [{"rank": 1, "name": "HSI Short", "outflow (M)": 119.28}, {"rank": 2, "name": "9999 Short", "outflow (M)": 9.15}, {"rank": 3, "name": "3690 Short", "outflow (M)": 7.19}, {"rank": 4, "name": "9618 Short", "outflow (M)": 7.15}, {"rank": 5, "name": "1810 Short", "outflow (M)": 6.84}, {"rank": 6, "name": "9988 Short", "outflow (M)": 5.04}, {"rank": 7, "name": "2382 Short", "outflow (M)": 2.32}, {"rank": 8, "name": "9999 Long", "outflow (M)": 2.1}, {"rank": 9, "name": "1024 Short", "outflow (M)": 2.0}, {"rank": 10, "name": "1398 Short", "outflow (M)": 1.64}, {"rank": 11, "name": "0902 Long", "outflow (M)": 1.61}, {"rank": 12, "name": "2318 Short", "outflow (M)": 1.4}, {"rank": 13, "name": "1171 Long", "outflow (M)": 1.1}, {"rank": 14, "name": "2319 Long", "outflow (M)": 0.99}, {"rank": 15, "name": "0823 Long", "outflow (M)": 0.73}, {"rank": 16, "name": "JPYD= Short", "outflow (M)": 0.55}, {"rank": 17, "name": "1801 Long", "outflow (M)": 0.54}, {"rank": 18, "name": "2269 Long", "outflow (M)": 0.46}, {"rank": 19, "name": "2899 Long", "outflow (M)": 0.41}, {"rank": 20, "name": "2018 Short", "outflow (M)": 0.36}], "stats": {"hsi long pos": "+260.83M", "hsi short pos:": "-119.28M", "stocks long pos": "+188.16M", "stocks short pos": "+5.94M"}}