{"top20inflow_5d": [{"rank": 1, "name": "HSI Long", "inflow (M)": 170.4}, {"rank": 2, "name": "1299 Long", "inflow (M)": 42.27}, {"rank": 3, "name": "0700 Long", "inflow (M)": 22.75}, {"rank": 4, "name": "9988 Long", "inflow (M)": 15.54}, {"rank": 5, "name": "2269 Long", "inflow (M)": 14.41}, {"rank": 6, "name": "0941 Long", "inflow (M)": 12.83}, {"rank": 7, "name": "0388 Long", "inflow (M)": 12.24}, {"rank": 8, "name": "1810 Long", "inflow (M)": 8.28}, {"rank": 9, "name": "2318 Long", "inflow (M)": 6.48}, {"rank": 10, "name": "0268 Long", "inflow (M)": 4.91}, {"rank": 11, "name": "1024 Long", "inflow (M)": 4.29}, {"rank": 12, "name": "JPYD Long", "inflow (M)": 3.02}, {"rank": 13, "name": "2015 Long", "inflow (M)": 2.73}, {"rank": 14, "name": "2899 Long", "inflow (M)": 2.65}, {"rank": 15, "name": "0788 Long", "inflow (M)": 2.62}, {"rank": 16, "name": "0358 Long", "inflow (M)": 2.48}, {"rank": 17, "name": "HSCE Long", "inflow (M)": 1.8}, {"rank": 18, "name": "0763 Long", "inflow (M)": 1.73}, {"rank": 19, "name": "2018 Long", "inflow (M)": 1.59}, {"rank": 20, "name": "2600 Long", "inflow (M)": 1.36}], "top20outflow_5d": [{"rank": 1, "name": "HSI Short", "outflow (M)": 154.7}, {"rank": 2, "name": "3690 Short", "outflow (M)": 11.56}, {"rank": 3, "name": "0700 Short", "outflow (M)": 11.13}, {"rank": 4, "name": "0388 Short", "outflow (M)": 7.4}, {"rank": 5, "name": "3690 Long", "outflow (M)": 5.63}, {"rank": 6, "name": "9618 Short", "outflow (M)": 5.14}, {"rank": 7, "name": "0883 Long", "outflow (M)": 3.91}, {"rank": 8, "name": "1109 Long", "outflow (M)": 2.83}, {"rank": 9, "name": "9988 Short", "outflow (M)": 2.48}, {"rank": 10, "name": "1299 Short", "outflow (M)": 2.34}, {"rank": 11, "name": "2015 Short", "outflow (M)": 2.12}, {"rank": 12, "name": "0823 Long", "outflow (M)": 1.68}, {"rank": 13, "name": "1211 Long", "outflow (M)": 1.64}, {"rank": 14, "name": "3968 Short", "outflow (M)": 1.62}, {"rank": 15, "name": "2840 Long", "outflow (M)": 1.35}, {"rank": 16, "name": "0005 Long", "outflow (M)": 1.2}, {"rank": 17, "name": "2269 Short", "outflow (M)": 1.12}, {"rank": 18, "name": "NDX Long", "outflow (M)": 1.11}, {"rank": 19, "name": "0386 Long", "outflow (M)": 1.09}, {"rank": 20, "name": "N225 Long", "outflow (M)": 1.08}], "stats": {"hsi long pos": "+176.37M", "hsi short pos:": "-161.39M", "stocks long pos": "+162.17M", "stocks short pos": "-49.31M"}}