{"top20inflow_5d": [{"rank": 1, "name": "HSI Short", "inflow (M)": 84.59}, {"rank": 2, "name": "9988 Long", "inflow (M)": 21.77}, {"rank": 3, "name": "1299 Long", "inflow (M)": 16.86}, {"rank": 4, "name": "0700 Short", "inflow (M)": 16.74}, {"rank": 5, "name": "0941 Long", "inflow (M)": 13.45}, {"rank": 6, "name": "2269 Long", "inflow (M)": 13.12}, {"rank": 7, "name": "1211 Short", "inflow (M)": 7.24}, {"rank": 8, "name": "1810 Long", "inflow (M)": 4.91}, {"rank": 9, "name": "9618 Short", "inflow (M)": 4.6}, {"rank": 10, "name": "0883 Long", "inflow (M)": 4.32}, {"rank": 11, "name": "0788 Long", "inflow (M)": 4.14}, {"rank": 12, "name": "0763 Long", "inflow (M)": 3.69}, {"rank": 13, "name": "SPX Long", "inflow (M)": 3.46}, {"rank": 14, "name": "1810 Short", "inflow (M)": 2.91}, {"rank": 15, "name": "0388 Short", "inflow (M)": 2.56}, {"rank": 16, "name": "JPYD Long", "inflow (M)": 2.31}, {"rank": 17, "name": "HSCE Long", "inflow (M)": 2.08}, {"rank": 18, "name": "0358 Long", "inflow (M)": 2.05}, {"rank": 19, "name": "9999 Long", "inflow (M)": 2.0}, {"rank": 20, "name": "1024 Long", "inflow (M)": 1.79}], "top20outflow_5d": [{"rank": 1, "name": "HSI Long", "outflow (M)": 85.35}, {"rank": 2, "name": "0700 Long", "outflow (M)": 24.41}, {"rank": 3, "name": "3690 Long", "outflow (M)": 19.56}, {"rank": 4, "name": "1211 Long", "outflow (M)": 9.97}, {"rank": 5, "name": "1109 Long", "outflow (M)": 5.33}, {"rank": 6, "name": "9888 Long", "outflow (M)": 5.18}, {"rank": 7, "name": "0388 Long", "outflow (M)": 4.78}, {"rank": 8, "name": "9618 Long", "outflow (M)": 4.03}, {"rank": 9, "name": "3690 Short", "outflow (M)": 3.37}, {"rank": 10, "name": "0005 Long", "outflow (M)": 2.74}, {"rank": 11, "name": "NDX Short", "outflow (M)": 2.73}, {"rank": 12, "name": "2015 Long", "outflow (M)": 2.33}, {"rank": 13, "name": "2840 Long", "outflow (M)": 1.88}, {"rank": 14, "name": "9988 Short", "outflow (M)": 1.84}, {"rank": 15, "name": "0857 Long", "outflow (M)": 1.82}, {"rank": 16, "name": "0823 Long", "outflow (M)": 1.49}, {"rank": 17, "name": "9626 Long", "outflow (M)": 1.41}, {"rank": 18, "name": "HSTECH Long", "outflow (M)": 1.2}, {"rank": 19, "name": "1299 Short", "outflow (M)": 1.17}, {"rank": 20, "name": "HSTECH Short", "outflow (M)": 1.17}], "stats": {"hsi long pos": "-87.09M", "hsi short pos:": "+90.75M", "stocks long pos": "+18.20M", "stocks short pos": "+24.73M"}}