{"top20inflow_10d": [{"rank": 1, "name": "HSI Long", "inflow (M)": 542.68}, {"rank": 2, "name": "0700 Long", "inflow (M)": 72.7}, {"rank": 3, "name": "3690 Long", "inflow (M)": 41.57}, {"rank": 4, "name": "9988 Long", "inflow (M)": 21.76}, {"rank": 5, "name": "0388 Long", "inflow (M)": 14.22}, {"rank": 6, "name": "1299 Long", "inflow (M)": 8.92}, {"rank": 7, "name": "0005 Long", "inflow (M)": 8.19}, {"rank": 8, "name": "2318 Long", "inflow (M)": 7.35}, {"rank": 9, "name": "9988 Short", "inflow (M)": 6.99}, {"rank": 10, "name": "9618 Long", "inflow (M)": 5.84}, {"rank": 11, "name": "JPYD Long", "inflow (M)": 5.72}, {"rank": 12, "name": "1211 Short", "inflow (M)": 5.56}, {"rank": 13, "name": "1810 Long", "inflow (M)": 5.28}, {"rank": 14, "name": "9888 Long", "inflow (M)": 5.19}, {"rank": 15, "name": "HSTECH Long", "inflow (M)": 4.66}, {"rank": 16, "name": "1024 Long", "inflow (M)": 4.05}, {"rank": 17, "name": "NDX Short", "inflow (M)": 3.94}, {"rank": 18, "name": "0941 Long", "inflow (M)": 3.93}, {"rank": 19, "name": "0981 Long", "inflow (M)": 3.91}, {"rank": 20, "name": "9868 Long", "inflow (M)": 3.51}], "top20outflow_10d": [{"rank": 1, "name": "HSI Short", "outflow (M)": 342.52}, {"rank": 2, "name": "0700 Short", "outflow (M)": 41.92}, {"rank": 3, "name": "0388 Short", "outflow (M)": 6.51}, {"rank": 4, "name": "9999 Short", "outflow (M)": 6.05}, {"rank": 5, "name": "1810 Short", "outflow (M)": 3.99}, {"rank": 6, "name": "2015 Short", "outflow (M)": 2.96}, {"rank": 7, "name": "9618 Short", "outflow (M)": 2.24}, {"rank": 8, "name": "DJI Short", "outflow (M)": 1.87}, {"rank": 9, "name": "9868 Short", "outflow (M)": 1.68}, {"rank": 10, "name": "1024 Short", "outflow (M)": 1.67}, {"rank": 11, "name": "3988 Short", "outflow (M)": 1.56}, {"rank": 12, "name": "HSTECH Short", "outflow (M)": 1.33}, {"rank": 13, "name": "2020 Short", "outflow (M)": 1.15}, {"rank": 14, "name": "2382 Short", "outflow (M)": 0.91}, {"rank": 15, "name": "3968 Short", "outflow (M)": 0.79}, {"rank": 16, "name": "1299 Short", "outflow (M)": 0.55}, {"rank": 17, "name": "0857 Short", "outflow (M)": 0.52}, {"rank": 18, "name": "9888 Short", "outflow (M)": 0.51}, {"rank": 19, "name": "2269 Short", "outflow (M)": 0.47}, {"rank": 20, "name": "0981 Short", "outflow (M)": 0.44}], "stats": {"hsi long pos": "+598.45M", "hsi short pos:": "-358.93M", "stocks long pos": "+244.32M", "stocks short pos": "-59.07M"}}