{"top20inflow_5d": [{"rank": 1, "name": "HSI Long", "inflow (M)": 185.88}, {"rank": 2, "name": "3690 Long", "inflow (M)": 22.1}, {"rank": 3, "name": "9988 Long", "inflow (M)": 20.87}, {"rank": 4, "name": "0388 Long", "inflow (M)": 13.08}, {"rank": 5, "name": "0700 Long", "inflow (M)": 12.04}, {"rank": 6, "name": "1810 Long", "inflow (M)": 10.89}, {"rank": 7, "name": "1211 Short", "inflow (M)": 10.61}, {"rank": 8, "name": "0700 Short", "inflow (M)": 9.52}, {"rank": 9, "name": "1211 Long", "inflow (M)": 7.58}, {"rank": 10, "name": "DJI Short", "inflow (M)": 6.71}, {"rank": 11, "name": "1299 Long", "inflow (M)": 6.6}, {"rank": 12, "name": "2318 Long", "inflow (M)": 5.76}, {"rank": 13, "name": "1024 Long", "inflow (M)": 4.61}, {"rank": 14, "name": "9618 Long", "inflow (M)": 4.41}, {"rank": 15, "name": "HSTECH Long", "inflow (M)": 4.22}, {"rank": 16, "name": "0883 Long", "inflow (M)": 2.56}, {"rank": 17, "name": "NDX Long", "inflow (M)": 2.22}, {"rank": 18, "name": "0005 Long", "inflow (M)": 2.14}, {"rank": 19, "name": "0027 Long", "inflow (M)": 2.1}, {"rank": 20, "name": "2382 Long", "inflow (M)": 2.0}], "top20outflow_5d": [{"rank": 1, "name": "HSI Short", "outflow (M)": 56.76}, {"rank": 2, "name": "3690 Short", "outflow (M)": 10.5}, {"rank": 3, "name": "9618 Short", "outflow (M)": 6.39}, {"rank": 4, "name": "1810 Short", "outflow (M)": 4.79}, {"rank": 5, "name": "9999 Short", "outflow (M)": 3.94}, {"rank": 6, "name": "9988 Short", "outflow (M)": 3.31}, {"rank": 7, "name": "2382 Short", "outflow (M)": 1.9}, {"rank": 8, "name": "0388 Short", "outflow (M)": 1.73}, {"rank": 9, "name": "9999 Long", "outflow (M)": 1.65}, {"rank": 10, "name": "1398 Short", "outflow (M)": 1.49}, {"rank": 11, "name": "0902 Long", "outflow (M)": 1.27}, {"rank": 12, "name": "1024 Short", "outflow (M)": 1.26}, {"rank": 13, "name": "1171 Long", "outflow (M)": 1.09}, {"rank": 14, "name": "2318 Short", "outflow (M)": 0.99}, {"rank": 15, "name": "2319 Long", "outflow (M)": 0.94}, {"rank": 16, "name": "0823 Long", "outflow (M)": 0.65}, {"rank": 17, "name": "JPYD= Short", "outflow (M)": 0.55}, {"rank": 18, "name": "1299 Short", "outflow (M)": 0.49}, {"rank": 19, "name": "9888 Long", "outflow (M)": 0.47}, {"rank": 20, "name": "2018 Long", "outflow (M)": 0.41}], "stats": {"hsi long pos": "+227.50M", "hsi short pos:": "-78.11M", "stocks long pos": "+139.80M", "stocks short pos": "-10.47M"}}