{"top20inflow_5d": [{"rank": 1, "name": "0700 Short", "inflow (M)": 33.08}, {"rank": 2, "name": "0388 Long", "inflow (M)": 19.46}, {"rank": 3, "name": "1299 Long", "inflow (M)": 18.54}, {"rank": 4, "name": "3690 Short", "inflow (M)": 11.28}, {"rank": 5, "name": "1211 Long", "inflow (M)": 10.98}, {"rank": 6, "name": "9988 Long", "inflow (M)": 7.98}, {"rank": 7, "name": "1810 Long", "inflow (M)": 5.58}, {"rank": 8, "name": "1810 Short", "inflow (M)": 5.36}, {"rank": 9, "name": "9999 Long", "inflow (M)": 3.72}, {"rank": 10, "name": "2883 Long", "inflow (M)": 2.96}, {"rank": 11, "name": "9868 Long", "inflow (M)": 2.44}, {"rank": 12, "name": "N225 Short", "inflow (M)": 1.7}, {"rank": 13, "name": "2382 Long", "inflow (M)": 1.69}, {"rank": 14, "name": "2319 Long", "inflow (M)": 1.5}, {"rank": 15, "name": "2318 Long", "inflow (M)": 1.49}, {"rank": 16, "name": "0857 Short", "inflow (M)": 1.38}, {"rank": 17, "name": "0883 Short", "inflow (M)": 1.18}, {"rank": 18, "name": "0981 Long", "inflow (M)": 1.12}, {"rank": 19, "name": "0753 Long", "inflow (M)": 0.91}, {"rank": 20, "name": "9988 Short", "inflow (M)": 0.81}], "top20outflow_5d": [{"rank": 1, "name": "3690 Long", "outflow (M)": 23.56}, {"rank": 2, "name": "0700 Long", "outflow (M)": 20.96}, {"rank": 3, "name": "HSI Short", "outflow (M)": 10.07}, {"rank": 4, "name": "HSI Long", "outflow (M)": 8.69}, {"rank": 5, "name": "0941 Long", "outflow (M)": 4.9}, {"rank": 6, "name": "1109 Long", "outflow (M)": 4.67}, {"rank": 7, "name": "1211 Short", "outflow (M)": 3.78}, {"rank": 8, "name": "0388 Short", "outflow (M)": 3.45}, {"rank": 9, "name": "9888 Long", "outflow (M)": 2.84}, {"rank": 10, "name": "0005 Long", "outflow (M)": 2.29}, {"rank": 11, "name": "0358 Long", "outflow (M)": 2.05}, {"rank": 12, "name": "SPX Short", "outflow (M)": 2.0}, {"rank": 13, "name": "9868 Short", "outflow (M)": 1.96}, {"rank": 14, "name": "0883 Long", "outflow (M)": 1.87}, {"rank": 15, "name": "2899 Long", "outflow (M)": 1.73}, {"rank": 16, "name": "9618 Long", "outflow (M)": 1.61}, {"rank": 17, "name": "1024 Short", "outflow (M)": 1.5}, {"rank": 18, "name": "0939 Long", "outflow (M)": 1.44}, {"rank": 19, "name": "0386 Long", "outflow (M)": 1.28}, {"rank": 20, "name": "2382 Short", "outflow (M)": 1.21}], "stats": {"hsi long pos": "+14.32M", "hsi short pos:": "-36.03M", "stocks long pos": "+39.81M", "stocks short pos": "+10.79M"}}