{"top20inflow_1d": [{"rank": 1, "name": "HSI Long", "inflow (M)": 131.07}, {"rank": 2, "name": "3690 Long", "inflow (M)": 27.32}, {"rank": 3, "name": "0700 Long", "inflow (M)": 7.34}, {"rank": 4, "name": "1211 Long", "inflow (M)": 3.57}, {"rank": 5, "name": "9988 Long", "inflow (M)": 3.51}, {"rank": 6, "name": "0388 Long", "inflow (M)": 2.4}, {"rank": 7, "name": "2318 Long", "inflow (M)": 1.98}, {"rank": 8, "name": "1024 Long", "inflow (M)": 1.38}, {"rank": 9, "name": "0175 Long", "inflow (M)": 1.09}, {"rank": 10, "name": "0005 Long", "inflow (M)": 0.95}, {"rank": 11, "name": "9618 Long", "inflow (M)": 0.88}, {"rank": 12, "name": "DJI Short", "inflow (M)": 0.68}, {"rank": 13, "name": "2269 Long", "inflow (M)": 0.62}, {"rank": 14, "name": "0027 Long", "inflow (M)": 0.6}, {"rank": 15, "name": "1299 Long", "inflow (M)": 0.57}, {"rank": 16, "name": "9888 Long", "inflow (M)": 0.57}, {"rank": 17, "name": "2800 Long", "inflow (M)": 0.54}, {"rank": 18, "name": "1818 Long", "inflow (M)": 0.47}, {"rank": 19, "name": "9999 Long", "inflow (M)": 0.45}, {"rank": 20, "name": "0939 Long", "inflow (M)": 0.44}], "top20outflow_1d": [{"rank": 1, "name": "HSI Short", "outflow (M)": 53.86}, {"rank": 2, "name": "3690 Short", "outflow (M)": 16.43}, {"rank": 3, "name": "1211 Short", "outflow (M)": 2.14}, {"rank": 4, "name": "2018 Long", "outflow (M)": 1.73}, {"rank": 5, "name": "1810 Short", "outflow (M)": 1.4}, {"rank": 6, "name": "0700 Short", "outflow (M)": 1.0}, {"rank": 7, "name": "2318 Short", "outflow (M)": 0.8}, {"rank": 8, "name": "0388 Short", "outflow (M)": 0.77}, {"rank": 9, "name": "2382 Short", "outflow (M)": 0.55}, {"rank": 10, "name": "1024 Short", "outflow (M)": 0.46}, {"rank": 11, "name": "3988 Short", "outflow (M)": 0.43}, {"rank": 12, "name": "1093 Long", "outflow (M)": 0.37}, {"rank": 13, "name": "0823 Long", "outflow (M)": 0.35}, {"rank": 14, "name": "HSTECH Short", "outflow (M)": 0.33}, {"rank": 15, "name": "NDX Short", "outflow (M)": 0.31}, {"rank": 16, "name": "2269 Short", "outflow (M)": 0.28}, {"rank": 17, "name": "0857 Short", "outflow (M)": 0.28}, {"rank": 18, "name": "0005 Short", "outflow (M)": 0.27}, {"rank": 19, "name": "1801 Long", "outflow (M)": 0.25}, {"rank": 20, "name": "9888 Short", "outflow (M)": 0.16}], "stats": {"hsi long pos": "+131.07M", "hsi short pos:": "-53.86M", "stocks long pos": "+56.62M", "stocks short pos": "-23.92M"}}