{"top20inflow_1d": [{"rank": 1, "name": "HSI Long", "inflow (M)": 9.05}, {"rank": 2, "name": "1299 Long", "inflow (M)": 6.63}, {"rank": 3, "name": "0700 Short", "inflow (M)": 3.98}, {"rank": 4, "name": "0700 Long", "inflow (M)": 3.15}, {"rank": 5, "name": "3690 Long", "inflow (M)": 2.34}, {"rank": 6, "name": "1810 Long", "inflow (M)": 1.91}, {"rank": 7, "name": "2318 Long", "inflow (M)": 1.82}, {"rank": 8, "name": "9988 Long", "inflow (M)": 1.5}, {"rank": 9, "name": "2600 Long", "inflow (M)": 1.25}, {"rank": 10, "name": "0941 Long", "inflow (M)": 1.19}, {"rank": 11, "name": "2382 Long", "inflow (M)": 0.99}, {"rank": 12, "name": "1024 Long", "inflow (M)": 0.92}, {"rank": 13, "name": "0992 Long", "inflow (M)": 0.65}, {"rank": 14, "name": "1211 Long", "inflow (M)": 0.44}, {"rank": 15, "name": "1928 Long", "inflow (M)": 0.32}, {"rank": 16, "name": "9988 Short", "inflow (M)": 0.32}, {"rank": 17, "name": "JPYD Long", "inflow (M)": 0.32}, {"rank": 18, "name": "0175 Long", "inflow (M)": 0.3}, {"rank": 19, "name": "6969 Long", "inflow (M)": 0.28}, {"rank": 20, "name": "0883 Short", "inflow (M)": 0.27}], "top20outflow_1d": [{"rank": 1, "name": "HSI Short", "outflow (M)": 11.79}, {"rank": 2, "name": "0883 Long", "outflow (M)": 2.61}, {"rank": 3, "name": "0386 Long", "outflow (M)": 1.39}, {"rank": 4, "name": "3690 Short", "outflow (M)": 1.24}, {"rank": 5, "name": "2015 Short", "outflow (M)": 1.04}, {"rank": 6, "name": "2015 Long", "outflow (M)": 0.99}, {"rank": 7, "name": "0857 Long", "outflow (M)": 0.65}, {"rank": 8, "name": "2269 Short", "outflow (M)": 0.6}, {"rank": 9, "name": "9698 Long", "outflow (M)": 0.58}, {"rank": 10, "name": "9618 Short", "outflow (M)": 0.56}, {"rank": 11, "name": "2331 Long", "outflow (M)": 0.49}, {"rank": 12, "name": "1211 Short", "outflow (M)": 0.45}, {"rank": 13, "name": "0388 Short", "outflow (M)": 0.45}, {"rank": 14, "name": "9618 Long", "outflow (M)": 0.38}, {"rank": 15, "name": "0763 Long", "outflow (M)": 0.36}, {"rank": 16, "name": "0005 Long", "outflow (M)": 0.36}, {"rank": 17, "name": "2899 Long", "outflow (M)": 0.35}, {"rank": 18, "name": "0388 Long", "outflow (M)": 0.27}, {"rank": 19, "name": "0762 Long", "outflow (M)": 0.23}, {"rank": 20, "name": "1299 Short", "outflow (M)": 0.19}], "stats": {"hsi long pos": "+15.02M", "hsi short pos:": "-18.48M", "stocks long pos": "+25.94M", "stocks short pos": "-0.36M"}}