{"top20inflow_20d": [{"rank": 1, "name": "HSI Short", "inflow (M)": 195.56}, {"rank": 2, "name": "0700 Long", "inflow (M)": 123.19}, {"rank": 3, "name": "HSI Long", "inflow (M)": 73.37}, {"rank": 4, "name": "9988 Long", "inflow (M)": 54.44}, {"rank": 5, "name": "3690 Short", "inflow (M)": 26.94}, {"rank": 6, "name": "9888 Long", "inflow (M)": 21.48}, {"rank": 7, "name": "0388 Long", "inflow (M)": 16.52}, {"rank": 8, "name": "1299 Long", "inflow (M)": 15.04}, {"rank": 9, "name": "1211 Short", "inflow (M)": 13.58}, {"rank": 10, "name": "9999 Long", "inflow (M)": 5.81}, {"rank": 11, "name": "2015 Long", "inflow (M)": 5.37}, {"rank": 12, "name": "0823 Long", "inflow (M)": 5.16}, {"rank": 13, "name": "1810 Long", "inflow (M)": 4.99}, {"rank": 14, "name": "0883 Short", "inflow (M)": 4.86}, {"rank": 15, "name": "DJI Short", "inflow (M)": 4.83}, {"rank": 16, "name": "9618 Short", "inflow (M)": 4.8}, {"rank": 17, "name": "0005 Short", "inflow (M)": 4.79}, {"rank": 18, "name": "9961 Long", "inflow (M)": 4.75}, {"rank": 19, "name": "0386 Long", "inflow (M)": 4.45}, {"rank": 20, "name": "2318 Long", "inflow (M)": 4.36}], "top20outflow_20d": [{"rank": 1, "name": "0700 Short", "outflow (M)": 27.76}, {"rank": 2, "name": "9988 Short", "outflow (M)": 15.89}, {"rank": 3, "name": "3968 Long", "outflow (M)": 8.97}, {"rank": 4, "name": "2269 Short", "outflow (M)": 6.31}, {"rank": 5, "name": "0388 Short", "outflow (M)": 3.79}, {"rank": 6, "name": "3690 Long", "outflow (M)": 3.46}, {"rank": 7, "name": "0992 Long", "outflow (M)": 3.02}, {"rank": 8, "name": "1398 Long", "outflow (M)": 2.35}, {"rank": 9, "name": "2822 Long", "outflow (M)": 2.11}, {"rank": 10, "name": "9868 Short", "outflow (M)": 1.9}, {"rank": 11, "name": "0027 Short", "outflow (M)": 1.63}, {"rank": 12, "name": "NDX Long", "outflow (M)": 1.49}, {"rank": 13, "name": "0883 Long", "outflow (M)": 1.45}, {"rank": 14, "name": "0939 Long", "outflow (M)": 1.44}, {"rank": 15, "name": "0788 Long", "outflow (M)": 1.42}, {"rank": 16, "name": "1928 Long", "outflow (M)": 1.39}, {"rank": 17, "name": "3968 Short", "outflow (M)": 1.33}, {"rank": 18, "name": "1299 Short", "outflow (M)": 1.31}, {"rank": 19, "name": "2018 Long", "outflow (M)": 1.24}, {"rank": 20, "name": "SPX Short", "outflow (M)": 1.23}], "stats": {"hsi long pos": "+73.37M", "hsi short pos:": "+195.56M", "stocks long pos": "+288.87M", "stocks short pos": "+6.17M"}}