{"top20inflow_10d": [{"rank": 1, "name": "HSI Long", "inflow (M)": 388.0}, {"rank": 2, "name": "0700 Long", "inflow (M)": 43.8}, {"rank": 3, "name": "0883 Long", "inflow (M)": 42.17}, {"rank": 4, "name": "3690 Long", "inflow (M)": 30.06}, {"rank": 5, "name": "9988 Short", "inflow (M)": 15.89}, {"rank": 6, "name": "1211 Long", "inflow (M)": 13.63}, {"rank": 7, "name": "0388 Long", "inflow (M)": 13.5}, {"rank": 8, "name": "9988 Long", "inflow (M)": 13.19}, {"rank": 9, "name": "2269 Short", "inflow (M)": 12.36}, {"rank": 10, "name": "2318 Long", "inflow (M)": 11.15}, {"rank": 11, "name": "2269 Long", "inflow (M)": 10.79}, {"rank": 12, "name": "3968 Long", "inflow (M)": 10.53}, {"rank": 13, "name": "JPYD Long", "inflow (M)": 7.13}, {"rank": 14, "name": "1810 Long", "inflow (M)": 6.41}, {"rank": 15, "name": "0992 Long", "inflow (M)": 5.62}, {"rank": 16, "name": "NDX Short", "inflow (M)": 5.52}, {"rank": 17, "name": "HSTECH Long", "inflow (M)": 5.36}, {"rank": 18, "name": "0981 Long", "inflow (M)": 5.2}, {"rank": 19, "name": "9999 Short", "inflow (M)": 4.91}, {"rank": 20, "name": "9868 Short", "inflow (M)": 4.16}], "top20outflow_10d": [{"rank": 1, "name": "HSI Short", "outflow (M)": 156.01}, {"rank": 2, "name": "0700 Short", "outflow (M)": 34.58}, {"rank": 3, "name": "0388 Short", "outflow (M)": 9.09}, {"rank": 4, "name": "2015 Short", "outflow (M)": 8.68}, {"rank": 5, "name": "9888 Long", "outflow (M)": 4.33}, {"rank": 6, "name": "1810 Short", "outflow (M)": 3.77}, {"rank": 7, "name": "3988 Short", "outflow (M)": 1.94}, {"rank": 8, "name": "0354 Long", "outflow (M)": 1.6}, {"rank": 9, "name": "0941 Long", "outflow (M)": 1.17}, {"rank": 10, "name": "0981 Short", "outflow (M)": 0.99}, {"rank": 11, "name": "1024 Short", "outflow (M)": 0.93}, {"rank": 12, "name": "0992 Short", "outflow (M)": 0.92}, {"rank": 13, "name": "9618 Short", "outflow (M)": 0.8}, {"rank": 14, "name": "2382 Short", "outflow (M)": 0.8}, {"rank": 15, "name": "NDX Long", "outflow (M)": 0.77}, {"rank": 16, "name": "2382 Long", "outflow (M)": 0.73}, {"rank": 17, "name": "HSTECH Short", "outflow (M)": 0.7}, {"rank": 18, "name": "0027 Long", "outflow (M)": 0.57}, {"rank": 19, "name": "1658 Long", "outflow (M)": 0.29}, {"rank": 20, "name": "1171 Long", "outflow (M)": 0.29}], "stats": {"hsi long pos": "+385.50M", "hsi short pos:": "-141.75M", "stocks long pos": "+230.52M", "stocks short pos": "-8.88M"}}