{"top20inflow_20d": [{"rank": 1, "name": "HSI Short", "inflow (M)": 486.27}, {"rank": 2, "name": "9988 Long", "inflow (M)": 26.02}, {"rank": 3, "name": "2269 Long", "inflow (M)": 23.62}, {"rank": 4, "name": "3690 Short", "inflow (M)": 23.33}, {"rank": 5, "name": "0700 Short", "inflow (M)": 14.18}, {"rank": 6, "name": "1211 Long", "inflow (M)": 12.48}, {"rank": 7, "name": "3968 Long", "inflow (M)": 10.88}, {"rank": 8, "name": "2269 Short", "inflow (M)": 10.72}, {"rank": 9, "name": "0981 Long", "inflow (M)": 10.28}, {"rank": 10, "name": "0883 Long", "inflow (M)": 9.81}, {"rank": 11, "name": "DJI Short", "inflow (M)": 7.37}, {"rank": 12, "name": "3968 Short", "inflow (M)": 7.17}, {"rank": 13, "name": "9961 Short", "inflow (M)": 6.55}, {"rank": 14, "name": "JPYD Long", "inflow (M)": 6.25}, {"rank": 15, "name": "NDX Short", "inflow (M)": 5.46}, {"rank": 16, "name": "9999 Short", "inflow (M)": 4.97}, {"rank": 17, "name": "1299 Short", "inflow (M)": 4.89}, {"rank": 18, "name": "SPX Short", "inflow (M)": 4.82}, {"rank": 19, "name": "2318 Long", "inflow (M)": 4.74}, {"rank": 20, "name": "0992 Long", "inflow (M)": 4.6}], "top20outflow_20d": [{"rank": 1, "name": "HSI Long", "outflow (M)": 264.76}, {"rank": 2, "name": "1211 Short", "outflow (M)": 32.02}, {"rank": 3, "name": "0700 Long", "outflow (M)": 23.59}, {"rank": 4, "name": "1299 Long", "outflow (M)": 8.53}, {"rank": 5, "name": "9888 Long", "outflow (M)": 3.64}, {"rank": 6, "name": "0027 Long", "outflow (M)": 3.52}, {"rank": 7, "name": "0788 Long", "outflow (M)": 3.09}, {"rank": 8, "name": "0941 Long", "outflow (M)": 2.79}, {"rank": 9, "name": "0992 Short", "outflow (M)": 2.61}, {"rank": 10, "name": "0857 Long", "outflow (M)": 2.06}, {"rank": 11, "name": "1928 Long", "outflow (M)": 2.02}, {"rank": 12, "name": "1398 Long", "outflow (M)": 1.77}, {"rank": 13, "name": "NDX Long", "outflow (M)": 1.45}, {"rank": 14, "name": "2822 Long", "outflow (M)": 1.19}, {"rank": 15, "name": "2800 Long", "outflow (M)": 1.1}, {"rank": 16, "name": "1171 Long", "outflow (M)": 0.7}, {"rank": 17, "name": "0688 Long", "outflow (M)": 0.61}, {"rank": 18, "name": "1801 Long", "outflow (M)": 0.58}, {"rank": 19, "name": "9961 Long", "outflow (M)": 0.57}, {"rank": 20, "name": "1658 Long", "outflow (M)": 0.55}], "stats": {"hsi long pos": "-264.76M", "hsi short pos:": "+486.27M", "stocks long pos": "+87.29M", "stocks short pos": "+75.90M"}}