{"top20inflow_20d": [{"rank": 1, "name": "HSI Short", "inflow (M)": 158.62}, {"rank": 2, "name": "1299 Long", "inflow (M)": 60.28}, {"rank": 3, "name": "9988 Long", "inflow (M)": 40.72}, {"rank": 4, "name": "0700 Short", "inflow (M)": 39.42}, {"rank": 5, "name": "0388 Long", "inflow (M)": 31.86}, {"rank": 6, "name": "1810 Long", "inflow (M)": 21.27}, {"rank": 7, "name": "2269 Long", "inflow (M)": 13.97}, {"rank": 8, "name": "2318 Long", "inflow (M)": 13.3}, {"rank": 9, "name": "3690 Short", "inflow (M)": 13.21}, {"rank": 10, "name": "0941 Long", "inflow (M)": 12.8}, {"rank": 11, "name": "NDX Long", "inflow (M)": 12.42}, {"rank": 12, "name": "1810 Short", "inflow (M)": 8.32}, {"rank": 13, "name": "0981 Long", "inflow (M)": 8.16}, {"rank": 14, "name": "2382 Long", "inflow (M)": 7.53}, {"rank": 15, "name": "1024 Long", "inflow (M)": 6.5}, {"rank": 16, "name": "9868 Long", "inflow (M)": 5.71}, {"rank": 17, "name": "0268 Long", "inflow (M)": 5.42}, {"rank": 18, "name": "DJI Short", "inflow (M)": 5.41}, {"rank": 19, "name": "2015 Long", "inflow (M)": 5.35}, {"rank": 20, "name": "1211 Short", "inflow (M)": 4.64}], "top20outflow_20d": [{"rank": 1, "name": "HSI Long", "outflow (M)": 153.5}, {"rank": 2, "name": "3690 Long", "outflow (M)": 98.35}, {"rank": 3, "name": "0700 Long", "outflow (M)": 38.71}, {"rank": 4, "name": "0005 Long", "outflow (M)": 13.82}, {"rank": 5, "name": "0388 Short", "outflow (M)": 6.29}, {"rank": 6, "name": "9618 Long", "outflow (M)": 6.06}, {"rank": 7, "name": "1109 Long", "outflow (M)": 5.33}, {"rank": 8, "name": "2840 Long", "outflow (M)": 4.13}, {"rank": 9, "name": "1211 Long", "outflow (M)": 3.83}, {"rank": 10, "name": "2015 Short", "outflow (M)": 3.62}, {"rank": 11, "name": "9626 Long", "outflow (M)": 3.3}, {"rank": 12, "name": "0175 Long", "outflow (M)": 3.15}, {"rank": 13, "name": "9988 Short", "outflow (M)": 3.0}, {"rank": 14, "name": "0386 Long", "outflow (M)": 2.72}, {"rank": 15, "name": "1357 Long", "outflow (M)": 2.6}, {"rank": 16, "name": "9868 Short", "outflow (M)": 2.36}, {"rank": 17, "name": "3968 Long", "outflow (M)": 2.32}, {"rank": 18, "name": "1299 Short", "outflow (M)": 2.0}, {"rank": 19, "name": "3988 Long", "outflow (M)": 1.7}, {"rank": 20, "name": "2269 Short", "outflow (M)": 1.41}], "stats": {"hsi long pos": "-153.50M", "hsi short pos:": "+158.62M", "stocks long pos": "+91.58M", "stocks short pos": "+60.78M"}}