{"top20inflow_10d": [{"rank": 1, "name": "HSI Long", "inflow (M)": 224.76}, {"rank": 2, "name": "9988 Long", "inflow (M)": 105.43}, {"rank": 3, "name": "9988 Short", "inflow (M)": 77.22}, {"rank": 4, "name": "2318 Long", "inflow (M)": 25.25}, {"rank": 5, "name": "1810 Long", "inflow (M)": 19.84}, {"rank": 6, "name": "1810 Short", "inflow (M)": 15.49}, {"rank": 7, "name": "0700 Short", "inflow (M)": 13.18}, {"rank": 8, "name": "0388 Long", "inflow (M)": 13.17}, {"rank": 9, "name": "DJI Short", "inflow (M)": 10.95}, {"rank": 10, "name": "3690 Long", "inflow (M)": 10.45}, {"rank": 11, "name": "NDX Short", "inflow (M)": 8.67}, {"rank": 12, "name": "9888 Long", "inflow (M)": 4.32}, {"rank": 13, "name": "1801 Long", "inflow (M)": 3.44}, {"rank": 14, "name": "0981 Long", "inflow (M)": 3.33}, {"rank": 15, "name": "9618 Short", "inflow (M)": 3.1}, {"rank": 16, "name": "0175 Long", "inflow (M)": 2.92}, {"rank": 17, "name": "2331 Long", "inflow (M)": 2.57}, {"rank": 18, "name": "1024 Short", "inflow (M)": 2.03}, {"rank": 19, "name": "3968 Long", "inflow (M)": 2.03}, {"rank": 20, "name": "SPX Short", "inflow (M)": 1.8}], "top20outflow_10d": [{"rank": 1, "name": "HSI Short", "outflow (M)": 93.03}, {"rank": 2, "name": "0700 Long", "outflow (M)": 15.79}, {"rank": 3, "name": "3690 Short", "outflow (M)": 9.25}, {"rank": 4, "name": "0388 Short", "outflow (M)": 5.61}, {"rank": 5, "name": "0005 Long", "outflow (M)": 5.5}, {"rank": 6, "name": "1211 Short", "outflow (M)": 4.88}, {"rank": 7, "name": "1211 Long", "outflow (M)": 3.47}, {"rank": 8, "name": "0981 Short", "outflow (M)": 3.27}, {"rank": 9, "name": "1024 Long", "outflow (M)": 3.13}, {"rank": 10, "name": "2269 Short", "outflow (M)": 2.74}, {"rank": 11, "name": "9618 Long", "outflow (M)": 2.61}, {"rank": 12, "name": "2015 Short", "outflow (M)": 1.26}, {"rank": 13, "name": "0823 Long", "outflow (M)": 1.2}, {"rank": 14, "name": "0941 Long", "outflow (M)": 1.13}, {"rank": 15, "name": "0135 Long", "outflow (M)": 1.12}, {"rank": 16, "name": "9992 Long", "outflow (M)": 1.07}, {"rank": 17, "name": "1299 Short", "outflow (M)": 0.96}, {"rank": 18, "name": "6862 Long", "outflow (M)": 0.94}, {"rank": 19, "name": "2333 Short", "outflow (M)": 0.94}, {"rank": 20, "name": "0902 Long", "outflow (M)": 0.88}], "stats": {"hsi long pos": "+224.76M", "hsi short pos:": "-93.03M", "stocks long pos": "+181.64M", "stocks short pos": "+83.14M"}}