{"top20inflow_1d": [{"rank": 1, "name": "0388 Long", "inflow (M)": 7.57}, {"rank": 2, "name": "1810 Long", "inflow (M)": 7.54}, {"rank": 3, "name": "HSI Long", "inflow (M)": 4.83}, {"rank": 4, "name": "0941 Long", "inflow (M)": 2.96}, {"rank": 5, "name": "9988 Long", "inflow (M)": 2.47}, {"rank": 6, "name": "2318 Long", "inflow (M)": 2.26}, {"rank": 7, "name": "3690 Long", "inflow (M)": 1.08}, {"rank": 8, "name": "9618 Long", "inflow (M)": 0.97}, {"rank": 9, "name": "SPX Long", "inflow (M)": 0.97}, {"rank": 10, "name": "0386 Long", "inflow (M)": 0.92}, {"rank": 11, "name": "2600 Long", "inflow (M)": 0.89}, {"rank": 12, "name": "DJI Short", "inflow (M)": 0.89}, {"rank": 13, "name": "0005 Short", "inflow (M)": 0.88}, {"rank": 14, "name": "1211 Long", "inflow (M)": 0.81}, {"rank": 15, "name": "2269 Long", "inflow (M)": 0.81}, {"rank": 16, "name": "2319 Long", "inflow (M)": 0.74}, {"rank": 17, "name": "0857 Long", "inflow (M)": 0.74}, {"rank": 18, "name": "0981 Long", "inflow (M)": 0.73}, {"rank": 19, "name": "2382 Long", "inflow (M)": 0.72}, {"rank": 20, "name": "2883 Long", "inflow (M)": 0.67}], "top20outflow_1d": [{"rank": 1, "name": "0700 Long", "outflow (M)": 22.21}, {"rank": 2, "name": "1211 Short", "outflow (M)": 3.07}, {"rank": 3, "name": "0005 Long", "outflow (M)": 2.59}, {"rank": 4, "name": "1299 Long", "outflow (M)": 2.54}, {"rank": 5, "name": "1810 Short", "outflow (M)": 1.63}, {"rank": 6, "name": "1299 Short", "outflow (M)": 1.49}, {"rank": 7, "name": "9988 Short", "outflow (M)": 0.81}, {"rank": 8, "name": "0883 Long", "outflow (M)": 0.73}, {"rank": 9, "name": "N225 Short", "outflow (M)": 0.49}, {"rank": 10, "name": "9618 Short", "outflow (M)": 0.45}, {"rank": 11, "name": "0883 Short", "outflow (M)": 0.42}, {"rank": 12, "name": "3690 Short", "outflow (M)": 0.42}, {"rank": 13, "name": "0857 Short", "outflow (M)": 0.4}, {"rank": 14, "name": "2840 Long", "outflow (M)": 0.35}, {"rank": 15, "name": "0941 Short", "outflow (M)": 0.34}, {"rank": 16, "name": "9961 Long", "outflow (M)": 0.34}, {"rank": 17, "name": "0669 Long", "outflow (M)": 0.29}, {"rank": 18, "name": "9868 Short", "outflow (M)": 0.29}, {"rank": 19, "name": "0358 Long", "outflow (M)": 0.28}, {"rank": 20, "name": "0914 Long", "outflow (M)": 0.26}], "stats": {"hsi long pos": "+4.83M", "hsi short pos:": "-0.24M", "stocks long pos": "+7.37M", "stocks short pos": "-7.78M"}}