{"top20inflow_10d": [{"rank": 1, "name": "HSI Short", "inflow (M)": 336.52}, {"rank": 2, "name": "0700 Short", "inflow (M)": 51.06}, {"rank": 3, "name": "3690 Short", "inflow (M)": 31.04}, {"rank": 4, "name": "HSI Long", "inflow (M)": 25.12}, {"rank": 5, "name": "9988 Long", "inflow (M)": 22.38}, {"rank": 6, "name": "0388 Short", "inflow (M)": 21.42}, {"rank": 7, "name": "1299 Long", "inflow (M)": 18.9}, {"rank": 8, "name": "1211 Long", "inflow (M)": 10.29}, {"rank": 9, "name": "2015 Long", "inflow (M)": 9.51}, {"rank": 10, "name": "HSTECH Long", "inflow (M)": 6.83}, {"rank": 11, "name": "0027 Long", "inflow (M)": 5.98}, {"rank": 12, "name": "2899 Long", "inflow (M)": 5.9}, {"rank": 13, "name": "0883 Long", "inflow (M)": 5.55}, {"rank": 14, "name": "0857 Long", "inflow (M)": 5.52}, {"rank": 15, "name": "1928 Long", "inflow (M)": 4.63}, {"rank": 16, "name": "1299 Short", "inflow (M)": 3.75}, {"rank": 17, "name": "1024 Short", "inflow (M)": 3.73}, {"rank": 18, "name": "1810 Short", "inflow (M)": 3.34}, {"rank": 19, "name": "1818 Long", "inflow (M)": 3.29}, {"rank": 20, "name": "9618 Long", "inflow (M)": 3.24}], "top20outflow_10d": [{"rank": 1, "name": "3690 Long", "outflow (M)": 42.66}, {"rank": 2, "name": "0700 Long", "outflow (M)": 31.26}, {"rank": 3, "name": "1810 Long", "outflow (M)": 10.44}, {"rank": 4, "name": "0941 Long", "outflow (M)": 9.79}, {"rank": 5, "name": "3968 Long", "outflow (M)": 5.89}, {"rank": 6, "name": "0388 Long", "outflow (M)": 3.76}, {"rank": 7, "name": "0005 Long", "outflow (M)": 3.65}, {"rank": 8, "name": "1024 Long", "outflow (M)": 3.29}, {"rank": 9, "name": "2318 Long", "outflow (M)": 2.72}, {"rank": 10, "name": "SPX Short", "outflow (M)": 2.32}, {"rank": 11, "name": "0386 Long", "outflow (M)": 2.16}, {"rank": 12, "name": "N225 Short", "outflow (M)": 2.02}, {"rank": 13, "name": "NDX Short", "outflow (M)": 2.0}, {"rank": 14, "name": "2628 Long", "outflow (M)": 1.92}, {"rank": 15, "name": "9868 Short", "outflow (M)": 1.44}, {"rank": 16, "name": "0883 Short", "outflow (M)": 1.26}, {"rank": 17, "name": "2333 Long", "outflow (M)": 1.04}, {"rank": 18, "name": "2840 Long", "outflow (M)": 1.02}, {"rank": 19, "name": "3988 Long", "outflow (M)": 0.91}, {"rank": 20, "name": "0939 Long", "outflow (M)": 0.88}], "stats": {"hsi long pos": "+25.12M", "hsi short pos:": "+336.52M", "stocks long pos": "+8.25M", "stocks short pos": "+122.25M"}}