{"top20inflow_10d": [{"rank": 1, "name": "9988 Long", "inflow (M)": 90.09}, {"rank": 2, "name": "HSI Long", "inflow (M)": 69.49}, {"rank": 3, "name": "9988 Short", "inflow (M)": 62.25}, {"rank": 4, "name": "1810 Long", "inflow (M)": 27.17}, {"rank": 5, "name": "0700 Short", "inflow (M)": 24.35}, {"rank": 6, "name": "2318 Long", "inflow (M)": 16.65}, {"rank": 7, "name": "0388 Long", "inflow (M)": 14.3}, {"rank": 8, "name": "1810 Short", "inflow (M)": 12.29}, {"rank": 9, "name": "DJI Short", "inflow (M)": 6.9}, {"rank": 10, "name": "NDX Short", "inflow (M)": 5.88}, {"rank": 11, "name": "3690 Long", "inflow (M)": 4.87}, {"rank": 12, "name": "1801 Long", "inflow (M)": 3.25}, {"rank": 13, "name": "9618 Short", "inflow (M)": 3.23}, {"rank": 14, "name": "2318 Short", "inflow (M)": 3.09}, {"rank": 15, "name": "1024 Short", "inflow (M)": 3.04}, {"rank": 16, "name": "9888 Long", "inflow (M)": 2.68}, {"rank": 17, "name": "2020 Long", "inflow (M)": 2.58}, {"rank": 18, "name": "0175 Long", "inflow (M)": 2.09}, {"rank": 19, "name": "3968 Long", "inflow (M)": 1.88}, {"rank": 20, "name": "1928 Long", "inflow (M)": 1.84}], "top20outflow_10d": [{"rank": 1, "name": "0700 Long", "outflow (M)": 32.37}, {"rank": 2, "name": "HSI Short", "outflow (M)": 22.03}, {"rank": 3, "name": "0005 Long", "outflow (M)": 5.51}, {"rank": 4, "name": "1211 Short", "outflow (M)": 5.46}, {"rank": 5, "name": "3690 Short", "outflow (M)": 4.86}, {"rank": 6, "name": "9618 Long", "outflow (M)": 4.47}, {"rank": 7, "name": "0388 Short", "outflow (M)": 4.12}, {"rank": 8, "name": "0823 Long", "outflow (M)": 3.71}, {"rank": 9, "name": "1299 Long", "outflow (M)": 2.58}, {"rank": 10, "name": "0941 Long", "outflow (M)": 2.56}, {"rank": 11, "name": "0981 Short", "outflow (M)": 2.31}, {"rank": 12, "name": "6862 Long", "outflow (M)": 2.0}, {"rank": 13, "name": "2013 Long", "outflow (M)": 1.8}, {"rank": 14, "name": "0902 Long", "outflow (M)": 1.2}, {"rank": 15, "name": "2015 Short", "outflow (M)": 1.19}, {"rank": 16, "name": "0135 Long", "outflow (M)": 1.14}, {"rank": 17, "name": "2269 Short", "outflow (M)": 1.12}, {"rank": 18, "name": "9992 Long", "outflow (M)": 1.11}, {"rank": 19, "name": "0669 Long", "outflow (M)": 1.01}, {"rank": 20, "name": "0941 Short", "outflow (M)": 0.82}], "stats": {"hsi long pos": "+69.49M", "hsi short pos:": "-22.03M", "stocks long pos": "+128.25M", "stocks short pos": "+91.67M"}}