{"top20inflow_20d": [{"rank": 1, "name": "HSI Long", "inflow (M)": 236.24}, {"rank": 2, "name": "0700 Long", "inflow (M)": 73.29}, {"rank": 3, "name": "3690 Long", "inflow (M)": 54.95}, {"rank": 4, "name": "1211 Short", "inflow (M)": 22.81}, {"rank": 5, "name": "1810 Long", "inflow (M)": 19.07}, {"rank": 6, "name": "DJI Short", "inflow (M)": 14.77}, {"rank": 7, "name": "1024 Long", "inflow (M)": 13.35}, {"rank": 8, "name": "2318 Long", "inflow (M)": 8.73}, {"rank": 9, "name": "2015 Short", "inflow (M)": 7.67}, {"rank": 10, "name": "9988 Long", "inflow (M)": 6.82}, {"rank": 11, "name": "HSTECH Long", "inflow (M)": 6.7}, {"rank": 12, "name": "JPYD Long", "inflow (M)": 5.96}, {"rank": 13, "name": "0981 Long", "inflow (M)": 5.65}, {"rank": 14, "name": "9888 Long", "inflow (M)": 5.63}, {"rank": 15, "name": "3690 Short", "inflow (M)": 5.43}, {"rank": 16, "name": "2382 Long", "inflow (M)": 5.34}, {"rank": 17, "name": "9618 Long", "inflow (M)": 5.21}, {"rank": 18, "name": "NDX Short", "inflow (M)": 5.08}, {"rank": 19, "name": "1797 Long", "inflow (M)": 4.63}, {"rank": 20, "name": "9868 Long", "inflow (M)": 4.54}], "top20outflow_20d": [{"rank": 1, "name": "0700 Short", "outflow (M)": 15.66}, {"rank": 2, "name": "HSI Short", "outflow (M)": 12.07}, {"rank": 3, "name": "9988 Short", "outflow (M)": 10.88}, {"rank": 4, "name": "1810 Short", "outflow (M)": 5.09}, {"rank": 5, "name": "0823 Long", "outflow (M)": 5.0}, {"rank": 6, "name": "2318 Short", "outflow (M)": 3.12}, {"rank": 7, "name": "NDX Long", "outflow (M)": 3.03}, {"rank": 8, "name": "0388 Long", "outflow (M)": 2.94}, {"rank": 9, "name": "1024 Short", "outflow (M)": 2.6}, {"rank": 10, "name": "2382 Short", "outflow (M)": 2.33}, {"rank": 11, "name": "9618 Short", "outflow (M)": 2.16}, {"rank": 12, "name": "0388 Short", "outflow (M)": 1.53}, {"rank": 13, "name": "0902 Long", "outflow (M)": 1.52}, {"rank": 14, "name": "0941 Long", "outflow (M)": 0.82}, {"rank": 15, "name": "1801 Long", "outflow (M)": 0.8}, {"rank": 16, "name": "0981 Short", "outflow (M)": 0.77}, {"rank": 17, "name": "2331 Short", "outflow (M)": 0.76}, {"rank": 18, "name": "1171 Long", "outflow (M)": 0.71}, {"rank": 19, "name": "2018 Short", "outflow (M)": 0.5}, {"rank": 20, "name": "9999 Short", "outflow (M)": 0.49}], "stats": {"hsi long pos": "+261.56M", "hsi short pos:": "-43.14M", "stocks long pos": "+255.67M", "stocks short pos": "-1.72M"}}