{"top20inflow_10d": [{"rank": 1, "name": "HSI Long", "inflow (M)": 223.99}, {"rank": 2, "name": "9988 Long", "inflow (M)": 44.94}, {"rank": 3, "name": "1299 Long", "inflow (M)": 35.32}, {"rank": 4, "name": "0388 Long", "inflow (M)": 31.75}, {"rank": 5, "name": "2318 Long", "inflow (M)": 14.56}, {"rank": 6, "name": "0027 Long", "inflow (M)": 9.28}, {"rank": 7, "name": "0883 Long", "inflow (M)": 7.15}, {"rank": 8, "name": "3993 Long", "inflow (M)": 5.22}, {"rank": 9, "name": "0857 Long", "inflow (M)": 4.98}, {"rank": 10, "name": "0005 Long", "inflow (M)": 4.93}, {"rank": 11, "name": "3690 Long", "inflow (M)": 4.87}, {"rank": 12, "name": "1928 Long", "inflow (M)": 4.45}, {"rank": 13, "name": "9888 Long", "inflow (M)": 4.17}, {"rank": 14, "name": "0268 Long", "inflow (M)": 3.86}, {"rank": 15, "name": "3690 Short", "inflow (M)": 3.57}, {"rank": 16, "name": "2015 Long", "inflow (M)": 3.31}, {"rank": 17, "name": "2331 Long", "inflow (M)": 3.27}, {"rank": 18, "name": "1024 Long", "inflow (M)": 3.27}, {"rank": 19, "name": "9988 Short", "inflow (M)": 3.09}, {"rank": 20, "name": "9618 Long", "inflow (M)": 3.03}], "top20outflow_10d": [{"rank": 1, "name": "HSI Short", "outflow (M)": 54.23}, {"rank": 2, "name": "0941 Long", "outflow (M)": 11.78}, {"rank": 3, "name": "1810 Long", "outflow (M)": 8.94}, {"rank": 4, "name": "3968 Long", "outflow (M)": 7.21}, {"rank": 5, "name": "0175 Long", "outflow (M)": 5.7}, {"rank": 6, "name": "1211 Long", "outflow (M)": 4.76}, {"rank": 7, "name": "0700 Short", "outflow (M)": 2.35}, {"rank": 8, "name": "0005 Short", "outflow (M)": 1.8}, {"rank": 9, "name": "SPX Short", "outflow (M)": 1.76}, {"rank": 10, "name": "1211 Short", "outflow (M)": 1.63}, {"rank": 11, "name": "N225 Short", "outflow (M)": 1.57}, {"rank": 12, "name": "0883 Short", "outflow (M)": 1.39}, {"rank": 13, "name": "0386 Long", "outflow (M)": 1.09}, {"rank": 14, "name": "2333 Long", "outflow (M)": 1.02}, {"rank": 15, "name": "2318 Short", "outflow (M)": 1.01}, {"rank": 16, "name": "NDX Short", "outflow (M)": 0.99}, {"rank": 17, "name": "9868 Short", "outflow (M)": 0.87}, {"rank": 18, "name": "2015 Short", "outflow (M)": 0.8}, {"rank": 19, "name": "1171 Long", "outflow (M)": 0.76}, {"rank": 20, "name": "0916 Long", "outflow (M)": 0.68}], "stats": {"hsi long pos": "+223.99M", "hsi short pos:": "-54.23M", "stocks long pos": "+185.97M", "stocks short pos": "+6.76M"}}