{"top20inflow_10d": [{"rank": 1, "name": "HSI Short", "inflow (M)": 251.22}, {"rank": 2, "name": "0700 Long", "inflow (M)": 28.41}, {"rank": 3, "name": "9988 Long", "inflow (M)": 27.65}, {"rank": 4, "name": "0005 Long", "inflow (M)": 22.64}, {"rank": 5, "name": "1211 Short", "inflow (M)": 7.42}, {"rank": 6, "name": "9961 Short", "inflow (M)": 7.16}, {"rank": 7, "name": "2269 Long", "inflow (M)": 4.83}, {"rank": 8, "name": "0981 Long", "inflow (M)": 4.35}, {"rank": 9, "name": "9888 Long", "inflow (M)": 4.34}, {"rank": 10, "name": "2318 Short", "inflow (M)": 3.94}, {"rank": 11, "name": "0883 Short", "inflow (M)": 3.81}, {"rank": 12, "name": "9618 Long", "inflow (M)": 3.72}, {"rank": 13, "name": "3968 Short", "inflow (M)": 3.67}, {"rank": 14, "name": "DJI Short", "inflow (M)": 2.85}, {"rank": 15, "name": "N225 Short", "inflow (M)": 2.2}, {"rank": 16, "name": "2015 Short", "inflow (M)": 2.05}, {"rank": 17, "name": "0386 Long", "inflow (M)": 1.87}, {"rank": 18, "name": "0939 Short", "inflow (M)": 1.57}, {"rank": 19, "name": "0823 Long", "inflow (M)": 1.49}, {"rank": 20, "name": "2331 Long", "inflow (M)": 1.42}], "top20outflow_10d": [{"rank": 1, "name": "HSI Long", "outflow (M)": 172.78}, {"rank": 2, "name": "3690 Long", "outflow (M)": 31.09}, {"rank": 3, "name": "9988 Short", "outflow (M)": 17.15}, {"rank": 4, "name": "0700 Short", "outflow (M)": 8.72}, {"rank": 5, "name": "3968 Long", "outflow (M)": 6.33}, {"rank": 6, "name": "2318 Long", "outflow (M)": 6.16}, {"rank": 7, "name": "0388 Long", "outflow (M)": 3.87}, {"rank": 8, "name": "1928 Long", "outflow (M)": 3.59}, {"rank": 9, "name": "9961 Long", "outflow (M)": 3.4}, {"rank": 10, "name": "9868 Short", "outflow (M)": 3.02}, {"rank": 11, "name": "1109 Long", "outflow (M)": 2.56}, {"rank": 12, "name": "0883 Long", "outflow (M)": 2.31}, {"rank": 13, "name": "2269 Short", "outflow (M)": 2.31}, {"rank": 14, "name": "NDX Long", "outflow (M)": 2.27}, {"rank": 15, "name": "0788 Long", "outflow (M)": 2.26}, {"rank": 16, "name": "0388 Short", "outflow (M)": 2.18}, {"rank": 17, "name": "0005 Short", "outflow (M)": 1.78}, {"rank": 18, "name": "2015 Long", "outflow (M)": 1.5}, {"rank": 19, "name": "SPX Short", "outflow (M)": 1.43}, {"rank": 20, "name": "2822 Long", "outflow (M)": 1.42}], "stats": {"hsi long pos": "-172.78M", "hsi short pos:": "+251.22M", "stocks long pos": "+35.36M", "stocks short pos": "-4.12M"}}