{"top20inflow_5d": [{"rank": 1, "name": "HSI Long", "inflow (M)": 424.22}, {"rank": 2, "name": "3690 Long", "inflow (M)": 73.94}, {"rank": 3, "name": "1211 Long", "inflow (M)": 35.06}, {"rank": 4, "name": "0388 Long", "inflow (M)": 26.04}, {"rank": 5, "name": "0700 Long", "inflow (M)": 24.42}, {"rank": 6, "name": "9988 Long", "inflow (M)": 21.13}, {"rank": 7, "name": "2318 Long", "inflow (M)": 12.24}, {"rank": 8, "name": "1024 Long", "inflow (M)": 5.88}, {"rank": 9, "name": "2269 Long", "inflow (M)": 5.15}, {"rank": 10, "name": "0981 Long", "inflow (M)": 5.02}, {"rank": 11, "name": "1299 Long", "inflow (M)": 4.51}, {"rank": 12, "name": "HSTECH Long", "inflow (M)": 3.51}, {"rank": 13, "name": "0175 Long", "inflow (M)": 3.19}, {"rank": 14, "name": "9618 Long", "inflow (M)": 2.61}, {"rank": 15, "name": "2800 Long", "inflow (M)": 2.53}, {"rank": 16, "name": "DJI Short", "inflow (M)": 2.21}, {"rank": 17, "name": "1810 Long", "inflow (M)": 2.19}, {"rank": 18, "name": "0027 Long", "inflow (M)": 2.15}, {"rank": 19, "name": "0939 Long", "inflow (M)": 1.76}, {"rank": 20, "name": "9888 Short", "inflow (M)": 1.75}], "top20outflow_5d": [{"rank": 1, "name": "HSI Short", "outflow (M)": 140.99}, {"rank": 2, "name": "9988 Short", "outflow (M)": 24.61}, {"rank": 3, "name": "0700 Short", "outflow (M)": 13.16}, {"rank": 4, "name": "3690 Short", "outflow (M)": 11.07}, {"rank": 5, "name": "1810 Short", "outflow (M)": 5.28}, {"rank": 6, "name": "0388 Short", "outflow (M)": 4.17}, {"rank": 7, "name": "0354 Long", "outflow (M)": 3.29}, {"rank": 8, "name": "1024 Short", "outflow (M)": 3.16}, {"rank": 9, "name": "1299 Short", "outflow (M)": 1.75}, {"rank": 10, "name": "1211 Short", "outflow (M)": 1.73}, {"rank": 11, "name": "1171 Long", "outflow (M)": 1.34}, {"rank": 12, "name": "2013 Long", "outflow (M)": 1.3}, {"rank": 13, "name": "0941 Long", "outflow (M)": 1.25}, {"rank": 14, "name": "2359 Long", "outflow (M)": 1.22}, {"rank": 15, "name": "1801 Long", "outflow (M)": 1.22}, {"rank": 16, "name": "2015 Long", "outflow (M)": 0.9}, {"rank": 17, "name": "0883 Long", "outflow (M)": 0.72}, {"rank": 18, "name": "0857 Long", "outflow (M)": 0.72}, {"rank": 19, "name": "9961 Long", "outflow (M)": 0.71}, {"rank": 20, "name": "HSTECH Short", "outflow (M)": 0.7}], "stats": {"hsi long pos": "+424.22M", "hsi short pos:": "-140.99M", "stocks long pos": "+235.76M", "stocks short pos": "-65.03M"}}