{"top20inflow_10d": [{"rank": 1, "name": "HSI Long", "inflow (M)": 402.43}, {"rank": 2, "name": "0700 Long", "inflow (M)": 62.29}, {"rank": 3, "name": "3690 Long", "inflow (M)": 36.26}, {"rank": 4, "name": "9988 Long", "inflow (M)": 20.68}, {"rank": 5, "name": "0388 Long", "inflow (M)": 15.91}, {"rank": 6, "name": "1810 Long", "inflow (M)": 9.97}, {"rank": 7, "name": "1211 Short", "inflow (M)": 9.91}, {"rank": 8, "name": "0005 Long", "inflow (M)": 9.54}, {"rank": 9, "name": "2318 Long", "inflow (M)": 7.12}, {"rank": 10, "name": "1299 Long", "inflow (M)": 5.62}, {"rank": 11, "name": "9618 Long", "inflow (M)": 5.23}, {"rank": 12, "name": "HSTECH Long", "inflow (M)": 5.03}, {"rank": 13, "name": "JPYD Long", "inflow (M)": 4.86}, {"rank": 14, "name": "9888 Long", "inflow (M)": 4.7}, {"rank": 15, "name": "0981 Long", "inflow (M)": 4.36}, {"rank": 16, "name": "1024 Long", "inflow (M)": 3.79}, {"rank": 17, "name": "9868 Long", "inflow (M)": 3.66}, {"rank": 18, "name": "2382 Long", "inflow (M)": 3.47}, {"rank": 19, "name": "1211 Long", "inflow (M)": 3.45}, {"rank": 20, "name": "0883 Long", "inflow (M)": 2.79}], "top20outflow_10d": [{"rank": 1, "name": "HSI Short", "outflow (M)": 282.82}, {"rank": 2, "name": "0700 Short", "outflow (M)": 24.18}, {"rank": 3, "name": "9999 Short", "outflow (M)": 6.01}, {"rank": 4, "name": "1810 Short", "outflow (M)": 5.96}, {"rank": 5, "name": "3690 Short", "outflow (M)": 4.6}, {"rank": 6, "name": "1024 Short", "outflow (M)": 2.37}, {"rank": 7, "name": "9988 Short", "outflow (M)": 2.27}, {"rank": 8, "name": "2382 Short", "outflow (M)": 2.19}, {"rank": 9, "name": "9618 Short", "outflow (M)": 2.13}, {"rank": 10, "name": "0388 Short", "outflow (M)": 2.0}, {"rank": 11, "name": "2015 Short", "outflow (M)": 1.88}, {"rank": 12, "name": "HSTECH Short", "outflow (M)": 1.04}, {"rank": 13, "name": "9999 Long", "outflow (M)": 0.92}, {"rank": 14, "name": "0005 Short", "outflow (M)": 0.9}, {"rank": 15, "name": "2319 Long", "outflow (M)": 0.82}, {"rank": 16, "name": "2018 Short", "outflow (M)": 0.7}, {"rank": 17, "name": "0823 Long", "outflow (M)": 0.7}, {"rank": 18, "name": "0902 Long", "outflow (M)": 0.59}, {"rank": 19, "name": "JPYD= Short", "outflow (M)": 0.56}, {"rank": 20, "name": "1801 Long", "outflow (M)": 0.5}], "stats": {"hsi long pos": "+523.17M", "hsi short pos:": "-320.24M", "stocks long pos": "+254.22M", "stocks short pos": "-54.62M"}}