{"top20inflow_20d": [{"rank": 1, "name": "HSI Short", "inflow (M)": 114.61}, {"rank": 2, "name": "1299 Long", "inflow (M)": 62.47}, {"rank": 3, "name": "9988 Long", "inflow (M)": 43.84}, {"rank": 4, "name": "0388 Long", "inflow (M)": 39.66}, {"rank": 5, "name": "0700 Short", "inflow (M)": 38.15}, {"rank": 6, "name": "1810 Long", "inflow (M)": 24.45}, {"rank": 7, "name": "3690 Short", "inflow (M)": 20.1}, {"rank": 8, "name": "2269 Long", "inflow (M)": 19.34}, {"rank": 9, "name": "0941 Long", "inflow (M)": 13.74}, {"rank": 10, "name": "NDX Long", "inflow (M)": 12.7}, {"rank": 11, "name": "2318 Long", "inflow (M)": 12.11}, {"rank": 12, "name": "2382 Long", "inflow (M)": 8.04}, {"rank": 13, "name": "0981 Long", "inflow (M)": 7.74}, {"rank": 14, "name": "2015 Long", "inflow (M)": 6.61}, {"rank": 15, "name": "1810 Short", "inflow (M)": 6.42}, {"rank": 16, "name": "DJI Short", "inflow (M)": 5.94}, {"rank": 17, "name": "9868 Long", "inflow (M)": 5.58}, {"rank": 18, "name": "1024 Long", "inflow (M)": 5.2}, {"rank": 19, "name": "2883 Long", "inflow (M)": 5.07}, {"rank": 20, "name": "9999 Long", "inflow (M)": 4.56}], "top20outflow_20d": [{"rank": 1, "name": "3690 Long", "outflow (M)": 85.96}, {"rank": 2, "name": "HSI Long", "outflow (M)": 41.81}, {"rank": 3, "name": "0700 Long", "outflow (M)": 38.01}, {"rank": 4, "name": "0005 Long", "outflow (M)": 13.38}, {"rank": 5, "name": "9618 Long", "outflow (M)": 7.72}, {"rank": 6, "name": "0388 Short", "outflow (M)": 7.2}, {"rank": 7, "name": "1109 Long", "outflow (M)": 5.26}, {"rank": 8, "name": "3968 Long", "outflow (M)": 5.26}, {"rank": 9, "name": "2015 Short", "outflow (M)": 4.47}, {"rank": 10, "name": "2840 Long", "outflow (M)": 3.11}, {"rank": 11, "name": "0386 Long", "outflow (M)": 2.6}, {"rank": 12, "name": "9626 Long", "outflow (M)": 2.36}, {"rank": 13, "name": "3988 Long", "outflow (M)": 2.26}, {"rank": 14, "name": "9868 Short", "outflow (M)": 2.18}, {"rank": 15, "name": "1299 Short", "outflow (M)": 1.88}, {"rank": 16, "name": "1357 Long", "outflow (M)": 1.74}, {"rank": 17, "name": "2020 Long", "outflow (M)": 1.63}, {"rank": 18, "name": "0857 Long", "outflow (M)": 1.56}, {"rank": 19, "name": "9999 Short", "outflow (M)": 1.45}, {"rank": 20, "name": "9961 Long", "outflow (M)": 1.36}], "stats": {"hsi long pos": "-41.81M", "hsi short pos:": "+114.61M", "stocks long pos": "+122.94M", "stocks short pos": "+63.17M"}}