{"top20inflow_10d": [{"rank": 1, "name": "0388 Long", "inflow (M)": 38.81}, {"rank": 2, "name": "HSI Short", "inflow (M)": 37.14}, {"rank": 3, "name": "0700 Short", "inflow (M)": 30.33}, {"rank": 4, "name": "1299 Long", "inflow (M)": 27.87}, {"rank": 5, "name": "3690 Short", "inflow (M)": 26.3}, {"rank": 6, "name": "9988 Long", "inflow (M)": 17.69}, {"rank": 7, "name": "1211 Long", "inflow (M)": 12.26}, {"rank": 8, "name": "1810 Long", "inflow (M)": 11.14}, {"rank": 9, "name": "2318 Long", "inflow (M)": 9.1}, {"rank": 10, "name": "2382 Long", "inflow (M)": 6.29}, {"rank": 11, "name": "0981 Long", "inflow (M)": 5.92}, {"rank": 12, "name": "HSI Long", "inflow (M)": 4.95}, {"rank": 13, "name": "9868 Long", "inflow (M)": 4.6}, {"rank": 14, "name": "2883 Long", "inflow (M)": 3.93}, {"rank": 15, "name": "9888 Long", "inflow (M)": 3.67}, {"rank": 16, "name": "1810 Short", "inflow (M)": 3.59}, {"rank": 17, "name": "DJI Short", "inflow (M)": 3.09}, {"rank": 18, "name": "2015 Long", "inflow (M)": 2.99}, {"rank": 19, "name": "1024 Long", "inflow (M)": 2.64}, {"rank": 20, "name": "9999 Long", "inflow (M)": 2.6}], "top20outflow_10d": [{"rank": 1, "name": "3690 Long", "outflow (M)": 34.78}, {"rank": 2, "name": "0700 Long", "outflow (M)": 19.76}, {"rank": 3, "name": "0005 Long", "outflow (M)": 9.81}, {"rank": 4, "name": "0941 Long", "outflow (M)": 8.37}, {"rank": 5, "name": "1211 Short", "outflow (M)": 7.36}, {"rank": 6, "name": "0388 Short", "outflow (M)": 5.94}, {"rank": 7, "name": "9618 Long", "outflow (M)": 4.32}, {"rank": 8, "name": "9868 Short", "outflow (M)": 3.04}, {"rank": 9, "name": "3968 Long", "outflow (M)": 2.33}, {"rank": 10, "name": "0358 Long", "outflow (M)": 2.27}, {"rank": 11, "name": "0883 Long", "outflow (M)": 1.92}, {"rank": 12, "name": "2899 Long", "outflow (M)": 1.87}, {"rank": 13, "name": "9618 Short", "outflow (M)": 1.73}, {"rank": 14, "name": "2600 Long", "outflow (M)": 1.66}, {"rank": 15, "name": "0175 Long", "outflow (M)": 1.47}, {"rank": 16, "name": "0939 Long", "outflow (M)": 1.44}, {"rank": 17, "name": "9961 Long", "outflow (M)": 1.3}, {"rank": 18, "name": "3888 Long", "outflow (M)": 1.0}, {"rank": 19, "name": "1818 Long", "outflow (M)": 1.0}, {"rank": 20, "name": "2382 Short", "outflow (M)": 0.99}], "stats": {"hsi long pos": "+4.95M", "hsi short pos:": "+37.14M", "stocks long pos": "+65.01M", "stocks short pos": "+49.89M"}}