{"top20inflow_1d": [{"rank": 1, "name": "HSI Long", "inflow (M)": 16.74}, {"rank": 2, "name": "3690 Short", "inflow (M)": 10.65}, {"rank": 3, "name": "9988 Long", "inflow (M)": 4.93}, {"rank": 4, "name": "2015 Long", "inflow (M)": 4.39}, {"rank": 5, "name": "0700 Long", "inflow (M)": 3.15}, {"rank": 6, "name": "3968 Long", "inflow (M)": 2.9}, {"rank": 7, "name": "0027 Long", "inflow (M)": 1.68}, {"rank": 8, "name": "0883 Long", "inflow (M)": 1.22}, {"rank": 9, "name": "0005 Long", "inflow (M)": 1.05}, {"rank": 10, "name": "1928 Long", "inflow (M)": 0.89}, {"rank": 11, "name": "2318 Long", "inflow (M)": 0.87}, {"rank": 12, "name": "0388 Long", "inflow (M)": 0.77}, {"rank": 13, "name": "1810 Long", "inflow (M)": 0.73}, {"rank": 14, "name": "2359 Long", "inflow (M)": 0.68}, {"rank": 15, "name": "0857 Long", "inflow (M)": 0.64}, {"rank": 16, "name": "1024 Long", "inflow (M)": 0.58}, {"rank": 17, "name": "0017 Long", "inflow (M)": 0.55}, {"rank": 18, "name": "1211 Long", "inflow (M)": 0.54}, {"rank": 19, "name": "0386 Long", "inflow (M)": 0.48}, {"rank": 20, "name": "NDX Short", "inflow (M)": 0.42}], "top20outflow_1d": [{"rank": 1, "name": "3690 Long", "outflow (M)": 8.18}, {"rank": 2, "name": "HSI Short", "outflow (M)": 7.02}, {"rank": 3, "name": "2015 Short", "outflow (M)": 6.09}, {"rank": 4, "name": "1211 Short", "outflow (M)": 2.62}, {"rank": 5, "name": "9988 Short", "outflow (M)": 2.11}, {"rank": 6, "name": "0941 Long", "outflow (M)": 1.51}, {"rank": 7, "name": "2269 Long", "outflow (M)": 1.3}, {"rank": 8, "name": "HSCE Long", "outflow (M)": 1.01}, {"rank": 9, "name": "2269 Short", "outflow (M)": 0.8}, {"rank": 10, "name": "9961 Short", "outflow (M)": 0.76}, {"rank": 11, "name": "0027 Short", "outflow (M)": 0.74}, {"rank": 12, "name": "0992 Long", "outflow (M)": 0.68}, {"rank": 13, "name": "0388 Short", "outflow (M)": 0.63}, {"rank": 14, "name": "1299 Long", "outflow (M)": 0.56}, {"rank": 15, "name": "0700 Short", "outflow (M)": 0.46}, {"rank": 16, "name": "0902 Long", "outflow (M)": 0.42}, {"rank": 17, "name": "0011 Long", "outflow (M)": 0.38}, {"rank": 18, "name": "2840 Long", "outflow (M)": 0.35}, {"rank": 19, "name": "9888 Long", "outflow (M)": 0.31}, {"rank": 20, "name": "0669 Long", "outflow (M)": 0.27}], "stats": {"hsi long pos": "+16.74M", "hsi short pos:": "-7.02M", "stocks long pos": "+16.88M", "stocks short pos": "-3.75M"}}