{"top20inflow_20d": [{"rank": 1, "name": "HSI Long", "inflow (M)": 759.61}, {"rank": 2, "name": "9988 Long", "inflow (M)": 114.77}, {"rank": 3, "name": "3690 Long", "inflow (M)": 109.57}, {"rank": 4, "name": "0388 Long", "inflow (M)": 47.72}, {"rank": 5, "name": "2318 Long", "inflow (M)": 41.38}, {"rank": 6, "name": "1211 Long", "inflow (M)": 38.26}, {"rank": 7, "name": "9988 Short", "inflow (M)": 33.37}, {"rank": 8, "name": "0700 Short", "inflow (M)": 31.31}, {"rank": 9, "name": "1810 Long", "inflow (M)": 27.98}, {"rank": 10, "name": "DJI Short", "inflow (M)": 14.88}, {"rank": 11, "name": "NDX Short", "inflow (M)": 11.24}, {"rank": 12, "name": "1299 Long", "inflow (M)": 10.32}, {"rank": 13, "name": "0175 Long", "inflow (M)": 10.11}, {"rank": 14, "name": "2269 Long", "inflow (M)": 8.55}, {"rank": 15, "name": "0027 Long", "inflow (M)": 5.32}, {"rank": 16, "name": "3968 Long", "inflow (M)": 4.62}, {"rank": 17, "name": "HSTECH Long", "inflow (M)": 4.48}, {"rank": 18, "name": "1810 Short", "inflow (M)": 3.93}, {"rank": 19, "name": "6862 Long", "inflow (M)": 3.7}, {"rank": 20, "name": "1928 Long", "inflow (M)": 3.67}], "top20outflow_20d": [{"rank": 1, "name": "HSI Short", "outflow (M)": 149.39}, {"rank": 2, "name": "1211 Short", "outflow (M)": 12.63}, {"rank": 3, "name": "0700 Long", "outflow (M)": 12.46}, {"rank": 4, "name": "0388 Short", "outflow (M)": 8.22}, {"rank": 5, "name": "3690 Short", "outflow (M)": 5.68}, {"rank": 6, "name": "0005 Long", "outflow (M)": 4.09}, {"rank": 7, "name": "9618 Long", "outflow (M)": 3.63}, {"rank": 8, "name": "0981 Short", "outflow (M)": 3.08}, {"rank": 9, "name": "0902 Long", "outflow (M)": 1.91}, {"rank": 10, "name": "1299 Short", "outflow (M)": 1.84}, {"rank": 11, "name": "2018 Long", "outflow (M)": 1.46}, {"rank": 12, "name": "9992 Long", "outflow (M)": 1.4}, {"rank": 13, "name": "0135 Long", "outflow (M)": 1.34}, {"rank": 14, "name": "1024 Long", "outflow (M)": 1.19}, {"rank": 15, "name": "2269 Short", "outflow (M)": 1.19}, {"rank": 16, "name": "0669 Long", "outflow (M)": 1.09}, {"rank": 17, "name": "0857 Short", "outflow (M)": 1.06}, {"rank": 18, "name": "3988 Short", "outflow (M)": 0.93}, {"rank": 19, "name": "SPX Long", "outflow (M)": 0.78}, {"rank": 20, "name": "0489 Long", "outflow (M)": 0.73}], "stats": {"hsi long pos": "+759.61M", "hsi short pos:": "-149.39M", "stocks long pos": "+458.62M", "stocks short pos": "+40.60M"}}