{"top20inflow_20d": [{"rank": 1, "name": "HSI Long", "inflow (M)": 570.3}, {"rank": 2, "name": "3690 Long", "inflow (M)": 51.74}, {"rank": 3, "name": "0700 Long", "inflow (M)": 43.35}, {"rank": 4, "name": "9988 Long", "inflow (M)": 39.12}, {"rank": 5, "name": "2269 Long", "inflow (M)": 23.04}, {"rank": 6, "name": "9988 Short", "inflow (M)": 21.49}, {"rank": 7, "name": "0388 Long", "inflow (M)": 20.38}, {"rank": 8, "name": "1211 Long", "inflow (M)": 17.63}, {"rank": 9, "name": "2318 Long", "inflow (M)": 16.56}, {"rank": 10, "name": "3968 Long", "inflow (M)": 13.83}, {"rank": 11, "name": "2269 Short", "inflow (M)": 11.99}, {"rank": 12, "name": "0883 Long", "inflow (M)": 10.68}, {"rank": 13, "name": "1810 Long", "inflow (M)": 10.49}, {"rank": 14, "name": "0981 Long", "inflow (M)": 10.25}, {"rank": 15, "name": "JPYD Long", "inflow (M)": 9.96}, {"rank": 16, "name": "HSTECH Long", "inflow (M)": 8.36}, {"rank": 17, "name": "3690 Short", "inflow (M)": 7.56}, {"rank": 18, "name": "NDX Short", "inflow (M)": 7.55}, {"rank": 19, "name": "SPX Short", "inflow (M)": 7.32}, {"rank": 20, "name": "9618 Long", "inflow (M)": 6.54}], "top20outflow_20d": [{"rank": 1, "name": "HSI Short", "outflow (M)": 129.69}, {"rank": 2, "name": "1211 Short", "outflow (M)": 46.98}, {"rank": 3, "name": "0700 Short", "outflow (M)": 35.17}, {"rank": 4, "name": "0388 Short", "outflow (M)": 8.34}, {"rank": 5, "name": "1810 Short", "outflow (M)": 2.82}, {"rank": 6, "name": "0992 Short", "outflow (M)": 2.31}, {"rank": 7, "name": "0354 Long", "outflow (M)": 2.26}, {"rank": 8, "name": "3988 Short", "outflow (M)": 1.98}, {"rank": 9, "name": "2015 Short", "outflow (M)": 1.56}, {"rank": 10, "name": "HSTECH Short", "outflow (M)": 1.06}, {"rank": 11, "name": "1398 Long", "outflow (M)": 1.02}, {"rank": 12, "name": "NDX Long", "outflow (M)": 0.92}, {"rank": 13, "name": "0857 Long", "outflow (M)": 0.82}, {"rank": 14, "name": "9618 Short", "outflow (M)": 0.76}, {"rank": 15, "name": "0788 Long", "outflow (M)": 0.69}, {"rank": 16, "name": "9888 Short", "outflow (M)": 0.6}, {"rank": 17, "name": "2331 Long", "outflow (M)": 0.55}, {"rank": 18, "name": "2018 Short", "outflow (M)": 0.49}, {"rank": 19, "name": "1658 Long", "outflow (M)": 0.49}, {"rank": 20, "name": "1024 Short", "outflow (M)": 0.46}], "stats": {"hsi long pos": "+578.21M", "hsi short pos:": "-165.56M", "stocks long pos": "+332.19M", "stocks short pos": "-56.51M"}}