{"top20inflow_1d": [{"rank": 1, "name": "HSI Long", "inflow (M)": 54.04}, {"rank": 2, "name": "3690 Long", "inflow (M)": 10.63}, {"rank": 3, "name": "0700 Long", "inflow (M)": 5.28}, {"rank": 4, "name": "0388 Long", "inflow (M)": 3.9}, {"rank": 5, "name": "2318 Long", "inflow (M)": 2.22}, {"rank": 6, "name": "9988 Long", "inflow (M)": 2.19}, {"rank": 7, "name": "1810 Long", "inflow (M)": 1.9}, {"rank": 8, "name": "HSTECH Long", "inflow (M)": 1.53}, {"rank": 9, "name": "0883 Long", "inflow (M)": 1.43}, {"rank": 10, "name": "9618 Long", "inflow (M)": 1.23}, {"rank": 11, "name": "2020 Short", "inflow (M)": 1.15}, {"rank": 12, "name": "0027 Long", "inflow (M)": 0.85}, {"rank": 13, "name": "9868 Long", "inflow (M)": 0.8}, {"rank": 14, "name": "1211 Short", "inflow (M)": 0.68}, {"rank": 15, "name": "1299 Long", "inflow (M)": 0.61}, {"rank": 16, "name": "DJI Short", "inflow (M)": 0.47}, {"rank": 17, "name": "0981 Long", "inflow (M)": 0.42}, {"rank": 18, "name": "0005 Short", "inflow (M)": 0.41}, {"rank": 19, "name": "0005 Long", "inflow (M)": 0.4}, {"rank": 20, "name": "2269 Long", "inflow (M)": 0.35}], "top20outflow_1d": [{"rank": 1, "name": "HSI Short", "outflow (M)": 25.82}, {"rank": 2, "name": "0700 Short", "outflow (M)": 7.24}, {"rank": 3, "name": "1810 Short", "outflow (M)": 1.19}, {"rank": 4, "name": "0388 Short", "outflow (M)": 0.74}, {"rank": 5, "name": "2382 Short", "outflow (M)": 0.52}, {"rank": 6, "name": "3988 Short", "outflow (M)": 0.28}, {"rank": 7, "name": "1024 Short", "outflow (M)": 0.27}, {"rank": 8, "name": "2899 Short", "outflow (M)": 0.26}, {"rank": 9, "name": "9988 Short", "outflow (M)": 0.22}, {"rank": 10, "name": "0857 Long", "outflow (M)": 0.22}, {"rank": 11, "name": "2015 Short", "outflow (M)": 0.22}, {"rank": 12, "name": "1299 Short", "outflow (M)": 0.21}, {"rank": 13, "name": "JPYD= Long", "outflow (M)": 0.16}, {"rank": 14, "name": "2020 Long", "outflow (M)": 0.16}, {"rank": 15, "name": "1024 Long", "outflow (M)": 0.15}, {"rank": 16, "name": "2319 Long", "outflow (M)": 0.12}, {"rank": 17, "name": "9888 Short", "outflow (M)": 0.11}, {"rank": 18, "name": "0981 Short", "outflow (M)": 0.09}, {"rank": 19, "name": "2015 Long", "outflow (M)": 0.08}, {"rank": 20, "name": "2318 Short", "outflow (M)": 0.08}], "stats": {"hsi long pos": "+95.65M", "hsi short pos:": "-47.16M", "stocks long pos": "+42.17M", "stocks short pos": "-7.78M"}}