{"top20inflow_1d": [{"rank": 1, "name": "2015 Short", "inflow (M)": 8.53}, {"rank": 2, "name": "9888 Long", "inflow (M)": 2.65}, {"rank": 3, "name": "3690 Long", "inflow (M)": 1.98}, {"rank": 4, "name": "1211 Long", "inflow (M)": 1.33}, {"rank": 5, "name": "1024 Long", "inflow (M)": 1.26}, {"rank": 6, "name": "JPYD Long", "inflow (M)": 1.06}, {"rank": 7, "name": "1357 Long", "inflow (M)": 0.71}, {"rank": 8, "name": "1347 Long", "inflow (M)": 0.61}, {"rank": 9, "name": "0005 Long", "inflow (M)": 0.6}, {"rank": 10, "name": "0700 Short", "inflow (M)": 0.55}, {"rank": 11, "name": "2382 Long", "inflow (M)": 0.43}, {"rank": 12, "name": "9618 Long", "inflow (M)": 0.42}, {"rank": 13, "name": "9868 Long", "inflow (M)": 0.39}, {"rank": 14, "name": "1772 Long", "inflow (M)": 0.36}, {"rank": 15, "name": "N225 Short", "inflow (M)": 0.31}, {"rank": 16, "name": "0762 Long", "inflow (M)": 0.3}, {"rank": 17, "name": "2015 Long", "inflow (M)": 0.3}, {"rank": 18, "name": "0027 Long", "inflow (M)": 0.29}, {"rank": 19, "name": "2840 Long", "inflow (M)": 0.27}, {"rank": 20, "name": "3968 Long", "inflow (M)": 0.27}], "top20outflow_1d": [{"rank": 1, "name": "0700 Long", "outflow (M)": 4.12}, {"rank": 2, "name": "3690 Short", "outflow (M)": 2.52}, {"rank": 3, "name": "DJI Short", "outflow (M)": 1.06}, {"rank": 4, "name": "1299 Long", "outflow (M)": 0.89}, {"rank": 5, "name": "9868 Short", "outflow (M)": 0.79}, {"rank": 6, "name": "0388 Long", "outflow (M)": 0.73}, {"rank": 7, "name": "1810 Short", "outflow (M)": 0.47}, {"rank": 8, "name": "1211 Short", "outflow (M)": 0.39}, {"rank": 9, "name": "0902 Long", "outflow (M)": 0.32}, {"rank": 10, "name": "HSI Long", "outflow (M)": 0.18}, {"rank": 11, "name": "2269 Long", "outflow (M)": 0.18}, {"rank": 12, "name": "2331 Short", "outflow (M)": 0.16}, {"rank": 13, "name": "0857 Long", "outflow (M)": 0.16}, {"rank": 14, "name": "2318 Short", "outflow (M)": 0.16}, {"rank": 15, "name": "1024 Short", "outflow (M)": 0.16}, {"rank": 16, "name": "2359 Long", "outflow (M)": 0.16}, {"rank": 17, "name": "0772 Long", "outflow (M)": 0.15}, {"rank": 18, "name": "0883 Long", "outflow (M)": 0.14}, {"rank": 19, "name": "NDX Long", "outflow (M)": 0.11}, {"rank": 20, "name": "0916 Long", "outflow (M)": 0.11}], "stats": {"hsi long pos": "-0.18M", "hsi short pos:": "+5.94M", "stocks long pos": "+11.41M", "stocks short pos": "+8.67M"}}