{"top20inflow_1d": [{"rank": 1, "name": "HSI Short", "inflow (M)": 36.98}, {"rank": 2, "name": "0700 Short", "inflow (M)": 3.81}, {"rank": 3, "name": "2269 Long", "inflow (M)": 2.52}, {"rank": 4, "name": "3690 Short", "inflow (M)": 2.28}, {"rank": 5, "name": "1299 Long", "inflow (M)": 1.78}, {"rank": 6, "name": "3968 Short", "inflow (M)": 1.75}, {"rank": 7, "name": "HSTECH Long", "inflow (M)": 1.16}, {"rank": 8, "name": "1211 Long", "inflow (M)": 0.95}, {"rank": 9, "name": "0388 Long", "inflow (M)": 0.7}, {"rank": 10, "name": "1928 Long", "inflow (M)": 0.69}, {"rank": 11, "name": "2359 Long", "inflow (M)": 0.57}, {"rank": 12, "name": "0005 Long", "inflow (M)": 0.56}, {"rank": 13, "name": "1299 Short", "inflow (M)": 0.45}, {"rank": 14, "name": "JPYD Long", "inflow (M)": 0.44}, {"rank": 15, "name": "0005 Short", "inflow (M)": 0.41}, {"rank": 16, "name": "2333 Long", "inflow (M)": 0.37}, {"rank": 17, "name": "N225 Short", "inflow (M)": 0.36}, {"rank": 18, "name": "2020 Long", "inflow (M)": 0.34}, {"rank": 19, "name": "1772 Long", "inflow (M)": 0.33}, {"rank": 20, "name": "0175 Long", "inflow (M)": 0.29}], "top20outflow_1d": [{"rank": 1, "name": "HSI Long", "outflow (M)": 4.86}, {"rank": 2, "name": "3690 Long", "outflow (M)": 4.17}, {"rank": 3, "name": "9988 Short", "outflow (M)": 2.94}, {"rank": 4, "name": "2318 Long", "outflow (M)": 2.88}, {"rank": 5, "name": "9988 Long", "outflow (M)": 2.66}, {"rank": 6, "name": "1211 Short", "outflow (M)": 1.17}, {"rank": 7, "name": "0027 Long", "outflow (M)": 1.08}, {"rank": 8, "name": "0700 Long", "outflow (M)": 1.04}, {"rank": 9, "name": "9888 Long", "outflow (M)": 0.93}, {"rank": 10, "name": "0388 Short", "outflow (M)": 0.78}, {"rank": 11, "name": "9868 Short", "outflow (M)": 0.73}, {"rank": 12, "name": "DJI Short", "outflow (M)": 0.7}, {"rank": 13, "name": "9618 Short", "outflow (M)": 0.66}, {"rank": 14, "name": "3968 Long", "outflow (M)": 0.66}, {"rank": 15, "name": "9999 Short", "outflow (M)": 0.49}, {"rank": 16, "name": "2269 Short", "outflow (M)": 0.44}, {"rank": 17, "name": "1810 Long", "outflow (M)": 0.29}, {"rank": 18, "name": "9888 Short", "outflow (M)": 0.22}, {"rank": 19, "name": "2600 Long", "outflow (M)": 0.22}, {"rank": 20, "name": "2318 Short", "outflow (M)": 0.21}], "stats": {"hsi long pos": "+8.90M", "hsi short pos:": "+63.53M", "stocks long pos": "-1.74M", "stocks short pos": "+3.04M"}}