{"top20inflow_10d": [{"rank": 1, "name": "HSI Short", "inflow (M)": 176.49}, {"rank": 2, "name": "0700 Long", "inflow (M)": 67.54}, {"rank": 3, "name": "3690 Short", "inflow (M)": 21.74}, {"rank": 4, "name": "9988 Long", "inflow (M)": 19.67}, {"rank": 5, "name": "9888 Long", "inflow (M)": 17.34}, {"rank": 6, "name": "0388 Long", "inflow (M)": 16.07}, {"rank": 7, "name": "1211 Short", "inflow (M)": 13.84}, {"rank": 8, "name": "2318 Long", "inflow (M)": 7.83}, {"rank": 9, "name": "0005 Long", "inflow (M)": 7.25}, {"rank": 10, "name": "0941 Long", "inflow (M)": 5.86}, {"rank": 11, "name": "2015 Short", "inflow (M)": 5.25}, {"rank": 12, "name": "9961 Long", "inflow (M)": 4.87}, {"rank": 13, "name": "1299 Long", "inflow (M)": 4.77}, {"rank": 14, "name": "1810 Long", "inflow (M)": 4.68}, {"rank": 15, "name": "9618 Long", "inflow (M)": 4.48}, {"rank": 16, "name": "0027 Long", "inflow (M)": 4.32}, {"rank": 17, "name": "9961 Short", "inflow (M)": 3.93}, {"rank": 18, "name": "0883 Short", "inflow (M)": 2.93}, {"rank": 19, "name": "1810 Short", "inflow (M)": 2.86}, {"rank": 20, "name": "9999 Long", "inflow (M)": 2.82}], "top20outflow_10d": [{"rank": 1, "name": "HSI Long", "outflow (M)": 66.94}, {"rank": 2, "name": "0700 Short", "outflow (M)": 12.62}, {"rank": 3, "name": "HSTECH Long", "outflow (M)": 7.19}, {"rank": 4, "name": "0388 Short", "outflow (M)": 4.99}, {"rank": 5, "name": "2269 Short", "outflow (M)": 4.84}, {"rank": 6, "name": "2269 Long", "outflow (M)": 3.6}, {"rank": 7, "name": "0992 Long", "outflow (M)": 3.43}, {"rank": 8, "name": "3690 Long", "outflow (M)": 3.4}, {"rank": 9, "name": "9988 Short", "outflow (M)": 3.11}, {"rank": 10, "name": "3968 Short", "outflow (M)": 2.49}, {"rank": 11, "name": "0939 Long", "outflow (M)": 1.9}, {"rank": 12, "name": "1211 Long", "outflow (M)": 1.78}, {"rank": 13, "name": "2382 Short", "outflow (M)": 1.47}, {"rank": 14, "name": "0788 Long", "outflow (M)": 1.42}, {"rank": 15, "name": "0005 Short", "outflow (M)": 1.36}, {"rank": 16, "name": "JPYD= Long", "outflow (M)": 1.31}, {"rank": 17, "name": "0175 Long", "outflow (M)": 1.23}, {"rank": 18, "name": "0027 Short", "outflow (M)": 1.18}, {"rank": 19, "name": "1398 Long", "outflow (M)": 0.96}, {"rank": 20, "name": "1299 Short", "outflow (M)": 0.96}], "stats": {"hsi long pos": "-66.94M", "hsi short pos:": "+176.49M", "stocks long pos": "+174.94M", "stocks short pos": "+19.94M"}}