{"top20inflow_10d": [{"rank": 1, "name": "HSI Short", "inflow (M)": 172.44}, {"rank": 2, "name": "9988 Long", "inflow (M)": 33.6}, {"rank": 3, "name": "3690 Short", "inflow (M)": 27.11}, {"rank": 4, "name": "0700 Short", "inflow (M)": 14.55}, {"rank": 5, "name": "NDX Long", "inflow (M)": 14.29}, {"rank": 6, "name": "9618 Short", "inflow (M)": 12.33}, {"rank": 7, "name": "9888 Long", "inflow (M)": 9.93}, {"rank": 8, "name": "0883 Long", "inflow (M)": 7.87}, {"rank": 9, "name": "2015 Long", "inflow (M)": 7.55}, {"rank": 10, "name": "1211 Short", "inflow (M)": 6.53}, {"rank": 11, "name": "0941 Long", "inflow (M)": 5.46}, {"rank": 12, "name": "1810 Long", "inflow (M)": 4.95}, {"rank": 13, "name": "0823 Long", "inflow (M)": 4.11}, {"rank": 14, "name": "0388 Long", "inflow (M)": 3.75}, {"rank": 15, "name": "0388 Short", "inflow (M)": 3.57}, {"rank": 16, "name": "SPX Long", "inflow (M)": 3.49}, {"rank": 17, "name": "0005 Short", "inflow (M)": 2.97}, {"rank": 18, "name": "9961 Long", "inflow (M)": 2.61}, {"rank": 19, "name": "1810 Short", "inflow (M)": 2.52}, {"rank": 20, "name": "9618 Long", "inflow (M)": 2.47}], "top20outflow_10d": [{"rank": 1, "name": "HSI Long", "outflow (M)": 79.08}, {"rank": 2, "name": "3690 Long", "outflow (M)": 40.83}, {"rank": 3, "name": "0005 Long", "outflow (M)": 11.0}, {"rank": 4, "name": "2015 Short", "outflow (M)": 9.69}, {"rank": 5, "name": "1211 Long", "outflow (M)": 5.82}, {"rank": 6, "name": "0700 Long", "outflow (M)": 4.78}, {"rank": 7, "name": "0992 Long", "outflow (M)": 3.02}, {"rank": 8, "name": "9988 Short", "outflow (M)": 2.8}, {"rank": 9, "name": "2840 Long", "outflow (M)": 2.63}, {"rank": 10, "name": "2018 Long", "outflow (M)": 2.47}, {"rank": 11, "name": "3968 Long", "outflow (M)": 2.23}, {"rank": 12, "name": "9961 Short", "outflow (M)": 2.18}, {"rank": 13, "name": "0027 Short", "outflow (M)": 2.0}, {"rank": 14, "name": "2822 Long", "outflow (M)": 1.81}, {"rank": 15, "name": "1299 Short", "outflow (M)": 1.73}, {"rank": 16, "name": "HSTECH Long", "outflow (M)": 1.44}, {"rank": 17, "name": "2333 Long", "outflow (M)": 1.34}, {"rank": 18, "name": "3988 Long", "outflow (M)": 1.23}, {"rank": 19, "name": "2899 Long", "outflow (M)": 1.04}, {"rank": 20, "name": "2331 Long", "outflow (M)": 1.01}], "stats": {"hsi long pos": "-84.95M", "hsi short pos:": "+186.22M", "stocks long pos": "+22.84M", "stocks short pos": "+59.85M"}}