{"top20inflow_20d": [{"rank": 1, "name": "HSI Long", "inflow (M)": 907.64}, {"rank": 2, "name": "3690 Long", "inflow (M)": 137.85}, {"rank": 3, "name": "9988 Long", "inflow (M)": 107.22}, {"rank": 4, "name": "0388 Long", "inflow (M)": 73.0}, {"rank": 5, "name": "1211 Long", "inflow (M)": 52.56}, {"rank": 6, "name": "0700 Short", "inflow (M)": 27.96}, {"rank": 7, "name": "2318 Long", "inflow (M)": 16.17}, {"rank": 8, "name": "1299 Long", "inflow (M)": 14.16}, {"rank": 9, "name": "DJI Short", "inflow (M)": 13.48}, {"rank": 10, "name": "2269 Long", "inflow (M)": 12.74}, {"rank": 11, "name": "1810 Long", "inflow (M)": 12.59}, {"rank": 12, "name": "HSTECH Long", "inflow (M)": 8.27}, {"rank": 13, "name": "0175 Long", "inflow (M)": 7.98}, {"rank": 14, "name": "0700 Long", "inflow (M)": 7.19}, {"rank": 15, "name": "1024 Long", "inflow (M)": 6.69}, {"rank": 16, "name": "3968 Long", "inflow (M)": 5.37}, {"rank": 17, "name": "0005 Short", "inflow (M)": 2.9}, {"rank": 18, "name": "0027 Long", "inflow (M)": 2.57}, {"rank": 19, "name": "9999 Long", "inflow (M)": 2.45}, {"rank": 20, "name": "0753 Long", "inflow (M)": 2.44}], "top20outflow_20d": [{"rank": 1, "name": "HSI Short", "outflow (M)": 214.86}, {"rank": 2, "name": "1211 Short", "outflow (M)": 21.73}, {"rank": 3, "name": "3690 Short", "outflow (M)": 16.49}, {"rank": 4, "name": "1810 Short", "outflow (M)": 12.27}, {"rank": 5, "name": "0388 Short", "outflow (M)": 8.07}, {"rank": 6, "name": "0005 Long", "outflow (M)": 4.91}, {"rank": 7, "name": "0941 Long", "outflow (M)": 4.31}, {"rank": 8, "name": "1299 Short", "outflow (M)": 4.02}, {"rank": 9, "name": "9618 Long", "outflow (M)": 3.95}, {"rank": 10, "name": "2318 Short", "outflow (M)": 3.08}, {"rank": 11, "name": "0354 Long", "outflow (M)": 2.63}, {"rank": 12, "name": "0857 Long", "outflow (M)": 2.39}, {"rank": 13, "name": "0902 Long", "outflow (M)": 2.16}, {"rank": 14, "name": "2015 Long", "outflow (M)": 1.72}, {"rank": 15, "name": "2269 Short", "outflow (M)": 1.36}, {"rank": 16, "name": "0981 Short", "outflow (M)": 1.32}, {"rank": 17, "name": "0823 Long", "outflow (M)": 1.3}, {"rank": 18, "name": "HSTECH Short", "outflow (M)": 1.19}, {"rank": 19, "name": "2382 Long", "outflow (M)": 1.18}, {"rank": 20, "name": "EUR= Short", "outflow (M)": 1.11}], "stats": {"hsi long pos": "+915.73M", "hsi short pos:": "-214.91M", "stocks long pos": "+477.44M", "stocks short pos": "-33.99M"}}