{"top20inflow_10d": [{"rank": 1, "name": "HSI Long", "inflow (M)": 100.17}, {"rank": 2, "name": "0700 Long", "inflow (M)": 26.02}, {"rank": 3, "name": "0883 Long", "inflow (M)": 22.16}, {"rank": 4, "name": "3690 Long", "inflow (M)": 17.69}, {"rank": 5, "name": "1211 Long", "inflow (M)": 17.58}, {"rank": 6, "name": "9988 Short", "inflow (M)": 15.37}, {"rank": 7, "name": "3968 Long", "inflow (M)": 14.1}, {"rank": 8, "name": "2269 Long", "inflow (M)": 10.95}, {"rank": 9, "name": "2269 Short", "inflow (M)": 10.76}, {"rank": 10, "name": "9999 Short", "inflow (M)": 9.98}, {"rank": 11, "name": "2318 Long", "inflow (M)": 9.71}, {"rank": 12, "name": "1810 Long", "inflow (M)": 6.59}, {"rank": 13, "name": "0981 Long", "inflow (M)": 5.72}, {"rank": 14, "name": "0992 Long", "inflow (M)": 5.23}, {"rank": 15, "name": "0388 Long", "inflow (M)": 5.08}, {"rank": 16, "name": "0005 Short", "inflow (M)": 4.43}, {"rank": 17, "name": "9988 Long", "inflow (M)": 4.38}, {"rank": 18, "name": "SPX Short", "inflow (M)": 4.08}, {"rank": 19, "name": "NDX Short", "inflow (M)": 3.88}, {"rank": 20, "name": "0388 Short", "inflow (M)": 3.79}], "top20outflow_10d": [{"rank": 1, "name": "0700 Short", "outflow (M)": 28.9}, {"rank": 2, "name": "1211 Short", "outflow (M)": 28.07}, {"rank": 3, "name": "HSI Short", "outflow (M)": 7.51}, {"rank": 4, "name": "1299 Long", "outflow (M)": 6.8}, {"rank": 5, "name": "9888 Long", "outflow (M)": 4.87}, {"rank": 6, "name": "0005 Long", "outflow (M)": 3.93}, {"rank": 7, "name": "0941 Long", "outflow (M)": 2.47}, {"rank": 8, "name": "0992 Short", "outflow (M)": 1.99}, {"rank": 9, "name": "0981 Short", "outflow (M)": 1.79}, {"rank": 10, "name": "2382 Short", "outflow (M)": 1.43}, {"rank": 11, "name": "0027 Long", "outflow (M)": 0.97}, {"rank": 12, "name": "9633 Long", "outflow (M)": 0.91}, {"rank": 13, "name": "0857 Long", "outflow (M)": 0.69}, {"rank": 14, "name": "2331 Long", "outflow (M)": 0.57}, {"rank": 15, "name": "9888 Short", "outflow (M)": 0.52}, {"rank": 16, "name": "1658 Long", "outflow (M)": 0.41}, {"rank": 17, "name": "2018 Short", "outflow (M)": 0.4}, {"rank": 18, "name": "0688 Long", "outflow (M)": 0.34}, {"rank": 19, "name": "1398 Long", "outflow (M)": 0.3}, {"rank": 20, "name": "1766 Long", "outflow (M)": 0.29}], "stats": {"hsi long pos": "+109.83M", "hsi short pos:": "+11.77M", "stocks long pos": "+143.85M", "stocks short pos": "-2.37M"}}