{"top20inflow_1d": [{"rank": 1, "name": "HSI Long", "inflow (M)": 134.32}, {"rank": 2, "name": "0700 Long", "inflow (M)": 26.03}, {"rank": 3, "name": "1211 Long", "inflow (M)": 14.9}, {"rank": 4, "name": "3690 Long", "inflow (M)": 6.76}, {"rank": 5, "name": "0388 Long", "inflow (M)": 5.96}, {"rank": 6, "name": "2269 Long", "inflow (M)": 2.9}, {"rank": 7, "name": "1299 Long", "inflow (M)": 2.74}, {"rank": 8, "name": "9988 Long", "inflow (M)": 2.33}, {"rank": 9, "name": "HSTECH Long", "inflow (M)": 1.84}, {"rank": 10, "name": "1810 Long", "inflow (M)": 1.75}, {"rank": 11, "name": "3690 Short", "inflow (M)": 1.42}, {"rank": 12, "name": "0175 Long", "inflow (M)": 1.32}, {"rank": 13, "name": "1211 Short", "inflow (M)": 1.11}, {"rank": 14, "name": "9618 Long", "inflow (M)": 1.07}, {"rank": 15, "name": "2013 Long", "inflow (M)": 1.05}, {"rank": 16, "name": "2800 Long", "inflow (M)": 1.0}, {"rank": 17, "name": "9999 Long", "inflow (M)": 0.87}, {"rank": 18, "name": "0981 Long", "inflow (M)": 0.86}, {"rank": 19, "name": "0939 Long", "inflow (M)": 0.78}, {"rank": 20, "name": "1929 Long", "inflow (M)": 0.64}], "top20outflow_1d": [{"rank": 1, "name": "HSI Short", "outflow (M)": 62.22}, {"rank": 2, "name": "0700 Short", "outflow (M)": 11.89}, {"rank": 3, "name": "9988 Short", "outflow (M)": 3.29}, {"rank": 4, "name": "9888 Long", "outflow (M)": 2.17}, {"rank": 5, "name": "1810 Short", "outflow (M)": 1.4}, {"rank": 6, "name": "0388 Short", "outflow (M)": 1.17}, {"rank": 7, "name": "1024 Short", "outflow (M)": 0.88}, {"rank": 8, "name": "1299 Short", "outflow (M)": 0.85}, {"rank": 9, "name": "2318 Long", "outflow (M)": 0.81}, {"rank": 10, "name": "0941 Long", "outflow (M)": 0.59}, {"rank": 11, "name": "1171 Long", "outflow (M)": 0.56}, {"rank": 12, "name": "2382 Short", "outflow (M)": 0.54}, {"rank": 13, "name": "0981 Short", "outflow (M)": 0.53}, {"rank": 14, "name": "0883 Long", "outflow (M)": 0.41}, {"rank": 15, "name": "EUR= Short", "outflow (M)": 0.34}, {"rank": 16, "name": "0005 Short", "outflow (M)": 0.33}, {"rank": 17, "name": "2333 Long", "outflow (M)": 0.28}, {"rank": 18, "name": "9961 Long", "outflow (M)": 0.19}, {"rank": 19, "name": "1928 Long", "outflow (M)": 0.18}, {"rank": 20, "name": "2018 Long", "outflow (M)": 0.18}], "stats": {"hsi long pos": "+134.32M", "hsi short pos:": "-62.22M", "stocks long pos": "+70.31M", "stocks short pos": "-17.72M"}}