{"top20inflow_5d": [{"rank": 1, "name": "HSI Long", "inflow (M)": 123.19}, {"rank": 2, "name": "0005 Long", "inflow (M)": 8.24}, {"rank": 3, "name": "2015 Short", "inflow (M)": 6.74}, {"rank": 4, "name": "9888 Long", "inflow (M)": 5.97}, {"rank": 5, "name": "0700 Long", "inflow (M)": 5.39}, {"rank": 6, "name": "9988 Long", "inflow (M)": 5.05}, {"rank": 7, "name": "1211 Short", "inflow (M)": 4.38}, {"rank": 8, "name": "JPYD Long", "inflow (M)": 3.21}, {"rank": 9, "name": "1810 Long", "inflow (M)": 2.96}, {"rank": 10, "name": "NDX Short", "inflow (M)": 2.48}, {"rank": 11, "name": "2318 Long", "inflow (M)": 2.47}, {"rank": 12, "name": "9618 Long", "inflow (M)": 2.4}, {"rank": 13, "name": "0981 Long", "inflow (M)": 2.35}, {"rank": 14, "name": "1347 Long", "inflow (M)": 2.07}, {"rank": 15, "name": "9868 Long", "inflow (M)": 1.82}, {"rank": 16, "name": "0388 Long", "inflow (M)": 1.78}, {"rank": 17, "name": "1024 Long", "inflow (M)": 1.59}, {"rank": 18, "name": "0992 Long", "inflow (M)": 1.57}, {"rank": 19, "name": "0354 Long", "inflow (M)": 1.48}, {"rank": 20, "name": "0941 Long", "inflow (M)": 1.47}], "top20outflow_5d": [{"rank": 1, "name": "HSI Short", "outflow (M)": 121.36}, {"rank": 2, "name": "3690 Short", "outflow (M)": 7.35}, {"rank": 3, "name": "1810 Short", "outflow (M)": 3.1}, {"rank": 4, "name": "1024 Short", "outflow (M)": 2.1}, {"rank": 5, "name": "0005 Short", "outflow (M)": 2.03}, {"rank": 6, "name": "0700 Short", "outflow (M)": 1.91}, {"rank": 7, "name": "9618 Short", "outflow (M)": 1.89}, {"rank": 8, "name": "3690 Long", "outflow (M)": 1.77}, {"rank": 9, "name": "9999 Short", "outflow (M)": 1.6}, {"rank": 10, "name": "9988 Short", "outflow (M)": 1.18}, {"rank": 11, "name": "2020 Short", "outflow (M)": 0.82}, {"rank": 12, "name": "2382 Short", "outflow (M)": 0.7}, {"rank": 13, "name": "0762 Long", "outflow (M)": 0.56}, {"rank": 14, "name": "9999 Long", "outflow (M)": 0.51}, {"rank": 15, "name": "9888 Short", "outflow (M)": 0.5}, {"rank": 16, "name": "2020 Long", "outflow (M)": 0.42}, {"rank": 17, "name": "DJI Short", "outflow (M)": 0.41}, {"rank": 18, "name": "0902 Long", "outflow (M)": 0.37}, {"rank": 19, "name": "2018 Short", "outflow (M)": 0.36}, {"rank": 20, "name": "2899 Long", "outflow (M)": 0.29}], "stats": {"hsi long pos": "+148.52M", "hsi short pos:": "-152.42M", "stocks long pos": "+60.74M", "stocks short pos": "-11.59M"}}