{"top20inflow_5d": [{"rank": 1, "name": "HSI Long", "inflow (M)": 84.88}, {"rank": 2, "name": "HSI Short", "inflow (M)": 20.38}, {"rank": 3, "name": "0388 Long", "inflow (M)": 8.67}, {"rank": 4, "name": "9988 Long", "inflow (M)": 6.84}, {"rank": 5, "name": "2318 Long", "inflow (M)": 4.61}, {"rank": 6, "name": "1211 Long", "inflow (M)": 4.17}, {"rank": 7, "name": "0700 Long", "inflow (M)": 4.01}, {"rank": 8, "name": "NDX Long", "inflow (M)": 3.76}, {"rank": 9, "name": "3690 Long", "inflow (M)": 3.72}, {"rank": 10, "name": "3690 Short", "inflow (M)": 3.5}, {"rank": 11, "name": "0981 Long", "inflow (M)": 3.17}, {"rank": 12, "name": "HSTECH Long", "inflow (M)": 2.64}, {"rank": 13, "name": "DJI Short", "inflow (M)": 2.36}, {"rank": 14, "name": "2331 Long", "inflow (M)": 1.94}, {"rank": 15, "name": "0883 Long", "inflow (M)": 1.92}, {"rank": 16, "name": "3968 Long", "inflow (M)": 1.66}, {"rank": 17, "name": "0354 Long", "inflow (M)": 1.44}, {"rank": 18, "name": "0941 Long", "inflow (M)": 1.38}, {"rank": 19, "name": "2382 Short", "inflow (M)": 1.36}, {"rank": 20, "name": "2015 Short", "inflow (M)": 1.15}], "top20outflow_5d": [{"rank": 1, "name": "9988 Short", "outflow (M)": 7.58}, {"rank": 2, "name": "1211 Short", "outflow (M)": 4.84}, {"rank": 3, "name": "0388 Short", "outflow (M)": 4.57}, {"rank": 4, "name": "1810 Long", "outflow (M)": 3.81}, {"rank": 5, "name": "1299 Long", "outflow (M)": 2.96}, {"rank": 6, "name": "0823 Long", "outflow (M)": 1.85}, {"rank": 7, "name": "9868 Long", "outflow (M)": 1.2}, {"rank": 8, "name": "0005 Long", "outflow (M)": 1.16}, {"rank": 9, "name": "0883 Short", "outflow (M)": 1.02}, {"rank": 10, "name": "2269 Short", "outflow (M)": 0.78}, {"rank": 11, "name": "1024 Long", "outflow (M)": 0.69}, {"rank": 12, "name": "2020 Long", "outflow (M)": 0.62}, {"rank": 13, "name": "0017 Long", "outflow (M)": 0.61}, {"rank": 14, "name": "9888 Long", "outflow (M)": 0.61}, {"rank": 15, "name": "0857 Short", "outflow (M)": 0.57}, {"rank": 16, "name": "0027 Long", "outflow (M)": 0.55}, {"rank": 17, "name": "0293 Long", "outflow (M)": 0.51}, {"rank": 18, "name": "0700 Short", "outflow (M)": 0.51}, {"rank": 19, "name": "2382 Long", "outflow (M)": 0.5}, {"rank": 20, "name": "SPX Short", "outflow (M)": 0.48}], "stats": {"hsi long pos": "+84.88M", "hsi short pos:": "+20.38M", "stocks long pos": "+35.25M", "stocks short pos": "-10.75M"}}