{"top20inflow_20d": [{"rank": 1, "name": "HSI Long", "inflow (M)": 863.42}, {"rank": 2, "name": "3690 Long", "inflow (M)": 143.86}, {"rank": 3, "name": "9988 Long", "inflow (M)": 118.43}, {"rank": 4, "name": "0388 Long", "inflow (M)": 67.0}, {"rank": 5, "name": "1211 Long", "inflow (M)": 49.71}, {"rank": 6, "name": "0700 Short", "inflow (M)": 22.9}, {"rank": 7, "name": "2318 Long", "inflow (M)": 19.91}, {"rank": 8, "name": "1299 Long", "inflow (M)": 14.67}, {"rank": 9, "name": "DJI Short", "inflow (M)": 14.61}, {"rank": 10, "name": "2269 Long", "inflow (M)": 12.22}, {"rank": 11, "name": "9988 Short", "inflow (M)": 11.85}, {"rank": 12, "name": "1810 Long", "inflow (M)": 9.59}, {"rank": 13, "name": "0700 Long", "inflow (M)": 9.53}, {"rank": 14, "name": "HSTECH Long", "inflow (M)": 7.47}, {"rank": 15, "name": "0175 Long", "inflow (M)": 7.42}, {"rank": 16, "name": "1024 Long", "inflow (M)": 6.88}, {"rank": 17, "name": "3968 Long", "inflow (M)": 5.26}, {"rank": 18, "name": "9999 Short", "inflow (M)": 4.65}, {"rank": 19, "name": "0027 Long", "inflow (M)": 4.64}, {"rank": 20, "name": "NDX Short", "inflow (M)": 4.04}], "top20outflow_20d": [{"rank": 1, "name": "HSI Short", "outflow (M)": 247.62}, {"rank": 2, "name": "1211 Short", "outflow (M)": 16.48}, {"rank": 3, "name": "3690 Short", "outflow (M)": 14.68}, {"rank": 4, "name": "1810 Short", "outflow (M)": 9.44}, {"rank": 5, "name": "9618 Long", "outflow (M)": 5.77}, {"rank": 6, "name": "1299 Short", "outflow (M)": 4.99}, {"rank": 7, "name": "0941 Long", "outflow (M)": 4.27}, {"rank": 8, "name": "0981 Short", "outflow (M)": 4.1}, {"rank": 9, "name": "0388 Short", "outflow (M)": 3.68}, {"rank": 10, "name": "2318 Short", "outflow (M)": 3.51}, {"rank": 11, "name": "0005 Long", "outflow (M)": 3.49}, {"rank": 12, "name": "2015 Short", "outflow (M)": 3.06}, {"rank": 13, "name": "0857 Long", "outflow (M)": 2.4}, {"rank": 14, "name": "0902 Long", "outflow (M)": 2.19}, {"rank": 15, "name": "0883 Long", "outflow (M)": 1.6}, {"rank": 16, "name": "2269 Short", "outflow (M)": 1.48}, {"rank": 17, "name": "2382 Short", "outflow (M)": 1.38}, {"rank": 18, "name": "HSTECH Short", "outflow (M)": 1.25}, {"rank": 19, "name": "6862 Long", "outflow (M)": 1.14}, {"rank": 20, "name": "9992 Long", "outflow (M)": 1.03}], "stats": {"hsi long pos": "+863.42M", "hsi short pos:": "-247.62M", "stocks long pos": "+495.84M", "stocks short pos": "-18.95M"}}