{"top20inflow_5d": [{"rank": 1, "name": "HSI Short", "inflow (M)": 98.37}, {"rank": 2, "name": "3690 Short", "inflow (M)": 8.82}, {"rank": 3, "name": "9988 Short", "inflow (M)": 4.53}, {"rank": 4, "name": "DJI Short", "inflow (M)": 3.69}, {"rank": 5, "name": "0883 Long", "inflow (M)": 3.53}, {"rank": 6, "name": "NDX Long", "inflow (M)": 3.44}, {"rank": 7, "name": "0941 Long", "inflow (M)": 3.31}, {"rank": 8, "name": "2318 Long", "inflow (M)": 2.92}, {"rank": 9, "name": "1810 Short", "inflow (M)": 2.73}, {"rank": 10, "name": "0981 Long", "inflow (M)": 2.7}, {"rank": 11, "name": "9999 Short", "inflow (M)": 2.39}, {"rank": 12, "name": "0388 Short", "inflow (M)": 2.2}, {"rank": 13, "name": "0354 Long", "inflow (M)": 1.62}, {"rank": 14, "name": "1299 Short", "inflow (M)": 1.6}, {"rank": 15, "name": "1797 Short", "inflow (M)": 1.25}, {"rank": 16, "name": "1211 Long", "inflow (M)": 1.09}, {"rank": 17, "name": "NDX Short", "inflow (M)": 0.94}, {"rank": 18, "name": "3968 Long", "inflow (M)": 0.85}, {"rank": 19, "name": "2840 Long", "inflow (M)": 0.83}, {"rank": 20, "name": "2015 Long", "inflow (M)": 0.8}], "top20outflow_5d": [{"rank": 1, "name": "HSI Long", "outflow (M)": 135.23}, {"rank": 2, "name": "0700 Long", "outflow (M)": 14.15}, {"rank": 3, "name": "0388 Long", "outflow (M)": 12.87}, {"rank": 4, "name": "1299 Long", "outflow (M)": 6.3}, {"rank": 5, "name": "1810 Long", "outflow (M)": 5.41}, {"rank": 6, "name": "0823 Long", "outflow (M)": 3.81}, {"rank": 7, "name": "0700 Short", "outflow (M)": 3.59}, {"rank": 8, "name": "3690 Long", "outflow (M)": 2.6}, {"rank": 9, "name": "1024 Long", "outflow (M)": 2.09}, {"rank": 10, "name": "9618 Long", "outflow (M)": 2.09}, {"rank": 11, "name": "1211 Short", "outflow (M)": 1.96}, {"rank": 12, "name": "2018 Long", "outflow (M)": 1.76}, {"rank": 13, "name": "9888 Short", "outflow (M)": 1.45}, {"rank": 14, "name": "9988 Long", "outflow (M)": 1.43}, {"rank": 15, "name": "9888 Long", "outflow (M)": 1.37}, {"rank": 16, "name": "9868 Long", "outflow (M)": 1.05}, {"rank": 17, "name": "0027 Long", "outflow (M)": 0.89}, {"rank": 18, "name": "0883 Short", "outflow (M)": 0.89}, {"rank": 19, "name": "0175 Long", "outflow (M)": 0.74}, {"rank": 20, "name": "1093 Long", "outflow (M)": 0.7}], "stats": {"hsi long pos": "-135.23M", "hsi short pos:": "+98.37M", "stocks long pos": "-36.56M", "stocks short pos": "+18.18M"}}