{"top20inflow_5d": [{"rank": 1, "name": "HSI Short", "inflow (M)": 73.08}, {"rank": 2, "name": "HSI Long", "inflow (M)": 39.54}, {"rank": 3, "name": "3690 Long", "inflow (M)": 17.49}, {"rank": 4, "name": "3690 Short", "inflow (M)": 11.63}, {"rank": 5, "name": "2269 Long", "inflow (M)": 10.18}, {"rank": 6, "name": "0700 Short", "inflow (M)": 10.07}, {"rank": 7, "name": "0388 Long", "inflow (M)": 7.06}, {"rank": 8, "name": "9988 Short", "inflow (M)": 6.51}, {"rank": 9, "name": "2318 Long", "inflow (M)": 4.41}, {"rank": 10, "name": "1299 Long", "inflow (M)": 3.53}, {"rank": 11, "name": "0175 Long", "inflow (M)": 3.53}, {"rank": 12, "name": "9618 Long", "inflow (M)": 3.47}, {"rank": 13, "name": "SPX Short", "inflow (M)": 3.04}, {"rank": 14, "name": "0939 Long", "inflow (M)": 2.98}, {"rank": 15, "name": "2269 Short", "inflow (M)": 2.64}, {"rank": 16, "name": "DJI Short", "inflow (M)": 2.51}, {"rank": 17, "name": "3968 Short", "inflow (M)": 1.81}, {"rank": 18, "name": "JPYD Long", "inflow (M)": 1.59}, {"rank": 19, "name": "1088 Long", "inflow (M)": 1.39}, {"rank": 20, "name": "1024 Short", "inflow (M)": 1.33}], "top20outflow_5d": [{"rank": 1, "name": "0883 Long", "outflow (M)": 30.84}, {"rank": 2, "name": "1211 Short", "outflow (M)": 29.22}, {"rank": 3, "name": "0700 Long", "outflow (M)": 11.27}, {"rank": 4, "name": "9999 Short", "outflow (M)": 3.26}, {"rank": 5, "name": "1299 Short", "outflow (M)": 2.06}, {"rank": 6, "name": "0941 Short", "outflow (M)": 1.13}, {"rank": 7, "name": "2318 Short", "outflow (M)": 1.07}, {"rank": 8, "name": "2020 Short", "outflow (M)": 0.95}, {"rank": 9, "name": "HSTECH Short", "outflow (M)": 0.89}, {"rank": 10, "name": "0960 Long", "outflow (M)": 0.82}, {"rank": 11, "name": "2331 Long", "outflow (M)": 0.78}, {"rank": 12, "name": "9988 Long", "outflow (M)": 0.75}, {"rank": 13, "name": "2823 Long", "outflow (M)": 0.69}, {"rank": 14, "name": "2015 Short", "outflow (M)": 0.66}, {"rank": 15, "name": "0992 Short", "outflow (M)": 0.63}, {"rank": 16, "name": "0027 Long", "outflow (M)": 0.5}, {"rank": 17, "name": "N225 Long", "outflow (M)": 0.5}, {"rank": 18, "name": "0386 Long", "outflow (M)": 0.48}, {"rank": 19, "name": "9961 Long", "outflow (M)": 0.43}, {"rank": 20, "name": "9868 Short", "outflow (M)": 0.42}], "stats": {"hsi long pos": "-8.39M", "hsi short pos:": "+138.57M", "stocks long pos": "+24.37M", "stocks short pos": "+0.89M"}}