{"top20inflow_20d": [{"rank": 1, "name": "HSI Short", "inflow (M)": 338.45}, {"rank": 2, "name": "0700 Long", "inflow (M)": 60.52}, {"rank": 3, "name": "9988 Long", "inflow (M)": 24.47}, {"rank": 4, "name": "0005 Long", "inflow (M)": 20.9}, {"rank": 5, "name": "2269 Long", "inflow (M)": 14.91}, {"rank": 6, "name": "0388 Long", "inflow (M)": 9.74}, {"rank": 7, "name": "0981 Long", "inflow (M)": 9.53}, {"rank": 8, "name": "9961 Short", "inflow (M)": 7.54}, {"rank": 9, "name": "9888 Long", "inflow (M)": 7.02}, {"rank": 10, "name": "1810 Long", "inflow (M)": 6.9}, {"rank": 11, "name": "DJI Short", "inflow (M)": 6.81}, {"rank": 12, "name": "9618 Long", "inflow (M)": 5.94}, {"rank": 13, "name": "1211 Long", "inflow (M)": 5.92}, {"rank": 14, "name": "2015 Short", "inflow (M)": 5.82}, {"rank": 15, "name": "0941 Long", "inflow (M)": 5.64}, {"rank": 16, "name": "2318 Long", "inflow (M)": 5.41}, {"rank": 17, "name": "0883 Short", "inflow (M)": 4.9}, {"rank": 18, "name": "3968 Short", "inflow (M)": 4.83}, {"rank": 19, "name": "NDX Short", "inflow (M)": 3.23}, {"rank": 20, "name": "0175 Long", "inflow (M)": 3.19}], "top20outflow_20d": [{"rank": 1, "name": "HSI Long", "outflow (M)": 76.79}, {"rank": 2, "name": "0883 Long", "outflow (M)": 33.36}, {"rank": 3, "name": "1211 Short", "outflow (M)": 25.88}, {"rank": 4, "name": "0700 Short", "outflow (M)": 18.49}, {"rank": 5, "name": "2269 Short", "outflow (M)": 5.0}, {"rank": 6, "name": "3690 Long", "outflow (M)": 4.17}, {"rank": 7, "name": "9868 Short", "outflow (M)": 4.04}, {"rank": 8, "name": "9988 Short", "outflow (M)": 2.59}, {"rank": 9, "name": "1398 Long", "outflow (M)": 2.44}, {"rank": 10, "name": "1928 Long", "outflow (M)": 1.92}, {"rank": 11, "name": "0992 Short", "outflow (M)": 1.92}, {"rank": 12, "name": "0788 Long", "outflow (M)": 1.8}, {"rank": 13, "name": "1299 Short", "outflow (M)": 1.73}, {"rank": 14, "name": "1109 Long", "outflow (M)": 1.64}, {"rank": 15, "name": "0960 Long", "outflow (M)": 1.37}, {"rank": 16, "name": "0941 Short", "outflow (M)": 1.29}, {"rank": 17, "name": "2822 Long", "outflow (M)": 1.21}, {"rank": 18, "name": "0388 Short", "outflow (M)": 1.16}, {"rank": 19, "name": "1801 Long", "outflow (M)": 1.1}, {"rank": 20, "name": "9888 Short", "outflow (M)": 0.88}], "stats": {"hsi long pos": "-76.79M", "hsi short pos:": "+338.45M", "stocks long pos": "+169.83M", "stocks short pos": "-23.88M"}}