{"top20inflow_5d": [{"rank": 1, "name": "HSI Long", "inflow (M)": 436.81}, {"rank": 2, "name": "0700 Long", "inflow (M)": 38.28}, {"rank": 3, "name": "3690 Long", "inflow (M)": 12.04}, {"rank": 4, "name": "0005 Long", "inflow (M)": 11.02}, {"rank": 5, "name": "9988 Long", "inflow (M)": 11.02}, {"rank": 6, "name": "1299 Long", "inflow (M)": 9.55}, {"rank": 7, "name": "0388 Long", "inflow (M)": 8.52}, {"rank": 8, "name": "9888 Long", "inflow (M)": 6.35}, {"rank": 9, "name": "HSTECH Long", "inflow (M)": 6.01}, {"rank": 10, "name": "1211 Long", "inflow (M)": 5.26}, {"rank": 11, "name": "2318 Long", "inflow (M)": 5.2}, {"rank": 12, "name": "9618 Long", "inflow (M)": 4.37}, {"rank": 13, "name": "9988 Short", "inflow (M)": 3.37}, {"rank": 14, "name": "1810 Long", "inflow (M)": 3.33}, {"rank": 15, "name": "2269 Long", "inflow (M)": 2.72}, {"rank": 16, "name": "0981 Long", "inflow (M)": 2.64}, {"rank": 17, "name": "0941 Long", "inflow (M)": 2.56}, {"rank": 18, "name": "1024 Long", "inflow (M)": 2.54}, {"rank": 19, "name": "NDX Short", "inflow (M)": 2.28}, {"rank": 20, "name": "9868 Long", "inflow (M)": 2.16}], "top20outflow_5d": [{"rank": 1, "name": "HSI Short", "outflow (M)": 285.12}, {"rank": 2, "name": "0700 Short", "outflow (M)": 16.73}, {"rank": 3, "name": "0388 Short", "outflow (M)": 8.8}, {"rank": 4, "name": "3690 Short", "outflow (M)": 7.85}, {"rank": 5, "name": "1810 Short", "outflow (M)": 3.84}, {"rank": 6, "name": "0005 Short", "outflow (M)": 2.1}, {"rank": 7, "name": "3988 Short", "outflow (M)": 1.81}, {"rank": 8, "name": "9868 Short", "outflow (M)": 1.5}, {"rank": 9, "name": "2015 Short", "outflow (M)": 1.5}, {"rank": 10, "name": "9999 Short", "outflow (M)": 1.4}, {"rank": 11, "name": "9618 Short", "outflow (M)": 1.37}, {"rank": 12, "name": "1024 Short", "outflow (M)": 1.15}, {"rank": 13, "name": "1299 Short", "outflow (M)": 1.12}, {"rank": 14, "name": "2269 Short", "outflow (M)": 0.99}, {"rank": 15, "name": "HSTECH Short", "outflow (M)": 0.85}, {"rank": 16, "name": "2382 Long", "outflow (M)": 0.83}, {"rank": 17, "name": "0857 Short", "outflow (M)": 0.83}, {"rank": 18, "name": "NDX Long", "outflow (M)": 0.68}, {"rank": 19, "name": "3968 Short", "outflow (M)": 0.68}, {"rank": 20, "name": "DJI Short", "outflow (M)": 0.66}], "stats": {"hsi long pos": "+442.34M", "hsi short pos:": "-252.87M", "stocks long pos": "+149.19M", "stocks short pos": "-49.68M"}}