{"top20inflow_20d": [{"rank": 1, "name": "HSI Long", "inflow (M)": 641.46}, {"rank": 2, "name": "0700 Long", "inflow (M)": 75.34}, {"rank": 3, "name": "3690 Long", "inflow (M)": 65.64}, {"rank": 4, "name": "0883 Long", "inflow (M)": 44.9}, {"rank": 5, "name": "9988 Long", "inflow (M)": 33.47}, {"rank": 6, "name": "0388 Long", "inflow (M)": 24.93}, {"rank": 7, "name": "2318 Long", "inflow (M)": 19.18}, {"rank": 8, "name": "1211 Long", "inflow (M)": 17.99}, {"rank": 9, "name": "1810 Long", "inflow (M)": 17.37}, {"rank": 10, "name": "3968 Long", "inflow (M)": 12.71}, {"rank": 11, "name": "9988 Short", "inflow (M)": 12.5}, {"rank": 12, "name": "2269 Long", "inflow (M)": 11.7}, {"rank": 13, "name": "HSTECH Long", "inflow (M)": 11.35}, {"rank": 14, "name": "JPYD Long", "inflow (M)": 10.72}, {"rank": 15, "name": "0981 Long", "inflow (M)": 10.72}, {"rank": 16, "name": "2269 Short", "inflow (M)": 10.61}, {"rank": 17, "name": "1024 Long", "inflow (M)": 9.98}, {"rank": 18, "name": "NDX Short", "inflow (M)": 6.89}, {"rank": 19, "name": "9618 Long", "inflow (M)": 6.7}, {"rank": 20, "name": "0992 Long", "inflow (M)": 6.44}], "top20outflow_20d": [{"rank": 1, "name": "HSI Short", "outflow (M)": 234.34}, {"rank": 2, "name": "0700 Short", "outflow (M)": 38.46}, {"rank": 3, "name": "1810 Short", "outflow (M)": 8.72}, {"rank": 4, "name": "3690 Short", "outflow (M)": 7.28}, {"rank": 5, "name": "9618 Short", "outflow (M)": 6.65}, {"rank": 6, "name": "9999 Short", "outflow (M)": 4.51}, {"rank": 7, "name": "2382 Short", "outflow (M)": 3.08}, {"rank": 8, "name": "1024 Short", "outflow (M)": 2.78}, {"rank": 9, "name": "2015 Short", "outflow (M)": 2.15}, {"rank": 10, "name": "0902 Long", "outflow (M)": 1.86}, {"rank": 11, "name": "0388 Short", "outflow (M)": 1.76}, {"rank": 12, "name": "9999 Long", "outflow (M)": 1.64}, {"rank": 13, "name": "0941 Long", "outflow (M)": 1.61}, {"rank": 14, "name": "0981 Short", "outflow (M)": 1.6}, {"rank": 15, "name": "0992 Short", "outflow (M)": 1.45}, {"rank": 16, "name": "3988 Short", "outflow (M)": 1.25}, {"rank": 17, "name": "1171 Long", "outflow (M)": 1.04}, {"rank": 18, "name": "2319 Long", "outflow (M)": 0.91}, {"rank": 19, "name": "JPYD= Short", "outflow (M)": 0.58}, {"rank": 20, "name": "2018 Short", "outflow (M)": 0.55}], "stats": {"hsi long pos": "+682.43M", "hsi short pos:": "-291.64M", "stocks long pos": "+436.76M", "stocks short pos": "-34.48M"}}