{"top20inflow_1d": [{"rank": 1, "name": "HSI Short", "inflow (M)": 42.17}, {"rank": 2, "name": "0700 Long", "inflow (M)": 11.09}, {"rank": 3, "name": "9988 Long", "inflow (M)": 5.73}, {"rank": 4, "name": "0388 Short", "inflow (M)": 3.25}, {"rank": 5, "name": "2269 Long", "inflow (M)": 1.8}, {"rank": 6, "name": "0941 Long", "inflow (M)": 1.45}, {"rank": 7, "name": "HSTECH Long", "inflow (M)": 1.26}, {"rank": 8, "name": "1211 Long", "inflow (M)": 1.0}, {"rank": 9, "name": "0005 Short", "inflow (M)": 0.96}, {"rank": 10, "name": "DJI Short", "inflow (M)": 0.84}, {"rank": 11, "name": "1024 Long", "inflow (M)": 0.83}, {"rank": 12, "name": "1186 Long", "inflow (M)": 0.83}, {"rank": 13, "name": "1810 Short", "inflow (M)": 0.75}, {"rank": 14, "name": "2331 Long", "inflow (M)": 0.56}, {"rank": 15, "name": "0939 Long", "inflow (M)": 0.41}, {"rank": 16, "name": "N225 Short", "inflow (M)": 0.4}, {"rank": 17, "name": "2333 Long", "inflow (M)": 0.36}, {"rank": 18, "name": "1211 Short", "inflow (M)": 0.36}, {"rank": 19, "name": "0823 Long", "inflow (M)": 0.35}, {"rank": 20, "name": "3188 Long", "inflow (M)": 0.34}], "top20outflow_1d": [{"rank": 1, "name": "HSI Long", "outflow (M)": 42.99}, {"rank": 2, "name": "0700 Short", "outflow (M)": 4.3}, {"rank": 3, "name": "0388 Long", "outflow (M)": 4.01}, {"rank": 4, "name": "3690 Long", "outflow (M)": 3.81}, {"rank": 5, "name": "SPX Short", "outflow (M)": 2.61}, {"rank": 6, "name": "1928 Long", "outflow (M)": 1.86}, {"rank": 7, "name": "1299 Long", "outflow (M)": 1.82}, {"rank": 8, "name": "2318 Long", "outflow (M)": 1.63}, {"rank": 9, "name": "3690 Short", "outflow (M)": 1.25}, {"rank": 10, "name": "9868 Short", "outflow (M)": 1.22}, {"rank": 11, "name": "0005 Long", "outflow (M)": 0.79}, {"rank": 12, "name": "3968 Long", "outflow (M)": 0.71}, {"rank": 13, "name": "9961 Long", "outflow (M)": 0.58}, {"rank": 14, "name": "9988 Short", "outflow (M)": 0.49}, {"rank": 15, "name": "9999 Long", "outflow (M)": 0.45}, {"rank": 16, "name": "1810 Long", "outflow (M)": 0.4}, {"rank": 17, "name": "0992 Long", "outflow (M)": 0.32}, {"rank": 18, "name": "9618 Long", "outflow (M)": 0.31}, {"rank": 19, "name": "NDX Long", "outflow (M)": 0.28}, {"rank": 20, "name": "2020 Long", "outflow (M)": 0.27}], "stats": {"hsi long pos": "-42.99M", "hsi short pos:": "+42.17M", "stocks long pos": "+9.41M", "stocks short pos": "-0.23M"}}