{"top20inflow_10d": [{"rank": 1, "name": "HSI Long", "inflow (M)": 128.29}, {"rank": 2, "name": "9988 Long", "inflow (M)": 55.46}, {"rank": 3, "name": "1211 Long", "inflow (M)": 31.96}, {"rank": 4, "name": "9988 Short", "inflow (M)": 30.86}, {"rank": 5, "name": "0700 Short", "inflow (M)": 18.96}, {"rank": 6, "name": "3690 Long", "inflow (M)": 17.02}, {"rank": 7, "name": "0388 Long", "inflow (M)": 16.48}, {"rank": 8, "name": "1810 Long", "inflow (M)": 15.51}, {"rank": 9, "name": "DJI Short", "inflow (M)": 6.48}, {"rank": 10, "name": "HSI Short", "inflow (M)": 6.31}, {"rank": 11, "name": "2318 Long", "inflow (M)": 5.58}, {"rank": 12, "name": "2269 Long", "inflow (M)": 3.53}, {"rank": 13, "name": "0175 Long", "inflow (M)": 3.17}, {"rank": 14, "name": "1299 Long", "inflow (M)": 3.07}, {"rank": 15, "name": "2018 Long", "inflow (M)": 2.81}, {"rank": 16, "name": "3968 Long", "inflow (M)": 2.53}, {"rank": 17, "name": "HSTECH Long", "inflow (M)": 2.41}, {"rank": 18, "name": "9888 Short", "inflow (M)": 2.19}, {"rank": 19, "name": "1928 Long", "inflow (M)": 2.04}, {"rank": 20, "name": "1024 Long", "inflow (M)": 2.04}], "top20outflow_10d": [{"rank": 1, "name": "0700 Long", "outflow (M)": 38.59}, {"rank": 2, "name": "9618 Long", "outflow (M)": 5.74}, {"rank": 3, "name": "0005 Long", "outflow (M)": 3.91}, {"rank": 4, "name": "1810 Short", "outflow (M)": 3.69}, {"rank": 5, "name": "0388 Short", "outflow (M)": 3.42}, {"rank": 6, "name": "0941 Long", "outflow (M)": 3.11}, {"rank": 7, "name": "2318 Short", "outflow (M)": 3.0}, {"rank": 8, "name": "0354 Long", "outflow (M)": 2.77}, {"rank": 9, "name": "2269 Short", "outflow (M)": 2.26}, {"rank": 10, "name": "0823 Long", "outflow (M)": 2.15}, {"rank": 11, "name": "3690 Short", "outflow (M)": 2.09}, {"rank": 12, "name": "0857 Long", "outflow (M)": 1.99}, {"rank": 13, "name": "2020 Short", "outflow (M)": 1.88}, {"rank": 14, "name": "0902 Long", "outflow (M)": 1.48}, {"rank": 15, "name": "1211 Short", "outflow (M)": 1.46}, {"rank": 16, "name": "0981 Short", "outflow (M)": 1.41}, {"rank": 17, "name": "2013 Long", "outflow (M)": 1.31}, {"rank": 18, "name": "2382 Long", "outflow (M)": 1.15}, {"rank": 19, "name": "9992 Long", "outflow (M)": 1.04}, {"rank": 20, "name": "2015 Short", "outflow (M)": 0.97}], "stats": {"hsi long pos": "+128.29M", "hsi short pos:": "+6.31M", "stocks long pos": "+112.47M", "stocks short pos": "+33.93M"}}