{"top20inflow_1d": [{"rank": 1, "name": "0388 Long", "inflow (M)": 1.43}, {"rank": 2, "name": "0700 Long", "inflow (M)": 0.9}, {"rank": 3, "name": "1299 Long", "inflow (M)": 0.83}, {"rank": 4, "name": "1211 Long", "inflow (M)": 0.76}, {"rank": 5, "name": "0883 Long", "inflow (M)": 0.7}, {"rank": 6, "name": "2382 Long", "inflow (M)": 0.68}, {"rank": 7, "name": "2359 Long", "inflow (M)": 0.65}, {"rank": 8, "name": "2318 Long", "inflow (M)": 0.64}, {"rank": 9, "name": "3690 Long", "inflow (M)": 0.6}, {"rank": 10, "name": "9988 Long", "inflow (M)": 0.52}, {"rank": 11, "name": "0941 Long", "inflow (M)": 0.51}, {"rank": 12, "name": "HSI Long", "inflow (M)": 0.38}, {"rank": 13, "name": "0175 Long", "inflow (M)": 0.37}, {"rank": 14, "name": "3968 Long", "inflow (M)": 0.36}, {"rank": 15, "name": "2800 Long", "inflow (M)": 0.3}, {"rank": 16, "name": "9896 Long", "inflow (M)": 0.24}, {"rank": 17, "name": "3690 Short", "inflow (M)": 0.23}, {"rank": 18, "name": "0939 Long", "inflow (M)": 0.22}, {"rank": 19, "name": "9961 Long", "inflow (M)": 0.21}, {"rank": 20, "name": "9618 Long", "inflow (M)": 0.18}], "top20outflow_1d": [{"rank": 1, "name": "HSI Short", "outflow (M)": 2.58}, {"rank": 2, "name": "1810 Short", "outflow (M)": 2.36}, {"rank": 3, "name": "9888 Long", "outflow (M)": 2.33}, {"rank": 4, "name": "1810 Long", "outflow (M)": 2.31}, {"rank": 5, "name": "9988 Short", "outflow (M)": 1.97}, {"rank": 6, "name": "2318 Short", "outflow (M)": 1.36}, {"rank": 7, "name": "0175 Short", "outflow (M)": 1.02}, {"rank": 8, "name": "1024 Long", "outflow (M)": 0.97}, {"rank": 9, "name": "9999 Long", "outflow (M)": 0.44}, {"rank": 10, "name": "1299 Short", "outflow (M)": 0.43}, {"rank": 11, "name": "2018 Long", "outflow (M)": 0.38}, {"rank": 12, "name": "2269 Short", "outflow (M)": 0.36}, {"rank": 13, "name": "0981 Short", "outflow (M)": 0.27}, {"rank": 14, "name": "9618 Long", "outflow (M)": 0.26}, {"rank": 15, "name": "0388 Short", "outflow (M)": 0.25}, {"rank": 16, "name": "9988 Long", "outflow (M)": 0.24}, {"rank": 17, "name": "3800 Long", "outflow (M)": 0.19}, {"rank": 18, "name": "0005 Short", "outflow (M)": 0.18}, {"rank": 19, "name": "0992 Long", "outflow (M)": 0.16}, {"rank": 20, "name": "2269 Long", "outflow (M)": 0.15}], "stats": {"hsi long pos": "+4.10M", "hsi short pos:": "-2.58M", "stocks long pos": "+4.56M", "stocks short pos": "-5.80M"}}