{"top20inflow_5d": [{"rank": 1, "name": "HSI Short", "inflow (M)": 208.93}, {"rank": 2, "name": "NDX Long", "inflow (M)": 13.13}, {"rank": 3, "name": "0700 Short", "inflow (M)": 9.83}, {"rank": 4, "name": "1211 Short", "inflow (M)": 8.4}, {"rank": 5, "name": "9618 Short", "inflow (M)": 7.26}, {"rank": 6, "name": "0883 Long", "inflow (M)": 5.04}, {"rank": 7, "name": "2015 Long", "inflow (M)": 4.67}, {"rank": 8, "name": "JPYD Long", "inflow (M)": 4.41}, {"rank": 9, "name": "0388 Short", "inflow (M)": 3.25}, {"rank": 10, "name": "1810 Short", "inflow (M)": 3.08}, {"rank": 11, "name": "2269 Long", "inflow (M)": 3.0}, {"rank": 12, "name": "NDX Short", "inflow (M)": 2.96}, {"rank": 13, "name": "9888 Long", "inflow (M)": 2.74}, {"rank": 14, "name": "0823 Long", "inflow (M)": 2.51}, {"rank": 15, "name": "0005 Short", "inflow (M)": 2.41}, {"rank": 16, "name": "HSTECH Short", "inflow (M)": 2.19}, {"rank": 17, "name": "0981 Long", "inflow (M)": 2.14}, {"rank": 18, "name": "1810 Long", "inflow (M)": 2.0}, {"rank": 19, "name": "9999 Long", "inflow (M)": 1.61}, {"rank": 20, "name": "2318 Short", "inflow (M)": 1.55}], "top20outflow_5d": [{"rank": 1, "name": "HSI Long", "outflow (M)": 194.02}, {"rank": 2, "name": "3690 Long", "outflow (M)": 37.18}, {"rank": 3, "name": "0700 Long", "outflow (M)": 26.0}, {"rank": 4, "name": "1211 Long", "outflow (M)": 5.29}, {"rank": 5, "name": "3968 Long", "outflow (M)": 4.87}, {"rank": 6, "name": "0005 Long", "outflow (M)": 3.58}, {"rank": 7, "name": "HSTECH Long", "outflow (M)": 2.77}, {"rank": 8, "name": "2331 Long", "outflow (M)": 2.71}, {"rank": 9, "name": "9618 Long", "outflow (M)": 2.69}, {"rank": 10, "name": "0388 Long", "outflow (M)": 2.65}, {"rank": 11, "name": "2318 Long", "outflow (M)": 2.31}, {"rank": 12, "name": "2015 Short", "outflow (M)": 2.27}, {"rank": 13, "name": "1299 Long", "outflow (M)": 1.74}, {"rank": 14, "name": "3988 Long", "outflow (M)": 1.7}, {"rank": 15, "name": "1024 Long", "outflow (M)": 1.58}, {"rank": 16, "name": "2899 Long", "outflow (M)": 1.54}, {"rank": 17, "name": "9961 Long", "outflow (M)": 1.25}, {"rank": 18, "name": "2822 Long", "outflow (M)": 1.22}, {"rank": 19, "name": "2628 Long", "outflow (M)": 1.2}, {"rank": 20, "name": "9626 Long", "outflow (M)": 1.19}], "stats": {"hsi long pos": "-304.23M", "hsi short pos:": "+305.23M", "stocks long pos": "-107.44M", "stocks short pos": "+52.77M"}}