{"top20inflow_20d": [{"rank": 1, "name": "HSI Long", "inflow (M)": 721.33}, {"rank": 2, "name": "3690 Long", "inflow (M)": 143.2}, {"rank": 3, "name": "0700 Long", "inflow (M)": 98.93}, {"rank": 4, "name": "0388 Long", "inflow (M)": 41.9}, {"rank": 5, "name": "9988 Long", "inflow (M)": 36.17}, {"rank": 6, "name": "9999 Short", "inflow (M)": 26.78}, {"rank": 7, "name": "1211 Long", "inflow (M)": 25.14}, {"rank": 8, "name": "2318 Long", "inflow (M)": 18.2}, {"rank": 9, "name": "1024 Long", "inflow (M)": 13.54}, {"rank": 10, "name": "DJI Short", "inflow (M)": 13.28}, {"rank": 11, "name": "2269 Long", "inflow (M)": 9.78}, {"rank": 12, "name": "HSTECH Long", "inflow (M)": 8.76}, {"rank": 13, "name": "9999 Long", "inflow (M)": 5.71}, {"rank": 14, "name": "1299 Long", "inflow (M)": 5.54}, {"rank": 15, "name": "3968 Long", "inflow (M)": 4.73}, {"rank": 16, "name": "1797 Long", "inflow (M)": 3.28}, {"rank": 17, "name": "NDX Short", "inflow (M)": 2.98}, {"rank": 18, "name": "0883 Long", "inflow (M)": 2.93}, {"rank": 19, "name": "0175 Long", "inflow (M)": 2.88}, {"rank": 20, "name": "0354 Long", "inflow (M)": 2.48}], "top20outflow_20d": [{"rank": 1, "name": "HSI Short", "outflow (M)": 129.44}, {"rank": 2, "name": "9988 Short", "outflow (M)": 31.79}, {"rank": 3, "name": "1211 Short", "outflow (M)": 17.18}, {"rank": 4, "name": "1810 Long", "outflow (M)": 14.24}, {"rank": 5, "name": "0700 Short", "outflow (M)": 8.7}, {"rank": 6, "name": "0388 Short", "outflow (M)": 7.45}, {"rank": 7, "name": "1810 Short", "outflow (M)": 4.73}, {"rank": 8, "name": "2318 Short", "outflow (M)": 3.94}, {"rank": 9, "name": "0005 Long", "outflow (M)": 3.34}, {"rank": 10, "name": "1299 Short", "outflow (M)": 2.8}, {"rank": 11, "name": "0823 Long", "outflow (M)": 2.4}, {"rank": 12, "name": "HSTECH Short", "outflow (M)": 2.27}, {"rank": 13, "name": "1024 Short", "outflow (M)": 2.2}, {"rank": 14, "name": "9888 Long", "outflow (M)": 1.94}, {"rank": 15, "name": "9618 Long", "outflow (M)": 1.85}, {"rank": 16, "name": "2018 Long", "outflow (M)": 1.54}, {"rank": 17, "name": "2382 Short", "outflow (M)": 1.38}, {"rank": 18, "name": "1093 Long", "outflow (M)": 1.36}, {"rank": 19, "name": "3968 Short", "outflow (M)": 1.15}, {"rank": 20, "name": "0902 Long", "outflow (M)": 1.0}], "stats": {"hsi long pos": "+721.33M", "hsi short pos:": "-129.44M", "stocks long pos": "+418.96M", "stocks short pos": "-51.02M"}}