{"top20inflow_10d": [{"rank": 1, "name": "HSI Long", "inflow (M)": 117.19}, {"rank": 2, "name": "0700 Long", "inflow (M)": 105.72}, {"rank": 3, "name": "HSI Short", "inflow (M)": 29.82}, {"rank": 4, "name": "9988 Long", "inflow (M)": 22.51}, {"rank": 5, "name": "9888 Long", "inflow (M)": 20.27}, {"rank": 6, "name": "1299 Long", "inflow (M)": 20.18}, {"rank": 7, "name": "0388 Long", "inflow (M)": 17.87}, {"rank": 8, "name": "2318 Long", "inflow (M)": 12.06}, {"rank": 9, "name": "3690 Short", "inflow (M)": 9.16}, {"rank": 10, "name": "3690 Long", "inflow (M)": 6.99}, {"rank": 11, "name": "0027 Long", "inflow (M)": 5.97}, {"rank": 12, "name": "9961 Long", "inflow (M)": 5.61}, {"rank": 13, "name": "1810 Long", "inflow (M)": 5.57}, {"rank": 14, "name": "9618 Long", "inflow (M)": 5.01}, {"rank": 15, "name": "2015 Long", "inflow (M)": 4.73}, {"rank": 16, "name": "0857 Long", "inflow (M)": 2.99}, {"rank": 17, "name": "1211 Short", "inflow (M)": 2.99}, {"rank": 18, "name": "0386 Long", "inflow (M)": 2.93}, {"rank": 19, "name": "9999 Long", "inflow (M)": 2.83}, {"rank": 20, "name": "1024 Long", "inflow (M)": 2.66}], "top20outflow_10d": [{"rank": 1, "name": "0700 Short", "outflow (M)": 21.4}, {"rank": 2, "name": "2269 Long", "outflow (M)": 6.01}, {"rank": 3, "name": "1299 Short", "outflow (M)": 5.48}, {"rank": 4, "name": "9988 Short", "outflow (M)": 4.99}, {"rank": 5, "name": "3968 Short", "outflow (M)": 4.94}, {"rank": 6, "name": "0388 Short", "outflow (M)": 4.29}, {"rank": 7, "name": "0992 Long", "outflow (M)": 4.03}, {"rank": 8, "name": "0005 Long", "outflow (M)": 3.71}, {"rank": 9, "name": "2269 Short", "outflow (M)": 3.59}, {"rank": 10, "name": "2318 Short", "outflow (M)": 3.49}, {"rank": 11, "name": "3968 Long", "outflow (M)": 3.13}, {"rank": 12, "name": "9961 Short", "outflow (M)": 2.67}, {"rank": 13, "name": "0027 Short", "outflow (M)": 2.2}, {"rank": 14, "name": "0939 Short", "outflow (M)": 1.63}, {"rank": 15, "name": "2840 Long", "outflow (M)": 1.49}, {"rank": 16, "name": "2382 Short", "outflow (M)": 1.31}, {"rank": 17, "name": "0175 Long", "outflow (M)": 0.91}, {"rank": 18, "name": "3188 Long", "outflow (M)": 0.78}, {"rank": 19, "name": "0011 Long", "outflow (M)": 0.72}, {"rank": 20, "name": "0941 Short", "outflow (M)": 0.7}], "stats": {"hsi long pos": "+117.19M", "hsi short pos:": "+29.82M", "stocks long pos": "+267.31M", "stocks short pos": "-36.09M"}}