{"top20inflow_5d": [{"rank": 1, "name": "HSI Long", "inflow (M)": 125.52}, {"rank": 2, "name": "1211 Long", "inflow (M)": 19.68}, {"rank": 3, "name": "0388 Long", "inflow (M)": 15.94}, {"rank": 4, "name": "1810 Long", "inflow (M)": 11.51}, {"rank": 5, "name": "2318 Long", "inflow (M)": 5.86}, {"rank": 6, "name": "2269 Long", "inflow (M)": 4.87}, {"rank": 7, "name": "0700 Short", "inflow (M)": 4.48}, {"rank": 8, "name": "1299 Long", "inflow (M)": 3.83}, {"rank": 9, "name": "0175 Long", "inflow (M)": 3.61}, {"rank": 10, "name": "0981 Long", "inflow (M)": 3.47}, {"rank": 11, "name": "HSTECH Long", "inflow (M)": 2.93}, {"rank": 12, "name": "9999 Long", "inflow (M)": 2.81}, {"rank": 13, "name": "3690 Long", "inflow (M)": 2.33}, {"rank": 14, "name": "1928 Long", "inflow (M)": 1.88}, {"rank": 15, "name": "9868 Short", "inflow (M)": 1.55}, {"rank": 16, "name": "3968 Long", "inflow (M)": 1.27}, {"rank": 17, "name": "9626 Long", "inflow (M)": 1.23}, {"rank": 18, "name": "2020 Long", "inflow (M)": 1.16}, {"rank": 19, "name": "1797 Long", "inflow (M)": 1.13}, {"rank": 20, "name": "NDX Short", "inflow (M)": 1.08}], "top20outflow_5d": [{"rank": 1, "name": "9988 Short", "outflow (M)": 21.33}, {"rank": 2, "name": "9988 Long", "outflow (M)": 18.28}, {"rank": 3, "name": "0700 Long", "outflow (M)": 9.58}, {"rank": 4, "name": "1810 Short", "outflow (M)": 3.68}, {"rank": 5, "name": "2318 Short", "outflow (M)": 2.86}, {"rank": 6, "name": "1299 Short", "outflow (M)": 1.83}, {"rank": 7, "name": "9888 Long", "outflow (M)": 1.79}, {"rank": 8, "name": "9618 Long", "outflow (M)": 1.47}, {"rank": 9, "name": "0388 Short", "outflow (M)": 1.37}, {"rank": 10, "name": "9868 Long", "outflow (M)": 1.08}, {"rank": 11, "name": "9618 Short", "outflow (M)": 1.05}, {"rank": 12, "name": "0005 Long", "outflow (M)": 1.0}, {"rank": 13, "name": "HSI Short", "outflow (M)": 0.91}, {"rank": 14, "name": "0941 Long", "outflow (M)": 0.83}, {"rank": 15, "name": "1171 Long", "outflow (M)": 0.79}, {"rank": 16, "name": "2822 Long", "outflow (M)": 0.79}, {"rank": 17, "name": "2020 Short", "outflow (M)": 0.74}, {"rank": 18, "name": "0981 Short", "outflow (M)": 0.7}, {"rank": 19, "name": "3800 Long", "outflow (M)": 0.55}, {"rank": 20, "name": "2015 Long", "outflow (M)": 0.53}], "stats": {"hsi long pos": "+125.52M", "hsi short pos:": "-0.91M", "stocks long pos": "+52.53M", "stocks short pos": "-25.47M"}}