{"top20inflow_5d": [{"rank": 1, "name": "HSI Long", "inflow (M)": 93.22}, {"rank": 2, "name": "0700 Long", "inflow (M)": 63.43}, {"rank": 3, "name": "3690 Short", "inflow (M)": 25.12}, {"rank": 4, "name": "9988 Long", "inflow (M)": 22.72}, {"rank": 5, "name": "0388 Long", "inflow (M)": 18.02}, {"rank": 6, "name": "9888 Long", "inflow (M)": 11.51}, {"rank": 7, "name": "2318 Long", "inflow (M)": 10.92}, {"rank": 8, "name": "3690 Long", "inflow (M)": 9.97}, {"rank": 9, "name": "3968 Long", "inflow (M)": 5.75}, {"rank": 10, "name": "0883 Long", "inflow (M)": 5.75}, {"rank": 11, "name": "0941 Long", "inflow (M)": 3.76}, {"rank": 12, "name": "1109 Long", "inflow (M)": 3.46}, {"rank": 13, "name": "9961 Long", "inflow (M)": 3.34}, {"rank": 14, "name": "9999 Long", "inflow (M)": 3.05}, {"rank": 15, "name": "0005 Short", "inflow (M)": 3.04}, {"rank": 16, "name": "2015 Short", "inflow (M)": 2.84}, {"rank": 17, "name": "1299 Long", "inflow (M)": 2.71}, {"rank": 18, "name": "1211 Short", "inflow (M)": 2.6}, {"rank": 19, "name": "1024 Long", "inflow (M)": 2.31}, {"rank": 20, "name": "2015 Long", "inflow (M)": 2.24}], "top20outflow_5d": [{"rank": 1, "name": "HSI Short", "outflow (M)": 28.08}, {"rank": 2, "name": "0005 Long", "outflow (M)": 13.92}, {"rank": 3, "name": "0700 Short", "outflow (M)": 8.61}, {"rank": 4, "name": "3968 Short", "outflow (M)": 4.78}, {"rank": 5, "name": "0388 Short", "outflow (M)": 4.21}, {"rank": 6, "name": "9961 Short", "outflow (M)": 3.16}, {"rank": 7, "name": "2318 Short", "outflow (M)": 2.32}, {"rank": 8, "name": "0992 Long", "outflow (M)": 2.19}, {"rank": 9, "name": "2269 Short", "outflow (M)": 2.05}, {"rank": 10, "name": "9988 Short", "outflow (M)": 1.91}, {"rank": 11, "name": "0883 Short", "outflow (M)": 1.67}, {"rank": 12, "name": "1211 Long", "outflow (M)": 1.67}, {"rank": 13, "name": "0027 Short", "outflow (M)": 1.48}, {"rank": 14, "name": "2269 Long", "outflow (M)": 1.39}, {"rank": 15, "name": "0939 Short", "outflow (M)": 1.27}, {"rank": 16, "name": "0175 Long", "outflow (M)": 0.9}, {"rank": 17, "name": "0981 Long", "outflow (M)": 0.78}, {"rank": 18, "name": "1024 Short", "outflow (M)": 0.64}, {"rank": 19, "name": "2382 Short", "outflow (M)": 0.64}, {"rank": 20, "name": "2333 Long", "outflow (M)": 0.56}], "stats": {"hsi long pos": "+93.22M", "hsi short pos:": "-28.08M", "stocks long pos": "+178.47M", "stocks short pos": "+0.82M"}}