{"top20inflow_5d": [{"rank": 1, "name": "HSI Short", "inflow (M)": 191.48}, {"rank": 2, "name": "0700 Long", "inflow (M)": 14.2}, {"rank": 3, "name": "9988 Long", "inflow (M)": 12.74}, {"rank": 4, "name": "3690 Short", "inflow (M)": 10.27}, {"rank": 5, "name": "1211 Short", "inflow (M)": 9.84}, {"rank": 6, "name": "9961 Short", "inflow (M)": 6.0}, {"rank": 7, "name": "0005 Long", "inflow (M)": 5.33}, {"rank": 8, "name": "0981 Long", "inflow (M)": 3.33}, {"rank": 9, "name": "1810 Short", "inflow (M)": 3.15}, {"rank": 10, "name": "1299 Short", "inflow (M)": 2.92}, {"rank": 11, "name": "2318 Short", "inflow (M)": 2.83}, {"rank": 12, "name": "0388 Short", "inflow (M)": 2.49}, {"rank": 13, "name": "DJI Short", "inflow (M)": 1.95}, {"rank": 14, "name": "3968 Short", "inflow (M)": 1.9}, {"rank": 15, "name": "0939 Short", "inflow (M)": 1.82}, {"rank": 16, "name": "1024 Short", "inflow (M)": 1.49}, {"rank": 17, "name": "0005 Short", "inflow (M)": 1.47}, {"rank": 18, "name": "0883 Long", "inflow (M)": 1.43}, {"rank": 19, "name": "0883 Short", "inflow (M)": 1.32}, {"rank": 20, "name": "NDX Short", "inflow (M)": 1.07}], "top20outflow_5d": [{"rank": 1, "name": "HSI Long", "outflow (M)": 189.39}, {"rank": 2, "name": "3690 Long", "outflow (M)": 9.41}, {"rank": 3, "name": "2318 Long", "outflow (M)": 6.37}, {"rank": 4, "name": "1928 Long", "outflow (M)": 4.14}, {"rank": 5, "name": "1299 Long", "outflow (M)": 3.06}, {"rank": 6, "name": "SPX Short", "outflow (M)": 3.01}, {"rank": 7, "name": "0388 Long", "outflow (M)": 2.36}, {"rank": 8, "name": "0788 Long", "outflow (M)": 2.24}, {"rank": 9, "name": "1109 Long", "outflow (M)": 2.2}, {"rank": 10, "name": "0027 Long", "outflow (M)": 2.04}, {"rank": 11, "name": "2628 Long", "outflow (M)": 1.92}, {"rank": 12, "name": "2015 Long", "outflow (M)": 1.87}, {"rank": 13, "name": "1810 Long", "outflow (M)": 1.84}, {"rank": 14, "name": "NDX Long", "outflow (M)": 1.47}, {"rank": 15, "name": "3968 Long", "outflow (M)": 1.38}, {"rank": 16, "name": "9961 Long", "outflow (M)": 1.37}, {"rank": 17, "name": "9988 Short", "outflow (M)": 1.25}, {"rank": 18, "name": "9868 Short", "outflow (M)": 1.18}, {"rank": 19, "name": "2269 Short", "outflow (M)": 1.18}, {"rank": 20, "name": "0700 Short", "outflow (M)": 1.05}], "stats": {"hsi long pos": "-189.39M", "hsi short pos:": "+191.48M", "stocks long pos": "-6.53M", "stocks short pos": "+48.05M"}}