{"top20inflow_5d": [{"rank": 1, "name": "HSI Long", "inflow (M)": 502.9}, {"rank": 2, "name": "3690 Long", "inflow (M)": 111.09}, {"rank": 3, "name": "9988 Long", "inflow (M)": 28.52}, {"rank": 4, "name": "1211 Long", "inflow (M)": 18.63}, {"rank": 5, "name": "0388 Long", "inflow (M)": 15.71}, {"rank": 6, "name": "0700 Long", "inflow (M)": 14.91}, {"rank": 7, "name": "2318 Long", "inflow (M)": 7.46}, {"rank": 8, "name": "1299 Long", "inflow (M)": 6.91}, {"rank": 9, "name": "1024 Long", "inflow (M)": 4.98}, {"rank": 10, "name": "DJI Short", "inflow (M)": 4.73}, {"rank": 11, "name": "2269 Long", "inflow (M)": 3.98}, {"rank": 12, "name": "2269 Short", "inflow (M)": 3.08}, {"rank": 13, "name": "9999 Short", "inflow (M)": 2.57}, {"rank": 14, "name": "HSTECH Long", "inflow (M)": 2.34}, {"rank": 15, "name": "0175 Long", "inflow (M)": 2.2}, {"rank": 16, "name": "0027 Long", "inflow (M)": 2.17}, {"rank": 17, "name": "3968 Long", "inflow (M)": 1.61}, {"rank": 18, "name": "2800 Long", "inflow (M)": 1.37}, {"rank": 19, "name": "0939 Long", "inflow (M)": 1.33}, {"rank": 20, "name": "1810 Short", "inflow (M)": 1.32}], "top20outflow_5d": [{"rank": 1, "name": "HSI Short", "outflow (M)": 85.93}, {"rank": 2, "name": "9988 Short", "outflow (M)": 32.92}, {"rank": 3, "name": "3690 Short", "outflow (M)": 13.17}, {"rank": 4, "name": "1211 Short", "outflow (M)": 11.78}, {"rank": 5, "name": "0700 Short", "outflow (M)": 2.97}, {"rank": 6, "name": "1810 Long", "outflow (M)": 2.92}, {"rank": 7, "name": "9888 Long", "outflow (M)": 2.62}, {"rank": 8, "name": "2318 Short", "outflow (M)": 2.43}, {"rank": 9, "name": "0981 Long", "outflow (M)": 2.33}, {"rank": 10, "name": "0883 Long", "outflow (M)": 1.91}, {"rank": 11, "name": "2018 Long", "outflow (M)": 1.88}, {"rank": 12, "name": "1024 Short", "outflow (M)": 1.7}, {"rank": 13, "name": "1299 Short", "outflow (M)": 1.67}, {"rank": 14, "name": "HSTECH Short", "outflow (M)": 1.25}, {"rank": 15, "name": "0902 Long", "outflow (M)": 1.11}, {"rank": 16, "name": "9618 Long", "outflow (M)": 1.1}, {"rank": 17, "name": "0388 Short", "outflow (M)": 0.92}, {"rank": 18, "name": "2015 Short", "outflow (M)": 0.85}, {"rank": 19, "name": "9618 Short", "outflow (M)": 0.85}, {"rank": 20, "name": "9888 Short", "outflow (M)": 0.76}], "stats": {"hsi long pos": "+502.90M", "hsi short pos:": "-85.93M", "stocks long pos": "+219.08M", "stocks short pos": "-64.88M"}}