{"top20inflow_1d": [{"rank": 1, "name": "HSI Long", "inflow (M)": 36.72}, {"rank": 2, "name": "3690 Long", "inflow (M)": 19.43}, {"rank": 3, "name": "3690 Short", "inflow (M)": 6.48}, {"rank": 4, "name": "9988 Short", "inflow (M)": 1.99}, {"rank": 5, "name": "0941 Long", "inflow (M)": 1.84}, {"rank": 6, "name": "DJI Short", "inflow (M)": 1.71}, {"rank": 7, "name": "2269 Long", "inflow (M)": 1.21}, {"rank": 8, "name": "1797 Long", "inflow (M)": 0.98}, {"rank": 9, "name": "1810 Long", "inflow (M)": 0.93}, {"rank": 10, "name": "0388 Long", "inflow (M)": 0.87}, {"rank": 11, "name": "1299 Long", "inflow (M)": 0.67}, {"rank": 12, "name": "2318 Long", "inflow (M)": 0.65}, {"rank": 13, "name": "0700 Short", "inflow (M)": 0.64}, {"rank": 14, "name": "HSTECH Long", "inflow (M)": 0.58}, {"rank": 15, "name": "0981 Long", "inflow (M)": 0.54}, {"rank": 16, "name": "0992 Long", "inflow (M)": 0.53}, {"rank": 17, "name": "2269 Short", "inflow (M)": 0.51}, {"rank": 18, "name": "1211 Short", "inflow (M)": 0.47}, {"rank": 19, "name": "0883 Long", "inflow (M)": 0.37}, {"rank": 20, "name": "1810 Short", "inflow (M)": 0.36}], "top20outflow_1d": [{"rank": 1, "name": "HSI Short", "outflow (M)": 9.72}, {"rank": 2, "name": "9999 Short", "outflow (M)": 8.14}, {"rank": 3, "name": "0388 Short", "outflow (M)": 3.14}, {"rank": 4, "name": "0700 Long", "outflow (M)": 2.61}, {"rank": 5, "name": "9988 Long", "outflow (M)": 1.39}, {"rank": 6, "name": "9868 Short", "outflow (M)": 1.0}, {"rank": 7, "name": "0354 Long", "outflow (M)": 0.83}, {"rank": 8, "name": "2318 Short", "outflow (M)": 0.56}, {"rank": 9, "name": "9868 Long", "outflow (M)": 0.55}, {"rank": 10, "name": "1797 Short", "outflow (M)": 0.55}, {"rank": 11, "name": "9618 Short", "outflow (M)": 0.51}, {"rank": 12, "name": "2018 Long", "outflow (M)": 0.38}, {"rank": 13, "name": "1024 Short", "outflow (M)": 0.34}, {"rank": 14, "name": "NDX Long", "outflow (M)": 0.31}, {"rank": 15, "name": "2020 Short", "outflow (M)": 0.3}, {"rank": 16, "name": "1299 Short", "outflow (M)": 0.29}, {"rank": 17, "name": "0016 Long", "outflow (M)": 0.27}, {"rank": 18, "name": "0941 Short", "outflow (M)": 0.25}, {"rank": 19, "name": "0669 Long", "outflow (M)": 0.22}, {"rank": 20, "name": "2840 Long", "outflow (M)": 0.17}], "stats": {"hsi long pos": "+36.72M", "hsi short pos:": "-9.72M", "stocks long pos": "+25.14M", "stocks short pos": "-4.28M"}}