{"top20inflow_1d": [{"rank": 1, "name": "HSI Short", "inflow (M)": 26.0}, {"rank": 2, "name": "0700 Short", "inflow (M)": 20.81}, {"rank": 3, "name": "1299 Long", "inflow (M)": 7.88}, {"rank": 4, "name": "9988 Long", "inflow (M)": 6.45}, {"rank": 5, "name": "1810 Long", "inflow (M)": 1.97}, {"rank": 6, "name": "0981 Short", "inflow (M)": 1.35}, {"rank": 7, "name": "1211 Short", "inflow (M)": 1.27}, {"rank": 8, "name": "0688 Long", "inflow (M)": 1.03}, {"rank": 9, "name": "2269 Short", "inflow (M)": 0.94}, {"rank": 10, "name": "2382 Long", "inflow (M)": 0.83}, {"rank": 11, "name": "2318 Long", "inflow (M)": 0.68}, {"rank": 12, "name": "0883 Long", "inflow (M)": 0.58}, {"rank": 13, "name": "3968 Short", "inflow (M)": 0.57}, {"rank": 14, "name": "2020 Short", "inflow (M)": 0.56}, {"rank": 15, "name": "2899 Long", "inflow (M)": 0.49}, {"rank": 16, "name": "0857 Short", "inflow (M)": 0.43}, {"rank": 17, "name": "0753 Long", "inflow (M)": 0.41}, {"rank": 18, "name": "0005 Short", "inflow (M)": 0.4}, {"rank": 19, "name": "0285 Long", "inflow (M)": 0.34}, {"rank": 20, "name": "HSCE Long", "inflow (M)": 0.33}], "top20outflow_1d": [{"rank": 1, "name": "0700 Long", "outflow (M)": 23.32}, {"rank": 2, "name": "HSI Long", "outflow (M)": 19.98}, {"rank": 3, "name": "3690 Long", "outflow (M)": 7.12}, {"rank": 4, "name": "0941 Long", "outflow (M)": 5.61}, {"rank": 5, "name": "1109 Long", "outflow (M)": 4.74}, {"rank": 6, "name": "9888 Long", "outflow (M)": 2.28}, {"rank": 7, "name": "3690 Short", "outflow (M)": 2.13}, {"rank": 8, "name": "SPX Short", "outflow (M)": 2.08}, {"rank": 9, "name": "1211 Long", "outflow (M)": 2.04}, {"rank": 10, "name": "0005 Long", "outflow (M)": 1.87}, {"rank": 11, "name": "0992 Long", "outflow (M)": 1.44}, {"rank": 12, "name": "1357 Long", "outflow (M)": 1.35}, {"rank": 13, "name": "DJI Short", "outflow (M)": 0.9}, {"rank": 14, "name": "9618 Short", "outflow (M)": 0.86}, {"rank": 15, "name": "GBPD= Short", "outflow (M)": 0.81}, {"rank": 16, "name": "2318 Short", "outflow (M)": 0.8}, {"rank": 17, "name": "9999 Long", "outflow (M)": 0.76}, {"rank": 18, "name": "9618 Long", "outflow (M)": 0.74}, {"rank": 19, "name": "3968 Long", "outflow (M)": 0.62}, {"rank": 20, "name": "1024 Short", "outflow (M)": 0.6}], "stats": {"hsi long pos": "+84.01M", "hsi short pos:": "-83.58M", "stocks long pos": "+65.19M", "stocks short pos": "-1.47M"}}