{"top20inflow_20d": [{"rank": 1, "name": "HSI Short", "inflow (M)": 149.35}, {"rank": 2, "name": "HSI Long", "inflow (M)": 147.92}, {"rank": 3, "name": "0700 Short", "inflow (M)": 64.67}, {"rank": 4, "name": "9988 Long", "inflow (M)": 64.33}, {"rank": 5, "name": "0388 Long", "inflow (M)": 55.12}, {"rank": 6, "name": "1299 Long", "inflow (M)": 53.88}, {"rank": 7, "name": "3690 Short", "inflow (M)": 46.43}, {"rank": 8, "name": "1211 Long", "inflow (M)": 14.08}, {"rank": 9, "name": "2318 Long", "inflow (M)": 13.27}, {"rank": 10, "name": "2015 Long", "inflow (M)": 10.13}, {"rank": 11, "name": "0027 Long", "inflow (M)": 8.95}, {"rank": 12, "name": "0857 Long", "inflow (M)": 8.03}, {"rank": 13, "name": "0981 Long", "inflow (M)": 7.76}, {"rank": 14, "name": "9888 Long", "inflow (M)": 6.88}, {"rank": 15, "name": "1810 Short", "inflow (M)": 6.73}, {"rank": 16, "name": "0883 Long", "inflow (M)": 6.73}, {"rank": 17, "name": "2382 Long", "inflow (M)": 6.02}, {"rank": 18, "name": "9999 Long", "inflow (M)": 5.4}, {"rank": 19, "name": "0268 Long", "inflow (M)": 5.2}, {"rank": 20, "name": "3993 Long", "inflow (M)": 5.14}], "top20outflow_20d": [{"rank": 1, "name": "0700 Long", "outflow (M)": 73.04}, {"rank": 2, "name": "3690 Long", "outflow (M)": 38.02}, {"rank": 3, "name": "0941 Long", "outflow (M)": 21.86}, {"rank": 4, "name": "1211 Short", "outflow (M)": 10.34}, {"rank": 5, "name": "3968 Long", "outflow (M)": 8.18}, {"rank": 6, "name": "0175 Long", "outflow (M)": 6.93}, {"rank": 7, "name": "0005 Long", "outflow (M)": 6.1}, {"rank": 8, "name": "9868 Short", "outflow (M)": 3.55}, {"rank": 9, "name": "NDX Short", "outflow (M)": 3.29}, {"rank": 10, "name": "0386 Long", "outflow (M)": 2.71}, {"rank": 11, "name": "9618 Short", "outflow (M)": 2.68}, {"rank": 12, "name": "0358 Long", "outflow (M)": 2.52}, {"rank": 13, "name": "N225 Short", "outflow (M)": 2.21}, {"rank": 14, "name": "SPX Short", "outflow (M)": 1.99}, {"rank": 15, "name": "2840 Long", "outflow (M)": 1.91}, {"rank": 16, "name": "2382 Short", "outflow (M)": 1.81}, {"rank": 17, "name": "0939 Long", "outflow (M)": 1.75}, {"rank": 18, "name": "1024 Short", "outflow (M)": 1.55}, {"rank": 19, "name": "2015 Short", "outflow (M)": 1.46}, {"rank": 20, "name": "0388 Short", "outflow (M)": 1.3}], "stats": {"hsi long pos": "+147.92M", "hsi short pos:": "+149.35M", "stocks long pos": "+168.94M", "stocks short pos": "+109.63M"}}