{"top20inflow_20d": [{"rank": 1, "name": "HSI Long", "inflow (M)": 190.32}, {"rank": 2, "name": "HSI Short", "inflow (M)": 83.22}, {"rank": 3, "name": "0700 Long", "inflow (M)": 74.68}, {"rank": 4, "name": "3690 Long", "inflow (M)": 58.72}, {"rank": 5, "name": "DJI Short", "inflow (M)": 16.93}, {"rank": 6, "name": "1211 Short", "inflow (M)": 14.84}, {"rank": 7, "name": "1810 Long", "inflow (M)": 13.32}, {"rank": 8, "name": "2318 Long", "inflow (M)": 11.85}, {"rank": 9, "name": "9988 Long", "inflow (M)": 10.82}, {"rank": 10, "name": "3690 Short", "inflow (M)": 10.77}, {"rank": 11, "name": "1024 Long", "inflow (M)": 10.09}, {"rank": 12, "name": "HSTECH Long", "inflow (M)": 8.3}, {"rank": 13, "name": "1211 Long", "inflow (M)": 7.49}, {"rank": 14, "name": "0981 Long", "inflow (M)": 6.56}, {"rank": 15, "name": "0883 Long", "inflow (M)": 4.98}, {"rank": 16, "name": "0941 Short", "inflow (M)": 4.71}, {"rank": 17, "name": "9618 Long", "inflow (M)": 3.95}, {"rank": 18, "name": "2382 Long", "inflow (M)": 3.89}, {"rank": 19, "name": "0388 Long", "inflow (M)": 3.51}, {"rank": 20, "name": "JPYD Long", "inflow (M)": 3.39}], "top20outflow_20d": [{"rank": 1, "name": "0700 Short", "outflow (M)": 23.25}, {"rank": 2, "name": "9988 Short", "outflow (M)": 11.81}, {"rank": 3, "name": "0823 Long", "outflow (M)": 6.76}, {"rank": 4, "name": "0388 Short", "outflow (M)": 5.71}, {"rank": 5, "name": "0005 Long", "outflow (M)": 4.19}, {"rank": 6, "name": "2318 Short", "outflow (M)": 3.59}, {"rank": 7, "name": "1810 Short", "outflow (M)": 1.43}, {"rank": 8, "name": "9868 Short", "outflow (M)": 1.33}, {"rank": 9, "name": "9618 Short", "outflow (M)": 1.11}, {"rank": 10, "name": "0902 Long", "outflow (M)": 1.11}, {"rank": 11, "name": "1024 Short", "outflow (M)": 0.98}, {"rank": 12, "name": "0941 Long", "outflow (M)": 0.94}, {"rank": 13, "name": "2269 Short", "outflow (M)": 0.87}, {"rank": 14, "name": "2331 Short", "outflow (M)": 0.78}, {"rank": 15, "name": "2382 Short", "outflow (M)": 0.76}, {"rank": 16, "name": "1928 Long", "outflow (M)": 0.73}, {"rank": 17, "name": "0857 Long", "outflow (M)": 0.7}, {"rank": 18, "name": "1171 Long", "outflow (M)": 0.67}, {"rank": 19, "name": "0017 Long", "outflow (M)": 0.61}, {"rank": 20, "name": "HSTECH Short", "outflow (M)": 0.53}], "stats": {"hsi long pos": "+212.06M", "hsi short pos:": "+67.63M", "stocks long pos": "+241.24M", "stocks short pos": "-17.58M"}}