{"top20inflow_20d": [{"rank": 1, "name": "HSI Long", "inflow (M)": 248.83}, {"rank": 2, "name": "HSI Short", "inflow (M)": 124.94}, {"rank": 3, "name": "9988 Long", "inflow (M)": 96.66}, {"rank": 4, "name": "0700 Short", "inflow (M)": 48.12}, {"rank": 5, "name": "9988 Short", "inflow (M)": 38.74}, {"rank": 6, "name": "1810 Long", "inflow (M)": 37.7}, {"rank": 7, "name": "3690 Long", "inflow (M)": 33.4}, {"rank": 8, "name": "2318 Long", "inflow (M)": 33.12}, {"rank": 9, "name": "1211 Long", "inflow (M)": 30.51}, {"rank": 10, "name": "0388 Long", "inflow (M)": 28.52}, {"rank": 11, "name": "DJI Short", "inflow (M)": 20.56}, {"rank": 12, "name": "NDX Short", "inflow (M)": 13.89}, {"rank": 13, "name": "1810 Short", "inflow (M)": 12.31}, {"rank": 14, "name": "2269 Long", "inflow (M)": 6.42}, {"rank": 15, "name": "0175 Long", "inflow (M)": 6.19}, {"rank": 16, "name": "6862 Long", "inflow (M)": 4.42}, {"rank": 17, "name": "N225 Short", "inflow (M)": 4.21}, {"rank": 18, "name": "3968 Long", "inflow (M)": 4.1}, {"rank": 19, "name": "9888 Long", "inflow (M)": 3.98}, {"rank": 20, "name": "1928 Long", "inflow (M)": 3.75}], "top20outflow_20d": [{"rank": 1, "name": "0700 Long", "outflow (M)": 27.5}, {"rank": 2, "name": "0005 Long", "outflow (M)": 11.4}, {"rank": 3, "name": "1024 Long", "outflow (M)": 8.06}, {"rank": 4, "name": "9618 Long", "outflow (M)": 6.4}, {"rank": 5, "name": "1211 Short", "outflow (M)": 2.51}, {"rank": 6, "name": "0388 Short", "outflow (M)": 2.32}, {"rank": 7, "name": "2269 Short", "outflow (M)": 1.96}, {"rank": 8, "name": "0981 Short", "outflow (M)": 1.93}, {"rank": 9, "name": "9992 Long", "outflow (M)": 1.9}, {"rank": 10, "name": "0823 Long", "outflow (M)": 1.48}, {"rank": 11, "name": "2015 Long", "outflow (M)": 1.48}, {"rank": 12, "name": "0902 Long", "outflow (M)": 1.42}, {"rank": 13, "name": "1177 Long", "outflow (M)": 1.28}, {"rank": 14, "name": "0135 Long", "outflow (M)": 1.19}, {"rank": 15, "name": "N225 Long", "outflow (M)": 0.99}, {"rank": 16, "name": "0669 Long", "outflow (M)": 0.97}, {"rank": 17, "name": "0941 Short", "outflow (M)": 0.89}, {"rank": 18, "name": "2899 Long", "outflow (M)": 0.88}, {"rank": 19, "name": "NDX Long", "outflow (M)": 0.85}, {"rank": 20, "name": "0489 Long", "outflow (M)": 0.74}], "stats": {"hsi long pos": "+248.83M", "hsi short pos:": "+124.94M", "stocks long pos": "+278.17M", "stocks short pos": "+101.14M"}}