{"top20inflow_1d": [{"rank": 1, "name": "HSI Long", "inflow (M)": 25.98}, {"rank": 2, "name": "0005 Long", "inflow (M)": 2.66}, {"rank": 3, "name": "1211 Short", "inflow (M)": 2.26}, {"rank": 4, "name": "0700 Short", "inflow (M)": 1.68}, {"rank": 5, "name": "0388 Short", "inflow (M)": 0.88}, {"rank": 6, "name": "0354 Long", "inflow (M)": 0.84}, {"rank": 7, "name": "1357 Long", "inflow (M)": 0.77}, {"rank": 8, "name": "9868 Short", "inflow (M)": 0.69}, {"rank": 9, "name": "9868 Long", "inflow (M)": 0.61}, {"rank": 10, "name": "1810 Long", "inflow (M)": 0.54}, {"rank": 11, "name": "9618 Long", "inflow (M)": 0.46}, {"rank": 12, "name": "NDX Short", "inflow (M)": 0.45}, {"rank": 13, "name": "0981 Long", "inflow (M)": 0.41}, {"rank": 14, "name": "1299 Short", "inflow (M)": 0.41}, {"rank": 15, "name": "2015 Short", "inflow (M)": 0.39}, {"rank": 16, "name": "1797 Long", "inflow (M)": 0.39}, {"rank": 17, "name": "1347 Long", "inflow (M)": 0.35}, {"rank": 18, "name": "2269 Long", "inflow (M)": 0.26}, {"rank": 19, "name": "DJI Short", "inflow (M)": 0.25}, {"rank": 20, "name": "0914 Long", "inflow (M)": 0.25}], "top20outflow_1d": [{"rank": 1, "name": "HSI Short", "outflow (M)": 19.9}, {"rank": 2, "name": "3690 Long", "outflow (M)": 8.3}, {"rank": 3, "name": "0700 Long", "outflow (M)": 2.92}, {"rank": 4, "name": "0388 Long", "outflow (M)": 0.94}, {"rank": 5, "name": "2382 Long", "outflow (M)": 0.85}, {"rank": 6, "name": "3690 Short", "outflow (M)": 0.78}, {"rank": 7, "name": "2269 Short", "outflow (M)": 0.44}, {"rank": 8, "name": "1024 Long", "outflow (M)": 0.43}, {"rank": 9, "name": "2015 Long", "outflow (M)": 0.38}, {"rank": 10, "name": "9988 Short", "outflow (M)": 0.31}, {"rank": 11, "name": "2380 Long", "outflow (M)": 0.29}, {"rank": 12, "name": "1211 Long", "outflow (M)": 0.28}, {"rank": 13, "name": "2382 Short", "outflow (M)": 0.24}, {"rank": 14, "name": "2020 Long", "outflow (M)": 0.23}, {"rank": 15, "name": "2333 Long", "outflow (M)": 0.22}, {"rank": 16, "name": "9988 Long", "outflow (M)": 0.22}, {"rank": 17, "name": "2318 Long", "outflow (M)": 0.19}, {"rank": 18, "name": "1093 Short", "outflow (M)": 0.18}, {"rank": 19, "name": "0788 Long", "outflow (M)": 0.16}, {"rank": 20, "name": "0005 Short", "outflow (M)": 0.13}], "stats": {"hsi long pos": "+24.19M", "hsi short pos:": "-40.84M", "stocks long pos": "-3.42M", "stocks short pos": "+4.89M"}}