{"top20inflow_10d": [{"rank": 1, "name": "HSI Short", "inflow (M)": 67.83}, {"rank": 2, "name": "1299 Long", "inflow (M)": 43.81}, {"rank": 3, "name": "HSI Long", "inflow (M)": 39.45}, {"rank": 4, "name": "9988 Long", "inflow (M)": 27.57}, {"rank": 5, "name": "0941 Long", "inflow (M)": 18.81}, {"rank": 6, "name": "2269 Long", "inflow (M)": 15.75}, {"rank": 7, "name": "0700 Short", "inflow (M)": 12.79}, {"rank": 8, "name": "NDX Long", "inflow (M)": 12.54}, {"rank": 9, "name": "1810 Long", "inflow (M)": 9.47}, {"rank": 10, "name": "1211 Short", "inflow (M)": 8.64}, {"rank": 11, "name": "2318 Long", "inflow (M)": 7.86}, {"rank": 12, "name": "1024 Long", "inflow (M)": 6.31}, {"rank": 13, "name": "0883 Long", "inflow (M)": 5.36}, {"rank": 14, "name": "2382 Long", "inflow (M)": 5.1}, {"rank": 15, "name": "2015 Long", "inflow (M)": 4.99}, {"rank": 16, "name": "0268 Long", "inflow (M)": 4.28}, {"rank": 17, "name": "0788 Long", "inflow (M)": 4.14}, {"rank": 18, "name": "9868 Long", "inflow (M)": 3.64}, {"rank": 19, "name": "JPYD Long", "inflow (M)": 3.46}, {"rank": 20, "name": "SPX Long", "inflow (M)": 3.43}], "top20outflow_10d": [{"rank": 1, "name": "3690 Long", "outflow (M)": 23.55}, {"rank": 2, "name": "1211 Long", "outflow (M)": 14.64}, {"rank": 3, "name": "0700 Long", "outflow (M)": 9.52}, {"rank": 4, "name": "0005 Long", "outflow (M)": 6.07}, {"rank": 5, "name": "9618 Long", "outflow (M)": 4.69}, {"rank": 6, "name": "0857 Long", "outflow (M)": 3.77}, {"rank": 7, "name": "2840 Long", "outflow (M)": 3.21}, {"rank": 8, "name": "3690 Short", "outflow (M)": 2.74}, {"rank": 9, "name": "2015 Short", "outflow (M)": 2.46}, {"rank": 10, "name": "9988 Short", "outflow (M)": 2.35}, {"rank": 11, "name": "0388 Short", "outflow (M)": 2.02}, {"rank": 12, "name": "1299 Short", "outflow (M)": 1.67}, {"rank": 13, "name": "2269 Short", "outflow (M)": 1.38}, {"rank": 14, "name": "9626 Long", "outflow (M)": 1.38}, {"rank": 15, "name": "3968 Long", "outflow (M)": 1.25}, {"rank": 16, "name": "1109 Long", "outflow (M)": 1.22}, {"rank": 17, "name": "0291 Long", "outflow (M)": 1.09}, {"rank": 18, "name": "1088 Long", "outflow (M)": 1.07}, {"rank": 19, "name": "9999 Short", "outflow (M)": 1.03}, {"rank": 20, "name": "2380 Long", "outflow (M)": 0.93}], "stats": {"hsi long pos": "-1.39M", "hsi short pos:": "+71.33M", "stocks long pos": "+123.09M", "stocks short pos": "+25.47M"}}