{"top20inflow_1d": [{"rank": 1, "name": "HSI Short", "inflow (M)": 97.71}, {"rank": 2, "name": "0700 Short", "inflow (M)": 14.18}, {"rank": 3, "name": "3690 Short", "inflow (M)": 8.83}, {"rank": 4, "name": "1211 Short", "inflow (M)": 7.74}, {"rank": 5, "name": "0005 Long", "inflow (M)": 6.11}, {"rank": 6, "name": "9961 Short", "inflow (M)": 4.12}, {"rank": 7, "name": "2318 Short", "inflow (M)": 3.39}, {"rank": 8, "name": "0388 Short", "inflow (M)": 3.27}, {"rank": 9, "name": "3968 Short", "inflow (M)": 2.39}, {"rank": 10, "name": "1299 Short", "inflow (M)": 2.11}, {"rank": 11, "name": "0939 Short", "inflow (M)": 1.49}, {"rank": 12, "name": "1024 Short", "inflow (M)": 1.18}, {"rank": 13, "name": "9618 Short", "inflow (M)": 0.85}, {"rank": 14, "name": "3800 Long", "inflow (M)": 0.7}, {"rank": 15, "name": "0011 Long", "inflow (M)": 0.61}, {"rank": 16, "name": "0883 Short", "inflow (M)": 0.56}, {"rank": 17, "name": "0992 Short", "inflow (M)": 0.54}, {"rank": 18, "name": "2015 Short", "inflow (M)": 0.53}, {"rank": 19, "name": "0941 Short", "inflow (M)": 0.51}, {"rank": 20, "name": "3988 Short", "inflow (M)": 0.45}], "top20outflow_1d": [{"rank": 1, "name": "HSI Long", "outflow (M)": 119.95}, {"rank": 2, "name": "0700 Long", "outflow (M)": 24.59}, {"rank": 3, "name": "3690 Long", "outflow (M)": 10.3}, {"rank": 4, "name": "2318 Long", "outflow (M)": 4.29}, {"rank": 5, "name": "1211 Long", "outflow (M)": 3.11}, {"rank": 6, "name": "1299 Long", "outflow (M)": 2.84}, {"rank": 7, "name": "1810 Long", "outflow (M)": 2.6}, {"rank": 8, "name": "0388 Long", "outflow (M)": 2.6}, {"rank": 9, "name": "HSTECH Long", "outflow (M)": 2.31}, {"rank": 10, "name": "1109 Long", "outflow (M)": 2.22}, {"rank": 11, "name": "0788 Long", "outflow (M)": 2.16}, {"rank": 12, "name": "0005 Short", "outflow (M)": 2.13}, {"rank": 13, "name": "2628 Long", "outflow (M)": 1.83}, {"rank": 14, "name": "2822 Long", "outflow (M)": 1.76}, {"rank": 15, "name": "0883 Long", "outflow (M)": 1.65}, {"rank": 16, "name": "9988 Long", "outflow (M)": 1.6}, {"rank": 17, "name": "0941 Long", "outflow (M)": 1.49}, {"rank": 18, "name": "1024 Long", "outflow (M)": 1.45}, {"rank": 19, "name": "0992 Long", "outflow (M)": 1.37}, {"rank": 20, "name": "2269 Long", "outflow (M)": 1.32}], "stats": {"hsi long pos": "-119.95M", "hsi short pos:": "+97.71M", "stocks long pos": "-69.61M", "stocks short pos": "+49.66M"}}