{"top20inflow_10d": [{"rank": 1, "name": "HSI Long", "inflow (M)": 192.94}, {"rank": 2, "name": "0700 Long", "inflow (M)": 108.89}, {"rank": 3, "name": "9988 Long", "inflow (M)": 29.4}, {"rank": 4, "name": "3690 Long", "inflow (M)": 21.11}, {"rank": 5, "name": "9888 Long", "inflow (M)": 20.22}, {"rank": 6, "name": "1299 Long", "inflow (M)": 20.07}, {"rank": 7, "name": "0388 Long", "inflow (M)": 20.01}, {"rank": 8, "name": "3690 Short", "inflow (M)": 17.21}, {"rank": 9, "name": "2318 Long", "inflow (M)": 9.1}, {"rank": 10, "name": "1211 Short", "inflow (M)": 6.03}, {"rank": 11, "name": "2015 Long", "inflow (M)": 5.96}, {"rank": 12, "name": "0005 Short", "inflow (M)": 5.78}, {"rank": 13, "name": "9618 Short", "inflow (M)": 5.3}, {"rank": 14, "name": "0941 Long", "inflow (M)": 5.03}, {"rank": 15, "name": "JPYD Long", "inflow (M)": 4.73}, {"rank": 16, "name": "1810 Long", "inflow (M)": 4.39}, {"rank": 17, "name": "0027 Long", "inflow (M)": 3.99}, {"rank": 18, "name": "9999 Long", "inflow (M)": 3.78}, {"rank": 19, "name": "0386 Long", "inflow (M)": 3.32}, {"rank": 20, "name": "9961 Long", "inflow (M)": 3.29}], "top20outflow_10d": [{"rank": 1, "name": "HSI Short", "outflow (M)": 21.68}, {"rank": 2, "name": "0700 Short", "outflow (M)": 21.21}, {"rank": 3, "name": "0005 Long", "outflow (M)": 13.37}, {"rank": 4, "name": "3968 Long", "outflow (M)": 5.76}, {"rank": 5, "name": "9988 Short", "outflow (M)": 4.6}, {"rank": 6, "name": "3968 Short", "outflow (M)": 4.56}, {"rank": 7, "name": "9961 Short", "outflow (M)": 3.99}, {"rank": 8, "name": "1299 Short", "outflow (M)": 3.95}, {"rank": 9, "name": "2269 Short", "outflow (M)": 3.64}, {"rank": 10, "name": "2318 Short", "outflow (M)": 3.53}, {"rank": 11, "name": "0992 Long", "outflow (M)": 3.43}, {"rank": 12, "name": "0388 Short", "outflow (M)": 3.05}, {"rank": 13, "name": "0027 Short", "outflow (M)": 1.9}, {"rank": 14, "name": "0939 Short", "outflow (M)": 1.6}, {"rank": 15, "name": "0175 Long", "outflow (M)": 1.44}, {"rank": 16, "name": "2382 Short", "outflow (M)": 1.4}, {"rank": 17, "name": "0941 Short", "outflow (M)": 1.19}, {"rank": 18, "name": "2018 Long", "outflow (M)": 0.84}, {"rank": 19, "name": "0981 Long", "outflow (M)": 0.77}, {"rank": 20, "name": "3188 Long", "outflow (M)": 0.76}], "stats": {"hsi long pos": "+192.94M", "hsi short pos:": "-21.68M", "stocks long pos": "+277.60M", "stocks short pos": "-17.68M"}}