{"top20inflow_1d": [{"rank": 1, "name": "HSI Long", "inflow (M)": 13.88}, {"rank": 2, "name": "0700 Long", "inflow (M)": 9.32}, {"rank": 3, "name": "1299 Long", "inflow (M)": 6.48}, {"rank": 4, "name": "0268 Long", "inflow (M)": 4.32}, {"rank": 5, "name": "0388 Long", "inflow (M)": 2.85}, {"rank": 6, "name": "1810 Long", "inflow (M)": 2.75}, {"rank": 7, "name": "2015 Long", "inflow (M)": 2.72}, {"rank": 8, "name": "2899 Long", "inflow (M)": 2.2}, {"rank": 9, "name": "3690 Long", "inflow (M)": 1.73}, {"rank": 10, "name": "9618 Long", "inflow (M)": 1.15}, {"rank": 11, "name": "0941 Long", "inflow (M)": 0.78}, {"rank": 12, "name": "NDX Short", "inflow (M)": 0.74}, {"rank": 13, "name": "JPYD Long", "inflow (M)": 0.73}, {"rank": 14, "name": "2331 Long", "inflow (M)": 0.72}, {"rank": 15, "name": "DJI Short", "inflow (M)": 0.58}, {"rank": 16, "name": "0992 Long", "inflow (M)": 0.56}, {"rank": 17, "name": "0358 Long", "inflow (M)": 0.5}, {"rank": 18, "name": "1810 Short", "inflow (M)": 0.48}, {"rank": 19, "name": "9988 Long", "inflow (M)": 0.47}, {"rank": 20, "name": "1211 Long", "inflow (M)": 0.46}], "top20outflow_1d": [{"rank": 1, "name": "0700 Short", "outflow (M)": 6.54}, {"rank": 2, "name": "HSI Short", "outflow (M)": 2.41}, {"rank": 3, "name": "9618 Short", "outflow (M)": 2.13}, {"rank": 4, "name": "0388 Short", "outflow (M)": 1.12}, {"rank": 5, "name": "0883 Long", "outflow (M)": 1.0}, {"rank": 6, "name": "3690 Short", "outflow (M)": 0.84}, {"rank": 7, "name": "0005 Long", "outflow (M)": 0.69}, {"rank": 8, "name": "2269 Short", "outflow (M)": 0.67}, {"rank": 9, "name": "1024 Short", "outflow (M)": 0.58}, {"rank": 10, "name": "2318 Long", "outflow (M)": 0.58}, {"rank": 11, "name": "6969 Long", "outflow (M)": 0.55}, {"rank": 12, "name": "9988 Short", "outflow (M)": 0.45}, {"rank": 13, "name": "NDX Long", "outflow (M)": 0.41}, {"rank": 14, "name": "9698 Long", "outflow (M)": 0.38}, {"rank": 15, "name": "9999 Long", "outflow (M)": 0.37}, {"rank": 16, "name": "3800 Long", "outflow (M)": 0.29}, {"rank": 17, "name": "1024 Long", "outflow (M)": 0.23}, {"rank": 18, "name": "9999 Short", "outflow (M)": 0.22}, {"rank": 19, "name": "0763 Long", "outflow (M)": 0.21}, {"rank": 20, "name": "0175 Long", "outflow (M)": 0.21}], "stats": {"hsi long pos": "+29.08M", "hsi short pos:": "-11.30M", "stocks long pos": "+37.29M", "stocks short pos": "-13.58M"}}