{"top20inflow_1d": [{"rank": 1, "name": "HSI Long", "inflow (M)": 19.39}, {"rank": 2, "name": "0700 Long", "inflow (M)": 11.97}, {"rank": 3, "name": "3690 Long", "inflow (M)": 5.26}, {"rank": 4, "name": "9988 Long", "inflow (M)": 2.98}, {"rank": 5, "name": "0388 Long", "inflow (M)": 2.14}, {"rank": 6, "name": "2318 Long", "inflow (M)": 1.86}, {"rank": 7, "name": "HSTECH Long", "inflow (M)": 1.68}, {"rank": 8, "name": "1211 Long", "inflow (M)": 1.68}, {"rank": 9, "name": "1810 Long", "inflow (M)": 1.53}, {"rank": 10, "name": "0005 Short", "inflow (M)": 1.42}, {"rank": 11, "name": "1299 Short", "inflow (M)": 1.32}, {"rank": 12, "name": "2269 Long", "inflow (M)": 1.31}, {"rank": 13, "name": "0027 Long", "inflow (M)": 1.22}, {"rank": 14, "name": "9999 Long", "inflow (M)": 0.91}, {"rank": 15, "name": "9618 Long", "inflow (M)": 0.91}, {"rank": 16, "name": "2628 Long", "inflow (M)": 0.83}, {"rank": 17, "name": "0981 Long", "inflow (M)": 0.8}, {"rank": 18, "name": "9888 Long", "inflow (M)": 0.8}, {"rank": 19, "name": "0992 Long", "inflow (M)": 0.68}, {"rank": 20, "name": "1299 Long", "inflow (M)": 0.53}], "top20outflow_1d": [{"rank": 1, "name": "HSI Short", "outflow (M)": 13.9}, {"rank": 2, "name": "0700 Short", "outflow (M)": 7.87}, {"rank": 3, "name": "NDX Long", "outflow (M)": 1.57}, {"rank": 4, "name": "0388 Short", "outflow (M)": 1.09}, {"rank": 5, "name": "1211 Short", "outflow (M)": 0.91}, {"rank": 6, "name": "9868 Short", "outflow (M)": 0.55}, {"rank": 7, "name": "3690 Short", "outflow (M)": 0.52}, {"rank": 8, "name": "2359 Long", "outflow (M)": 0.51}, {"rank": 9, "name": "0027 Short", "outflow (M)": 0.48}, {"rank": 10, "name": "3968 Short", "outflow (M)": 0.47}, {"rank": 11, "name": "1928 Long", "outflow (M)": 0.46}, {"rank": 12, "name": "2318 Short", "outflow (M)": 0.38}, {"rank": 13, "name": "0981 Short", "outflow (M)": 0.37}, {"rank": 14, "name": "3800 Long", "outflow (M)": 0.37}, {"rank": 15, "name": "0788 Long", "outflow (M)": 0.31}, {"rank": 16, "name": "9888 Short", "outflow (M)": 0.24}, {"rank": 17, "name": "1801 Long", "outflow (M)": 0.23}, {"rank": 18, "name": "0316 Long", "outflow (M)": 0.22}, {"rank": 19, "name": "1177 Long", "outflow (M)": 0.21}, {"rank": 20, "name": "2600 Long", "outflow (M)": 0.19}], "stats": {"hsi long pos": "+19.39M", "hsi short pos:": "-13.90M", "stocks long pos": "+37.28M", "stocks short pos": "-8.34M"}}