{"top20inflow_20d": [{"rank": 1, "name": "HSI Long", "inflow (M)": 220.94}, {"rank": 2, "name": "9988 Long", "inflow (M)": 102.66}, {"rank": 3, "name": "HSI Short", "inflow (M)": 86.98}, {"rank": 4, "name": "9988 Short", "inflow (M)": 56.91}, {"rank": 5, "name": "0700 Short", "inflow (M)": 48.35}, {"rank": 6, "name": "1810 Long", "inflow (M)": 45.34}, {"rank": 7, "name": "2318 Long", "inflow (M)": 35.27}, {"rank": 8, "name": "0388 Long", "inflow (M)": 22.67}, {"rank": 9, "name": "1211 Long", "inflow (M)": 22.66}, {"rank": 10, "name": "DJI Short", "inflow (M)": 20.37}, {"rank": 11, "name": "3690 Long", "inflow (M)": 15.46}, {"rank": 12, "name": "1810 Short", "inflow (M)": 14.41}, {"rank": 13, "name": "NDX Short", "inflow (M)": 13.4}, {"rank": 14, "name": "0175 Long", "inflow (M)": 5.89}, {"rank": 15, "name": "9888 Long", "inflow (M)": 4.62}, {"rank": 16, "name": "6862 Long", "inflow (M)": 4.4}, {"rank": 17, "name": "0883 Long", "inflow (M)": 3.95}, {"rank": 18, "name": "3968 Long", "inflow (M)": 3.67}, {"rank": 19, "name": "N225 Short", "inflow (M)": 3.22}, {"rank": 20, "name": "1928 Long", "inflow (M)": 3.15}], "top20outflow_20d": [{"rank": 1, "name": "0700 Long", "outflow (M)": 36.17}, {"rank": 2, "name": "9618 Long", "outflow (M)": 7.12}, {"rank": 3, "name": "0388 Short", "outflow (M)": 7.05}, {"rank": 4, "name": "3690 Short", "outflow (M)": 6.13}, {"rank": 5, "name": "1024 Long", "outflow (M)": 5.26}, {"rank": 6, "name": "1211 Short", "outflow (M)": 3.1}, {"rank": 7, "name": "SPX Long", "outflow (M)": 2.87}, {"rank": 8, "name": "0005 Short", "outflow (M)": 2.31}, {"rank": 9, "name": "0005 Long", "outflow (M)": 2.12}, {"rank": 10, "name": "9992 Long", "outflow (M)": 2.07}, {"rank": 11, "name": "0823 Long", "outflow (M)": 1.92}, {"rank": 12, "name": "2269 Short", "outflow (M)": 1.67}, {"rank": 13, "name": "0941 Short", "outflow (M)": 1.56}, {"rank": 14, "name": "0902 Long", "outflow (M)": 1.5}, {"rank": 15, "name": "0939 Short", "outflow (M)": 1.48}, {"rank": 16, "name": "1177 Long", "outflow (M)": 1.24}, {"rank": 17, "name": "NDX Long", "outflow (M)": 1.2}, {"rank": 18, "name": "0135 Long", "outflow (M)": 1.17}, {"rank": 19, "name": "2020 Short", "outflow (M)": 1.07}, {"rank": 20, "name": "0669 Long", "outflow (M)": 1.03}], "stats": {"hsi long pos": "+220.94M", "hsi short pos:": "+86.98M", "stocks long pos": "+262.13M", "stocks short pos": "+100.13M"}}