{"top20inflow_10d": [{"rank": 1, "name": "HSI Short", "inflow (M)": 217.24}, {"rank": 2, "name": "9988 Long", "inflow (M)": 25.05}, {"rank": 3, "name": "0005 Long", "inflow (M)": 15.94}, {"rank": 4, "name": "0700 Long", "inflow (M)": 14.3}, {"rank": 5, "name": "3690 Short", "inflow (M)": 9.73}, {"rank": 6, "name": "1211 Short", "inflow (M)": 7.55}, {"rank": 7, "name": "9961 Short", "inflow (M)": 7.15}, {"rank": 8, "name": "0981 Long", "inflow (M)": 4.64}, {"rank": 9, "name": "2318 Short", "inflow (M)": 4.02}, {"rank": 10, "name": "0883 Short", "inflow (M)": 3.29}, {"rank": 11, "name": "3968 Short", "inflow (M)": 3.23}, {"rank": 12, "name": "1299 Short", "inflow (M)": 2.64}, {"rank": 13, "name": "DJI Short", "inflow (M)": 2.62}, {"rank": 14, "name": "2269 Long", "inflow (M)": 2.58}, {"rank": 15, "name": "9618 Long", "inflow (M)": 2.29}, {"rank": 16, "name": "N225 Short", "inflow (M)": 2.17}, {"rank": 17, "name": "0823 Long", "inflow (M)": 2.11}, {"rank": 18, "name": "9999 Long", "inflow (M)": 2.03}, {"rank": 19, "name": "1810 Short", "inflow (M)": 2.02}, {"rank": 20, "name": "0857 Long", "inflow (M)": 2.0}], "top20outflow_10d": [{"rank": 1, "name": "HSI Long", "outflow (M)": 119.58}, {"rank": 2, "name": "3690 Long", "outflow (M)": 24.57}, {"rank": 3, "name": "9988 Short", "outflow (M)": 11.29}, {"rank": 4, "name": "0700 Short", "outflow (M)": 6.55}, {"rank": 5, "name": "1299 Long", "outflow (M)": 5.03}, {"rank": 6, "name": "2318 Long", "outflow (M)": 4.73}, {"rank": 7, "name": "0388 Long", "outflow (M)": 3.49}, {"rank": 8, "name": "1928 Long", "outflow (M)": 3.24}, {"rank": 9, "name": "0941 Long", "outflow (M)": 3.22}, {"rank": 10, "name": "3968 Long", "outflow (M)": 3.21}, {"rank": 11, "name": "1211 Long", "outflow (M)": 3.18}, {"rank": 12, "name": "0883 Long", "outflow (M)": 3.1}, {"rank": 13, "name": "2269 Short", "outflow (M)": 2.68}, {"rank": 14, "name": "1398 Long", "outflow (M)": 2.22}, {"rank": 15, "name": "0788 Long", "outflow (M)": 2.12}, {"rank": 16, "name": "NDX Long", "outflow (M)": 2.11}, {"rank": 17, "name": "SPX Short", "outflow (M)": 2.08}, {"rank": 18, "name": "0939 Long", "outflow (M)": 1.83}, {"rank": 19, "name": "9868 Short", "outflow (M)": 1.79}, {"rank": 20, "name": "2822 Long", "outflow (M)": 1.74}], "stats": {"hsi long pos": "-119.58M", "hsi short pos:": "+217.24M", "stocks long pos": "+11.27M", "stocks short pos": "+23.85M"}}