{"top20inflow_20d": [{"rank": 1, "name": "HSI Short", "inflow (M)": 222.0}, {"rank": 2, "name": "HSI Long", "inflow (M)": 49.13}, {"rank": 3, "name": "9988 Long", "inflow (M)": 33.55}, {"rank": 4, "name": "0700 Long", "inflow (M)": 26.35}, {"rank": 5, "name": "2269 Long", "inflow (M)": 24.53}, {"rank": 6, "name": "3690 Long", "inflow (M)": 18.8}, {"rank": 7, "name": "3690 Short", "inflow (M)": 14.72}, {"rank": 8, "name": "1211 Long", "inflow (M)": 14.49}, {"rank": 9, "name": "0883 Long", "inflow (M)": 12.79}, {"rank": 10, "name": "2269 Short", "inflow (M)": 11.82}, {"rank": 11, "name": "3968 Long", "inflow (M)": 11.75}, {"rank": 12, "name": "9988 Short", "inflow (M)": 11.69}, {"rank": 13, "name": "0981 Long", "inflow (M)": 9.37}, {"rank": 14, "name": "2318 Long", "inflow (M)": 8.76}, {"rank": 15, "name": "JPYD Long", "inflow (M)": 7.69}, {"rank": 16, "name": "0005 Short", "inflow (M)": 7.23}, {"rank": 17, "name": "9999 Short", "inflow (M)": 6.58}, {"rank": 18, "name": "HSTECH Long", "inflow (M)": 6.18}, {"rank": 19, "name": "DJI Short", "inflow (M)": 6.08}, {"rank": 20, "name": "0992 Long", "inflow (M)": 5.83}], "top20outflow_20d": [{"rank": 1, "name": "1211 Short", "outflow (M)": 47.34}, {"rank": 2, "name": "0700 Short", "outflow (M)": 21.44}, {"rank": 3, "name": "1299 Long", "outflow (M)": 8.82}, {"rank": 4, "name": "0005 Long", "outflow (M)": 5.46}, {"rank": 5, "name": "9888 Long", "outflow (M)": 3.89}, {"rank": 6, "name": "0992 Short", "outflow (M)": 2.56}, {"rank": 7, "name": "1928 Long", "outflow (M)": 1.86}, {"rank": 8, "name": "0027 Long", "outflow (M)": 1.82}, {"rank": 9, "name": "NDX Long", "outflow (M)": 1.57}, {"rank": 10, "name": "0981 Short", "outflow (M)": 1.5}, {"rank": 11, "name": "1398 Long", "outflow (M)": 1.48}, {"rank": 12, "name": "9633 Long", "outflow (M)": 1.08}, {"rank": 13, "name": "9888 Short", "outflow (M)": 1.0}, {"rank": 14, "name": "0857 Long", "outflow (M)": 0.75}, {"rank": 15, "name": "2800 Long", "outflow (M)": 0.61}, {"rank": 16, "name": "0788 Long", "outflow (M)": 0.47}, {"rank": 17, "name": "1658 Long", "outflow (M)": 0.47}, {"rank": 18, "name": "2018 Short", "outflow (M)": 0.44}, {"rank": 19, "name": "N225 Long", "outflow (M)": 0.43}, {"rank": 20, "name": "0688 Long", "outflow (M)": 0.39}], "stats": {"hsi long pos": "+49.13M", "hsi short pos:": "+222.00M", "stocks long pos": "+204.25M", "stocks short pos": "+8.07M"}}