{"top20inflow_5d": [{"rank": 1, "name": "HSI Short", "inflow (M)": 229.86}, {"rank": 2, "name": "0005 Long", "inflow (M)": 14.81}, {"rank": 3, "name": "3690 Short", "inflow (M)": 10.12}, {"rank": 4, "name": "1211 Short", "inflow (M)": 9.02}, {"rank": 5, "name": "9961 Short", "inflow (M)": 7.0}, {"rank": 6, "name": "2318 Short", "inflow (M)": 3.6}, {"rank": 7, "name": "0981 Long", "inflow (M)": 3.46}, {"rank": 8, "name": "0883 Short", "inflow (M)": 3.43}, {"rank": 9, "name": "0700 Short", "inflow (M)": 2.68}, {"rank": 10, "name": "1299 Short", "inflow (M)": 2.53}, {"rank": 11, "name": "0857 Long", "inflow (M)": 2.51}, {"rank": 12, "name": "0388 Long", "inflow (M)": 2.46}, {"rank": 13, "name": "9999 Long", "inflow (M)": 2.11}, {"rank": 14, "name": "0939 Short", "inflow (M)": 1.74}, {"rank": 15, "name": "9988 Long", "inflow (M)": 1.65}, {"rank": 16, "name": "2015 Short", "inflow (M)": 1.52}, {"rank": 17, "name": "3968 Short", "inflow (M)": 1.51}, {"rank": 18, "name": "9618 Long", "inflow (M)": 1.47}, {"rank": 19, "name": "1810 Short", "inflow (M)": 1.46}, {"rank": 20, "name": "0941 Short", "inflow (M)": 1.45}], "top20outflow_5d": [{"rank": 1, "name": "HSI Long", "outflow (M)": 212.63}, {"rank": 2, "name": "3690 Long", "outflow (M)": 12.59}, {"rank": 3, "name": "0941 Long", "outflow (M)": 4.92}, {"rank": 4, "name": "2269 Long", "outflow (M)": 3.24}, {"rank": 5, "name": "HSTECH Long", "outflow (M)": 2.89}, {"rank": 6, "name": "0883 Long", "outflow (M)": 2.71}, {"rank": 7, "name": "1928 Long", "outflow (M)": 2.61}, {"rank": 8, "name": "0005 Short", "outflow (M)": 2.28}, {"rank": 9, "name": "0788 Long", "outflow (M)": 2.14}, {"rank": 10, "name": "1109 Long", "outflow (M)": 2.12}, {"rank": 11, "name": "1211 Long", "outflow (M)": 1.93}, {"rank": 12, "name": "2822 Long", "outflow (M)": 1.91}, {"rank": 13, "name": "2269 Short", "outflow (M)": 1.59}, {"rank": 14, "name": "2628 Long", "outflow (M)": 1.58}, {"rank": 15, "name": "2015 Long", "outflow (M)": 1.53}, {"rank": 16, "name": "JPYD= Long", "outflow (M)": 1.48}, {"rank": 17, "name": "0700 Long", "outflow (M)": 1.42}, {"rank": 18, "name": "0939 Long", "outflow (M)": 1.09}, {"rank": 19, "name": "3968 Long", "outflow (M)": 1.07}, {"rank": 20, "name": "1171 Long", "outflow (M)": 0.86}], "stats": {"hsi long pos": "-212.63M", "hsi short pos:": "+229.86M", "stocks long pos": "-18.94M", "stocks short pos": "+46.95M"}}