{"top20inflow_1d": [{"rank": 1, "name": "HSI Short", "inflow (M)": 69.43}, {"rank": 2, "name": "0700 Short", "inflow (M)": 24.85}, {"rank": 3, "name": "3690 Short", "inflow (M)": 4.28}, {"rank": 4, "name": "2015 Long", "inflow (M)": 2.77}, {"rank": 5, "name": "0883 Long", "inflow (M)": 1.67}, {"rank": 6, "name": "1211 Short", "inflow (M)": 1.6}, {"rank": 7, "name": "3188 Long", "inflow (M)": 1.18}, {"rank": 8, "name": "0268 Long", "inflow (M)": 1.1}, {"rank": 9, "name": "0857 Long", "inflow (M)": 1.08}, {"rank": 10, "name": "1787 Long", "inflow (M)": 0.83}, {"rank": 11, "name": "9888 Long", "inflow (M)": 0.59}, {"rank": 12, "name": "0005 Short", "inflow (M)": 0.55}, {"rank": 13, "name": "2015 Short", "inflow (M)": 0.51}, {"rank": 14, "name": "0939 Long", "inflow (M)": 0.51}, {"rank": 15, "name": "0883 Short", "inflow (M)": 0.51}, {"rank": 16, "name": "NDX Long", "inflow (M)": 0.49}, {"rank": 17, "name": "0941 Long", "inflow (M)": 0.4}, {"rank": 18, "name": "HSTECH Short", "inflow (M)": 0.4}, {"rank": 19, "name": "DJI Short", "inflow (M)": 0.38}, {"rank": 20, "name": "0823 Long", "inflow (M)": 0.33}], "top20outflow_1d": [{"rank": 1, "name": "HSI Long", "outflow (M)": 66.55}, {"rank": 2, "name": "0700 Long", "outflow (M)": 29.0}, {"rank": 3, "name": "0388 Long", "outflow (M)": 7.98}, {"rank": 4, "name": "3690 Long", "outflow (M)": 5.16}, {"rank": 5, "name": "2318 Long", "outflow (M)": 4.44}, {"rank": 6, "name": "0005 Long", "outflow (M)": 4.25}, {"rank": 7, "name": "9988 Long", "outflow (M)": 3.41}, {"rank": 8, "name": "NDX Short", "outflow (M)": 2.65}, {"rank": 9, "name": "1299 Long", "outflow (M)": 2.38}, {"rank": 10, "name": "9988 Short", "outflow (M)": 1.65}, {"rank": 11, "name": "N225 Short", "outflow (M)": 1.64}, {"rank": 12, "name": "1299 Short", "outflow (M)": 1.2}, {"rank": 13, "name": "0358 Long", "outflow (M)": 1.17}, {"rank": 14, "name": "2840 Long", "outflow (M)": 1.16}, {"rank": 15, "name": "0027 Long", "outflow (M)": 1.04}, {"rank": 16, "name": "9999 Long", "outflow (M)": 0.76}, {"rank": 17, "name": "0386 Long", "outflow (M)": 0.71}, {"rank": 18, "name": "0388 Short", "outflow (M)": 0.7}, {"rank": 19, "name": "2628 Long", "outflow (M)": 0.67}, {"rank": 20, "name": "9868 Short", "outflow (M)": 0.65}], "stats": {"hsi long pos": "-66.55M", "hsi short pos:": "+69.43M", "stocks long pos": "-53.83M", "stocks short pos": "+27.64M"}}