{"top20inflow_5d": [{"rank": 1, "name": "HSI Short", "inflow (M)": 204.58}, {"rank": 2, "name": "0005 Long", "inflow (M)": 21.16}, {"rank": 3, "name": "1211 Short", "inflow (M)": 11.24}, {"rank": 4, "name": "9961 Short", "inflow (M)": 7.09}, {"rank": 5, "name": "9888 Long", "inflow (M)": 5.82}, {"rank": 6, "name": "0883 Short", "inflow (M)": 4.6}, {"rank": 7, "name": "0700 Long", "inflow (M)": 4.11}, {"rank": 8, "name": "0981 Long", "inflow (M)": 2.83}, {"rank": 9, "name": "9618 Long", "inflow (M)": 2.76}, {"rank": 10, "name": "1810 Long", "inflow (M)": 2.54}, {"rank": 11, "name": "2015 Short", "inflow (M)": 2.4}, {"rank": 12, "name": "2318 Short", "inflow (M)": 2.38}, {"rank": 13, "name": "3968 Short", "inflow (M)": 2.3}, {"rank": 14, "name": "0027 Long", "inflow (M)": 2.12}, {"rank": 15, "name": "0941 Long", "inflow (M)": 2.09}, {"rank": 16, "name": "1299 Long", "inflow (M)": 2.06}, {"rank": 17, "name": "DJI Short", "inflow (M)": 1.7}, {"rank": 18, "name": "1810 Short", "inflow (M)": 1.7}, {"rank": 19, "name": "9961 Long", "inflow (M)": 1.53}, {"rank": 20, "name": "0939 Short", "inflow (M)": 1.31}], "top20outflow_5d": [{"rank": 1, "name": "HSI Long", "outflow (M)": 160.17}, {"rank": 2, "name": "3690 Long", "outflow (M)": 13.37}, {"rank": 3, "name": "HSTECH Long", "outflow (M)": 7.18}, {"rank": 4, "name": "0883 Long", "outflow (M)": 5.91}, {"rank": 5, "name": "3968 Long", "outflow (M)": 5.11}, {"rank": 6, "name": "0005 Short", "outflow (M)": 4.4}, {"rank": 7, "name": "1109 Long", "outflow (M)": 4.09}, {"rank": 8, "name": "0700 Short", "outflow (M)": 4.01}, {"rank": 9, "name": "3690 Short", "outflow (M)": 3.39}, {"rank": 10, "name": "2318 Long", "outflow (M)": 3.08}, {"rank": 11, "name": "9988 Long", "outflow (M)": 3.05}, {"rank": 12, "name": "2269 Short", "outflow (M)": 2.79}, {"rank": 13, "name": "0939 Long", "outflow (M)": 2.51}, {"rank": 14, "name": "2269 Long", "outflow (M)": 2.21}, {"rank": 15, "name": "JPYD= Long", "outflow (M)": 1.99}, {"rank": 16, "name": "0388 Long", "outflow (M)": 1.94}, {"rank": 17, "name": "0788 Long", "outflow (M)": 1.86}, {"rank": 18, "name": "1024 Long", "outflow (M)": 1.76}, {"rank": 19, "name": "2628 Long", "outflow (M)": 1.55}, {"rank": 20, "name": "2822 Long", "outflow (M)": 1.36}], "stats": {"hsi long pos": "-160.17M", "hsi short pos:": "+204.58M", "stocks long pos": "-3.54M", "stocks short pos": "+19.12M"}}