{"top20inflow_10d": [{"rank": 1, "name": "HSI Short", "inflow (M)": 152.6}, {"rank": 2, "name": "0700 Long", "inflow (M)": 39.39}, {"rank": 3, "name": "3690 Long", "inflow (M)": 20.89}, {"rank": 4, "name": "3690 Short", "inflow (M)": 12.84}, {"rank": 5, "name": "DJI Short", "inflow (M)": 10.73}, {"rank": 6, "name": "1810 Long", "inflow (M)": 8.12}, {"rank": 7, "name": "9999 Short", "inflow (M)": 7.54}, {"rank": 8, "name": "1211 Short", "inflow (M)": 6.73}, {"rank": 9, "name": "1024 Long", "inflow (M)": 6.48}, {"rank": 10, "name": "9618 Short", "inflow (M)": 4.35}, {"rank": 11, "name": "NDX Short", "inflow (M)": 3.58}, {"rank": 12, "name": "1797 Long", "inflow (M)": 3.49}, {"rank": 13, "name": "0941 Short", "inflow (M)": 3.21}, {"rank": 14, "name": "JPY Short", "inflow (M)": 3.06}, {"rank": 15, "name": "2269 Long", "inflow (M)": 2.72}, {"rank": 16, "name": "2318 Long", "inflow (M)": 2.48}, {"rank": 17, "name": "1211 Long", "inflow (M)": 2.23}, {"rank": 18, "name": "9999 Long", "inflow (M)": 2.11}, {"rank": 19, "name": "2319 Long", "inflow (M)": 2.03}, {"rank": 20, "name": "JPYD Long", "inflow (M)": 1.55}], "top20outflow_10d": [{"rank": 1, "name": "HSI Long", "outflow (M)": 63.45}, {"rank": 2, "name": "0388 Long", "outflow (M)": 17.35}, {"rank": 3, "name": "9988 Long", "outflow (M)": 16.26}, {"rank": 4, "name": "0700 Short", "outflow (M)": 11.74}, {"rank": 5, "name": "9988 Short", "outflow (M)": 6.69}, {"rank": 6, "name": "0823 Long", "outflow (M)": 4.62}, {"rank": 7, "name": "NDX Long", "outflow (M)": 3.28}, {"rank": 8, "name": "2318 Short", "outflow (M)": 3.02}, {"rank": 9, "name": "0005 Long", "outflow (M)": 2.99}, {"rank": 10, "name": "0388 Short", "outflow (M)": 2.59}, {"rank": 11, "name": "1299 Long", "outflow (M)": 1.43}, {"rank": 12, "name": "1928 Long", "outflow (M)": 1.23}, {"rank": 13, "name": "9618 Long", "outflow (M)": 0.96}, {"rank": 14, "name": "0027 Long", "outflow (M)": 0.95}, {"rank": 15, "name": "2331 Short", "outflow (M)": 0.83}, {"rank": 16, "name": "1772 Long", "outflow (M)": 0.68}, {"rank": 17, "name": "1093 Long", "outflow (M)": 0.66}, {"rank": 18, "name": "9866 Long", "outflow (M)": 0.58}, {"rank": 19, "name": "2800 Long", "outflow (M)": 0.56}, {"rank": 20, "name": "2269 Short", "outflow (M)": 0.53}], "stats": {"hsi long pos": "-63.45M", "hsi short pos:": "+152.60M", "stocks long pos": "+55.22M", "stocks short pos": "+15.40M"}}