{"top20inflow_20d": [{"rank": 1, "name": "HSI Short", "inflow (M)": 75.4}, {"rank": 2, "name": "1299 Long", "inflow (M)": 72.86}, {"rank": 3, "name": "9988 Long", "inflow (M)": 46.81}, {"rank": 4, "name": "0700 Short", "inflow (M)": 41.02}, {"rank": 5, "name": "0388 Long", "inflow (M)": 35.07}, {"rank": 6, "name": "HSI Long", "inflow (M)": 22.9}, {"rank": 7, "name": "2269 Long", "inflow (M)": 17.95}, {"rank": 8, "name": "1810 Long", "inflow (M)": 17.64}, {"rank": 9, "name": "NDX Long", "inflow (M)": 13.0}, {"rank": 10, "name": "3690 Short", "inflow (M)": 12.03}, {"rank": 11, "name": "0941 Long", "inflow (M)": 9.96}, {"rank": 12, "name": "2318 Long", "inflow (M)": 9.21}, {"rank": 13, "name": "2015 Long", "inflow (M)": 8.16}, {"rank": 14, "name": "JPYD Long", "inflow (M)": 7.33}, {"rank": 15, "name": "2382 Long", "inflow (M)": 7.24}, {"rank": 16, "name": "9618 Short", "inflow (M)": 6.65}, {"rank": 17, "name": "1810 Short", "inflow (M)": 6.61}, {"rank": 18, "name": "1211 Short", "inflow (M)": 6.21}, {"rank": 19, "name": "0981 Long", "inflow (M)": 6.16}, {"rank": 20, "name": "9868 Long", "inflow (M)": 5.89}], "top20outflow_20d": [{"rank": 1, "name": "3690 Long", "outflow (M)": 88.57}, {"rank": 2, "name": "0005 Long", "outflow (M)": 14.77}, {"rank": 3, "name": "0700 Long", "outflow (M)": 13.51}, {"rank": 4, "name": "3968 Long", "outflow (M)": 8.53}, {"rank": 5, "name": "9618 Long", "outflow (M)": 7.87}, {"rank": 6, "name": "2015 Short", "outflow (M)": 7.03}, {"rank": 7, "name": "0388 Short", "outflow (M)": 6.13}, {"rank": 8, "name": "1109 Long", "outflow (M)": 5.08}, {"rank": 9, "name": "2840 Long", "outflow (M)": 5.06}, {"rank": 10, "name": "1299 Short", "outflow (M)": 3.16}, {"rank": 11, "name": "0386 Long", "outflow (M)": 2.46}, {"rank": 12, "name": "3988 Long", "outflow (M)": 2.22}, {"rank": 13, "name": "0883 Long", "outflow (M)": 2.14}, {"rank": 14, "name": "9988 Short", "outflow (M)": 2.08}, {"rank": 15, "name": "9868 Short", "outflow (M)": 1.74}, {"rank": 16, "name": "1357 Long", "outflow (M)": 1.64}, {"rank": 17, "name": "2822 Long", "outflow (M)": 1.51}, {"rank": 18, "name": "0857 Long", "outflow (M)": 1.37}, {"rank": 19, "name": "2380 Long", "outflow (M)": 1.35}, {"rank": 20, "name": "1088 Long", "outflow (M)": 1.34}], "stats": {"hsi long pos": "-114.24M", "hsi short pos:": "+183.78M", "stocks long pos": "+93.97M", "stocks short pos": "+65.92M"}}