{"top20inflow_10d": [{"rank": 1, "name": "HSI Long", "inflow (M)": 39.89}, {"rank": 2, "name": "0388 Long", "inflow (M)": 38.95}, {"rank": 3, "name": "0700 Short", "inflow (M)": 38.57}, {"rank": 4, "name": "1299 Long", "inflow (M)": 33.71}, {"rank": 5, "name": "3690 Short", "inflow (M)": 22.19}, {"rank": 6, "name": "9988 Long", "inflow (M)": 19.52}, {"rank": 7, "name": "1810 Long", "inflow (M)": 13.42}, {"rank": 8, "name": "1211 Long", "inflow (M)": 12.85}, {"rank": 9, "name": "2318 Long", "inflow (M)": 10.31}, {"rank": 10, "name": "2382 Long", "inflow (M)": 7.82}, {"rank": 11, "name": "0981 Long", "inflow (M)": 5.91}, {"rank": 12, "name": "9868 Long", "inflow (M)": 4.41}, {"rank": 13, "name": "2883 Long", "inflow (M)": 4.09}, {"rank": 14, "name": "1810 Short", "inflow (M)": 3.7}, {"rank": 15, "name": "9888 Long", "inflow (M)": 3.45}, {"rank": 16, "name": "1024 Long", "inflow (M)": 3.4}, {"rank": 17, "name": "DJI Short", "inflow (M)": 2.66}, {"rank": 18, "name": "9999 Long", "inflow (M)": 2.58}, {"rank": 19, "name": "2015 Long", "inflow (M)": 2.58}, {"rank": 20, "name": "0883 Short", "inflow (M)": 2.46}], "top20outflow_10d": [{"rank": 1, "name": "0700 Long", "outflow (M)": 30.08}, {"rank": 2, "name": "3690 Long", "outflow (M)": 29.12}, {"rank": 3, "name": "0005 Long", "outflow (M)": 10.1}, {"rank": 4, "name": "1211 Short", "outflow (M)": 9.19}, {"rank": 5, "name": "HSI Short", "outflow (M)": 7.24}, {"rank": 6, "name": "0388 Short", "outflow (M)": 5.21}, {"rank": 7, "name": "0883 Long", "outflow (M)": 5.05}, {"rank": 8, "name": "9618 Long", "outflow (M)": 4.85}, {"rank": 9, "name": "0941 Long", "outflow (M)": 3.04}, {"rank": 10, "name": "9868 Short", "outflow (M)": 2.84}, {"rank": 11, "name": "2899 Long", "outflow (M)": 2.47}, {"rank": 12, "name": "2015 Short", "outflow (M)": 2.46}, {"rank": 13, "name": "9618 Short", "outflow (M)": 2.19}, {"rank": 14, "name": "2840 Long", "outflow (M)": 2.0}, {"rank": 15, "name": "0386 Long", "outflow (M)": 1.98}, {"rank": 16, "name": "0358 Long", "outflow (M)": 1.81}, {"rank": 17, "name": "0939 Long", "outflow (M)": 1.55}, {"rank": 18, "name": "9961 Long", "outflow (M)": 1.46}, {"rank": 19, "name": "3968 Long", "outflow (M)": 1.23}, {"rank": 20, "name": "0763 Long", "outflow (M)": 1.11}], "stats": {"hsi long pos": "+39.89M", "hsi short pos:": "-7.24M", "stocks long pos": "+77.95M", "stocks short pos": "+45.81M"}}