{"top20inflow_1d": [{"rank": 1, "name": "0700 Long", "inflow (M)": 6.2}, {"rank": 2, "name": "HSI Long", "inflow (M)": 3.73}, {"rank": 3, "name": "3690 Long", "inflow (M)": 2.92}, {"rank": 4, "name": "2318 Long", "inflow (M)": 1.52}, {"rank": 5, "name": "0005 Long", "inflow (M)": 1.02}, {"rank": 6, "name": "1211 Long", "inflow (M)": 0.74}, {"rank": 7, "name": "1810 Long", "inflow (M)": 0.53}, {"rank": 8, "name": "JPYD Long", "inflow (M)": 0.48}, {"rank": 9, "name": "0941 Long", "inflow (M)": 0.46}, {"rank": 10, "name": "9988 Long", "inflow (M)": 0.45}, {"rank": 11, "name": "0388 Long", "inflow (M)": 0.37}, {"rank": 12, "name": "9618 Long", "inflow (M)": 0.31}, {"rank": 13, "name": "0388 Short", "inflow (M)": 0.29}, {"rank": 14, "name": "1880 Long", "inflow (M)": 0.26}, {"rank": 15, "name": "1299 Short", "inflow (M)": 0.21}, {"rank": 16, "name": "2628 Long", "inflow (M)": 0.21}, {"rank": 17, "name": "0788 Long", "inflow (M)": 0.21}, {"rank": 18, "name": "1299 Long", "inflow (M)": 0.18}, {"rank": 19, "name": "0992 Long", "inflow (M)": 0.16}, {"rank": 20, "name": "3690 Short", "inflow (M)": 0.15}], "top20outflow_1d": [{"rank": 1, "name": "HSI Short", "outflow (M)": 36.63}, {"rank": 2, "name": "3690 Short", "outflow (M)": 5.32}, {"rank": 3, "name": "0700 Short", "outflow (M)": 4.69}, {"rank": 4, "name": "1211 Short", "outflow (M)": 1.9}, {"rank": 5, "name": "1024 Short", "outflow (M)": 0.71}, {"rank": 6, "name": "9618 Short", "outflow (M)": 0.54}, {"rank": 7, "name": "1797 Long", "outflow (M)": 0.53}, {"rank": 8, "name": "1024 Long", "outflow (M)": 0.49}, {"rank": 9, "name": "9999 Long", "outflow (M)": 0.41}, {"rank": 10, "name": "DJI Short", "outflow (M)": 0.4}, {"rank": 11, "name": "1810 Short", "outflow (M)": 0.38}, {"rank": 12, "name": "9999 Short", "outflow (M)": 0.36}, {"rank": 13, "name": "2899 Long", "outflow (M)": 0.36}, {"rank": 14, "name": "3993 Long", "outflow (M)": 0.31}, {"rank": 15, "name": "9988 Short", "outflow (M)": 0.29}, {"rank": 16, "name": "2020 Long", "outflow (M)": 0.28}, {"rank": 17, "name": "2018 Long", "outflow (M)": 0.23}, {"rank": 18, "name": "2015 Short", "outflow (M)": 0.22}, {"rank": 19, "name": "0939 Long", "outflow (M)": 0.17}, {"rank": 20, "name": "2269 Long", "outflow (M)": 0.16}], "stats": {"hsi long pos": "+51.18M", "hsi short pos:": "-52.22M", "stocks long pos": "+24.17M", "stocks short pos": "-21.19M"}}