{"top20inflow_10d": [{"rank": 1, "name": "HSI Long", "inflow (M)": 548.16}, {"rank": 2, "name": "9988 Long", "inflow (M)": 72.42}, {"rank": 3, "name": "3690 Long", "inflow (M)": 63.01}, {"rank": 4, "name": "1211 Long", "inflow (M)": 35.18}, {"rank": 5, "name": "0388 Long", "inflow (M)": 31.8}, {"rank": 6, "name": "9988 Short", "inflow (M)": 29.72}, {"rank": 7, "name": "2318 Long", "inflow (M)": 13.78}, {"rank": 8, "name": "1810 Long", "inflow (M)": 12.22}, {"rank": 9, "name": "1299 Long", "inflow (M)": 6.55}, {"rank": 10, "name": "2269 Long", "inflow (M)": 6.01}, {"rank": 11, "name": "0981 Long", "inflow (M)": 5.87}, {"rank": 12, "name": "DJI Short", "inflow (M)": 5.24}, {"rank": 13, "name": "HSTECH Long", "inflow (M)": 4.85}, {"rank": 14, "name": "0175 Long", "inflow (M)": 4.68}, {"rank": 15, "name": "1024 Long", "inflow (M)": 4.27}, {"rank": 16, "name": "0700 Short", "inflow (M)": 3.95}, {"rank": 17, "name": "2800 Long", "inflow (M)": 2.67}, {"rank": 18, "name": "1928 Long", "inflow (M)": 2.65}, {"rank": 19, "name": "3968 Long", "inflow (M)": 2.63}, {"rank": 20, "name": "NDX Short", "inflow (M)": 1.96}], "top20outflow_10d": [{"rank": 1, "name": "HSI Short", "outflow (M)": 190.18}, {"rank": 2, "name": "3690 Short", "outflow (M)": 13.62}, {"rank": 3, "name": "1810 Short", "outflow (M)": 8.78}, {"rank": 4, "name": "0388 Short", "outflow (M)": 5.16}, {"rank": 5, "name": "2318 Short", "outflow (M)": 3.96}, {"rank": 6, "name": "9618 Long", "outflow (M)": 3.28}, {"rank": 7, "name": "1211 Short", "outflow (M)": 3.1}, {"rank": 8, "name": "1299 Short", "outflow (M)": 3.01}, {"rank": 9, "name": "0700 Long", "outflow (M)": 2.53}, {"rank": 10, "name": "0354 Long", "outflow (M)": 2.35}, {"rank": 11, "name": "2269 Short", "outflow (M)": 1.59}, {"rank": 12, "name": "2013 Long", "outflow (M)": 1.53}, {"rank": 13, "name": "1024 Short", "outflow (M)": 1.24}, {"rank": 14, "name": "0902 Long", "outflow (M)": 1.11}, {"rank": 15, "name": "9992 Long", "outflow (M)": 0.99}, {"rank": 16, "name": "0669 Long", "outflow (M)": 0.94}, {"rank": 17, "name": "0857 Long", "outflow (M)": 0.86}, {"rank": 18, "name": "0175 Short", "outflow (M)": 0.73}, {"rank": 19, "name": "0968 Long", "outflow (M)": 0.69}, {"rank": 20, "name": "0941 Short", "outflow (M)": 0.67}], "stats": {"hsi long pos": "+548.16M", "hsi short pos:": "-190.18M", "stocks long pos": "+278.52M", "stocks short pos": "-6.28M"}}