{"top20inflow_20d": [{"rank": 1, "name": "HSI Short", "inflow (M)": 172.73}, {"rank": 2, "name": "HSI Long", "inflow (M)": 100.06}, {"rank": 3, "name": "0700 Long", "inflow (M)": 51.97}, {"rank": 4, "name": "3690 Long", "inflow (M)": 33.0}, {"rank": 5, "name": "DJI Short", "inflow (M)": 18.18}, {"rank": 6, "name": "1810 Long", "inflow (M)": 12.65}, {"rank": 7, "name": "1024 Long", "inflow (M)": 10.67}, {"rank": 8, "name": "2318 Long", "inflow (M)": 10.14}, {"rank": 9, "name": "1211 Long", "inflow (M)": 9.11}, {"rank": 10, "name": "3690 Short", "inflow (M)": 8.99}, {"rank": 11, "name": "HSTECH Long", "inflow (M)": 7.18}, {"rank": 12, "name": "1211 Short", "inflow (M)": 7.17}, {"rank": 13, "name": "9988 Long", "inflow (M)": 7.01}, {"rank": 14, "name": "9999 Short", "inflow (M)": 5.88}, {"rank": 15, "name": "0941 Short", "inflow (M)": 4.94}, {"rank": 16, "name": "0981 Long", "inflow (M)": 4.61}, {"rank": 17, "name": "1797 Long", "inflow (M)": 3.79}, {"rank": 18, "name": "2269 Long", "inflow (M)": 3.48}, {"rank": 19, "name": "0388 Long", "inflow (M)": 3.43}, {"rank": 20, "name": "JPYD Long", "inflow (M)": 3.16}], "top20outflow_20d": [{"rank": 1, "name": "9988 Short", "outflow (M)": 13.94}, {"rank": 2, "name": "0388 Short", "outflow (M)": 10.27}, {"rank": 3, "name": "0700 Short", "outflow (M)": 5.75}, {"rank": 4, "name": "0823 Long", "outflow (M)": 5.45}, {"rank": 5, "name": "1810 Short", "outflow (M)": 4.17}, {"rank": 6, "name": "0005 Long", "outflow (M)": 2.95}, {"rank": 7, "name": "2318 Short", "outflow (M)": 2.82}, {"rank": 8, "name": "2269 Short", "outflow (M)": 2.69}, {"rank": 9, "name": "1772 Long", "outflow (M)": 1.89}, {"rank": 10, "name": "1928 Long", "outflow (M)": 1.58}, {"rank": 11, "name": "0902 Long", "outflow (M)": 1.16}, {"rank": 12, "name": "0992 Long", "outflow (M)": 0.93}, {"rank": 13, "name": "2382 Short", "outflow (M)": 0.92}, {"rank": 14, "name": "9868 Short", "outflow (M)": 0.91}, {"rank": 15, "name": "1171 Long", "outflow (M)": 0.89}, {"rank": 16, "name": "1093 Long", "outflow (M)": 0.89}, {"rank": 17, "name": "HSTECH Short", "outflow (M)": 0.87}, {"rank": 18, "name": "1024 Short", "outflow (M)": 0.71}, {"rank": 19, "name": "0017 Long", "outflow (M)": 0.6}, {"rank": 20, "name": "0669 Long", "outflow (M)": 0.53}], "stats": {"hsi long pos": "+108.33M", "hsi short pos:": "+171.61M", "stocks long pos": "+184.20M", "stocks short pos": "-7.72M"}}