{"top20inflow_10d": [{"rank": 1, "name": "HSI Short", "inflow (M)": 94.4}, {"rank": 2, "name": "3690 Long", "inflow (M)": 19.23}, {"rank": 3, "name": "3690 Short", "inflow (M)": 11.22}, {"rank": 4, "name": "0941 Long", "inflow (M)": 5.33}, {"rank": 5, "name": "9988 Short", "inflow (M)": 5.31}, {"rank": 6, "name": "0883 Long", "inflow (M)": 3.01}, {"rank": 7, "name": "DJI Short", "inflow (M)": 2.71}, {"rank": 8, "name": "1024 Long", "inflow (M)": 2.69}, {"rank": 9, "name": "1797 Long", "inflow (M)": 2.68}, {"rank": 10, "name": "2318 Long", "inflow (M)": 2.17}, {"rank": 11, "name": "1211 Long", "inflow (M)": 1.99}, {"rank": 12, "name": "NDX Short", "inflow (M)": 1.49}, {"rank": 13, "name": "2269 Long", "inflow (M)": 1.47}, {"rank": 14, "name": "9999 Long", "inflow (M)": 1.29}, {"rank": 15, "name": "0992 Long", "inflow (M)": 1.05}, {"rank": 16, "name": "0981 Long", "inflow (M)": 0.96}, {"rank": 17, "name": "0027 Long", "inflow (M)": 0.89}, {"rank": 18, "name": "3968 Long", "inflow (M)": 0.83}, {"rank": 19, "name": "9868 Long", "inflow (M)": 0.75}, {"rank": 20, "name": "2822 Long", "inflow (M)": 0.66}], "top20outflow_10d": [{"rank": 1, "name": "HSI Short", "outflow (M)": 94.4}, {"rank": 2, "name": "3690 Long", "outflow (M)": 19.23}, {"rank": 3, "name": "3690 Short", "outflow (M)": 11.22}, {"rank": 4, "name": "0941 Long", "outflow (M)": 5.33}, {"rank": 5, "name": "9988 Short", "outflow (M)": 5.31}, {"rank": 6, "name": "0883 Long", "outflow (M)": 3.01}, {"rank": 7, "name": "DJI Short", "outflow (M)": 2.71}, {"rank": 8, "name": "1024 Long", "outflow (M)": 2.69}, {"rank": 9, "name": "1797 Long", "outflow (M)": 2.68}, {"rank": 10, "name": "2318 Long", "outflow (M)": 2.17}, {"rank": 11, "name": "1211 Long", "outflow (M)": 1.99}, {"rank": 12, "name": "NDX Short", "outflow (M)": 1.49}, {"rank": 13, "name": "2269 Long", "outflow (M)": 1.47}, {"rank": 14, "name": "9999 Long", "outflow (M)": 1.29}, {"rank": 15, "name": "0992 Long", "outflow (M)": 1.05}, {"rank": 16, "name": "0981 Long", "outflow (M)": 0.96}, {"rank": 17, "name": "0027 Long", "outflow (M)": 0.89}, {"rank": 18, "name": "3968 Long", "outflow (M)": 0.83}, {"rank": 19, "name": "9868 Long", "outflow (M)": 0.75}, {"rank": 20, "name": "2822 Long", "outflow (M)": 0.66}], "stats": {"hsi long pos": "+18.75M", "hsi short pos:": "+114.79M", "stocks long pos": "+36.11M", "stocks short pos": "-5.37M"}}