{"top20inflow_5d": [{"rank": 1, "name": "HSI Short", "inflow (M)": 142.67}, {"rank": 2, "name": "9988 Long", "inflow (M)": 18.53}, {"rank": 3, "name": "NDX Long", "inflow (M)": 13.59}, {"rank": 4, "name": "0941 Long", "inflow (M)": 13.07}, {"rank": 5, "name": "2269 Long", "inflow (M)": 12.56}, {"rank": 6, "name": "0700 Short", "inflow (M)": 12.19}, {"rank": 7, "name": "1211 Short", "inflow (M)": 11.09}, {"rank": 8, "name": "0883 Long", "inflow (M)": 8.84}, {"rank": 9, "name": "1299 Long", "inflow (M)": 6.63}, {"rank": 10, "name": "1810 Long", "inflow (M)": 4.99}, {"rank": 11, "name": "9618 Short", "inflow (M)": 4.75}, {"rank": 12, "name": "0005 Long", "inflow (M)": 4.14}, {"rank": 13, "name": "SPX Long", "inflow (M)": 3.34}, {"rank": 14, "name": "0788 Long", "inflow (M)": 3.07}, {"rank": 15, "name": "0388 Short", "inflow (M)": 2.99}, {"rank": 16, "name": "0763 Long", "inflow (M)": 2.88}, {"rank": 17, "name": "9999 Long", "inflow (M)": 2.48}, {"rank": 18, "name": "1810 Short", "inflow (M)": 2.41}, {"rank": 19, "name": "2318 Long", "inflow (M)": 2.1}, {"rank": 20, "name": "0358 Long", "inflow (M)": 1.9}], "top20outflow_5d": [{"rank": 1, "name": "HSI Long", "outflow (M)": 106.23}, {"rank": 2, "name": "0700 Long", "outflow (M)": 27.93}, {"rank": 3, "name": "3690 Long", "outflow (M)": 27.67}, {"rank": 4, "name": "1211 Long", "outflow (M)": 13.93}, {"rank": 5, "name": "0388 Long", "outflow (M)": 10.64}, {"rank": 6, "name": "1109 Long", "outflow (M)": 5.32}, {"rank": 7, "name": "9618 Long", "outflow (M)": 3.9}, {"rank": 8, "name": "0857 Long", "outflow (M)": 3.6}, {"rank": 9, "name": "0883 Short", "outflow (M)": 2.06}, {"rank": 10, "name": "HSTECH Long", "outflow (M)": 1.96}, {"rank": 11, "name": "9888 Long", "outflow (M)": 1.88}, {"rank": 12, "name": "0823 Long", "outflow (M)": 1.77}, {"rank": 13, "name": "9626 Long", "outflow (M)": 1.65}, {"rank": 14, "name": "2840 Long", "outflow (M)": 1.5}, {"rank": 15, "name": "9988 Short", "outflow (M)": 1.28}, {"rank": 16, "name": "0005 Short", "outflow (M)": 1.17}, {"rank": 17, "name": "0386 Long", "outflow (M)": 1.07}, {"rank": 18, "name": "2333 Long", "outflow (M)": 0.97}, {"rank": 19, "name": "1088 Long", "outflow (M)": 0.96}, {"rank": 20, "name": "2331 Long", "outflow (M)": 0.92}], "stats": {"hsi long pos": "-106.23M", "hsi short pos:": "+142.67M", "stocks long pos": "-11.89M", "stocks short pos": "+28.80M"}}