{"top20inflow_20d": [{"rank": 1, "name": "HSI Long", "inflow (M)": 242.92}, {"rank": 2, "name": "0700 Long", "inflow (M)": 58.92}, {"rank": 3, "name": "HSI Short", "inflow (M)": 58.01}, {"rank": 4, "name": "3690 Long", "inflow (M)": 38.16}, {"rank": 5, "name": "0388 Long", "inflow (M)": 27.82}, {"rank": 6, "name": "DJI Short", "inflow (M)": 18.22}, {"rank": 7, "name": "3690 Short", "inflow (M)": 12.13}, {"rank": 8, "name": "2318 Long", "inflow (M)": 11.69}, {"rank": 9, "name": "1211 Long", "inflow (M)": 10.91}, {"rank": 10, "name": "1024 Long", "inflow (M)": 10.88}, {"rank": 11, "name": "HSTECH Long", "inflow (M)": 7.84}, {"rank": 12, "name": "9999 Short", "inflow (M)": 6.4}, {"rank": 13, "name": "1211 Short", "inflow (M)": 5.87}, {"rank": 14, "name": "2269 Long", "inflow (M)": 5.75}, {"rank": 15, "name": "1299 Long", "inflow (M)": 4.53}, {"rank": 16, "name": "1797 Long", "inflow (M)": 4.39}, {"rank": 17, "name": "0941 Short", "inflow (M)": 4.28}, {"rank": 18, "name": "0981 Long", "inflow (M)": 4.14}, {"rank": 19, "name": "9988 Long", "inflow (M)": 3.87}, {"rank": 20, "name": "0883 Long", "inflow (M)": 3.66}], "top20outflow_20d": [{"rank": 1, "name": "9988 Short", "outflow (M)": 11.8}, {"rank": 2, "name": "0388 Short", "outflow (M)": 7.99}, {"rank": 3, "name": "1810 Short", "outflow (M)": 6.03}, {"rank": 4, "name": "0700 Short", "outflow (M)": 5.35}, {"rank": 5, "name": "0823 Long", "outflow (M)": 4.76}, {"rank": 6, "name": "2269 Short", "outflow (M)": 4.47}, {"rank": 7, "name": "0005 Long", "outflow (M)": 2.29}, {"rank": 8, "name": "2318 Short", "outflow (M)": 2.24}, {"rank": 9, "name": "2382 Short", "outflow (M)": 2.08}, {"rank": 10, "name": "9868 Short", "outflow (M)": 1.84}, {"rank": 11, "name": "1772 Long", "outflow (M)": 1.28}, {"rank": 12, "name": "1928 Long", "outflow (M)": 1.26}, {"rank": 13, "name": "1299 Short", "outflow (M)": 1.19}, {"rank": 14, "name": "0902 Long", "outflow (M)": 1.09}, {"rank": 15, "name": "HSTECH Short", "outflow (M)": 0.97}, {"rank": 16, "name": "0939 Long", "outflow (M)": 0.97}, {"rank": 17, "name": "0981 Short", "outflow (M)": 0.91}, {"rank": 18, "name": "3968 Short", "outflow (M)": 0.79}, {"rank": 19, "name": "1093 Long", "outflow (M)": 0.75}, {"rank": 20, "name": "2020 Short", "outflow (M)": 0.72}], "stats": {"hsi long pos": "+252.01M", "hsi short pos:": "+61.12M", "stocks long pos": "+226.42M", "stocks short pos": "+0.65M"}}