{"top20inflow_5d": [{"rank": 1, "name": "HSI Long", "inflow (M)": 92.76}, {"rank": 2, "name": "0700 Short", "inflow (M)": 28.43}, {"rank": 3, "name": "1299 Long", "inflow (M)": 23.03}, {"rank": 4, "name": "9988 Long", "inflow (M)": 20.36}, {"rank": 5, "name": "0388 Long", "inflow (M)": 14.47}, {"rank": 6, "name": "1211 Long", "inflow (M)": 9.64}, {"rank": 7, "name": "3690 Short", "inflow (M)": 9.28}, {"rank": 8, "name": "2382 Long", "inflow (M)": 5.6}, {"rank": 9, "name": "1810 Long", "inflow (M)": 5.47}, {"rank": 10, "name": "2318 Long", "inflow (M)": 5.43}, {"rank": 11, "name": "9888 Long", "inflow (M)": 4.75}, {"rank": 12, "name": "0883 Long", "inflow (M)": 3.45}, {"rank": 13, "name": "0981 Long", "inflow (M)": 3.26}, {"rank": 14, "name": "1024 Long", "inflow (M)": 3.2}, {"rank": 15, "name": "2015 Long", "inflow (M)": 2.77}, {"rank": 16, "name": "9868 Long", "inflow (M)": 2.55}, {"rank": 17, "name": "9698 Long", "inflow (M)": 1.79}, {"rank": 18, "name": "2883 Long", "inflow (M)": 1.73}, {"rank": 19, "name": "HSTECH Long", "inflow (M)": 1.72}, {"rank": 20, "name": "0823 Long", "inflow (M)": 1.71}], "top20outflow_5d": [{"rank": 1, "name": "HSI Short", "outflow (M)": 36.03}, {"rank": 2, "name": "3690 Long", "outflow (M)": 15.33}, {"rank": 3, "name": "0005 Long", "outflow (M)": 6.67}, {"rank": 4, "name": "0941 Long", "outflow (M)": 6.15}, {"rank": 5, "name": "9618 Long", "outflow (M)": 3.98}, {"rank": 6, "name": "1211 Short", "outflow (M)": 3.01}, {"rank": 7, "name": "3968 Long", "outflow (M)": 1.95}, {"rank": 8, "name": "2600 Long", "outflow (M)": 1.93}, {"rank": 9, "name": "9868 Short", "outflow (M)": 1.68}, {"rank": 10, "name": "9999 Long", "outflow (M)": 1.66}, {"rank": 11, "name": "0388 Short", "outflow (M)": 1.66}, {"rank": 12, "name": "2899 Long", "outflow (M)": 1.4}, {"rank": 13, "name": "2318 Short", "outflow (M)": 1.26}, {"rank": 14, "name": "1357 Long", "outflow (M)": 1.04}, {"rank": 15, "name": "0992 Long", "outflow (M)": 0.99}, {"rank": 16, "name": "2015 Short", "outflow (M)": 0.98}, {"rank": 17, "name": "9988 Short", "outflow (M)": 0.83}, {"rank": 18, "name": "1109 Long", "outflow (M)": 0.74}, {"rank": 19, "name": "9618 Short", "outflow (M)": 0.71}, {"rank": 20, "name": "0968 Long", "outflow (M)": 0.66}], "stats": {"hsi long pos": "+92.78M", "hsi short pos:": "-17.90M", "stocks long pos": "+91.92M", "stocks short pos": "+21.81M"}}