{"top20inflow_20d": [{"rank": 1, "name": "HSI Short", "inflow (M)": 378.65}, {"rank": 2, "name": "0700 Long", "inflow (M)": 73.3}, {"rank": 3, "name": "9988 Long", "inflow (M)": 47.57}, {"rank": 4, "name": "3690 Short", "inflow (M)": 37.27}, {"rank": 5, "name": "9888 Long", "inflow (M)": 18.95}, {"rank": 6, "name": "0388 Long", "inflow (M)": 14.63}, {"rank": 7, "name": "2269 Long", "inflow (M)": 8.04}, {"rank": 8, "name": "2318 Long", "inflow (M)": 7.52}, {"rank": 9, "name": "0005 Long", "inflow (M)": 7.26}, {"rank": 10, "name": "0941 Long", "inflow (M)": 6.35}, {"rank": 11, "name": "9618 Long", "inflow (M)": 6.08}, {"rank": 12, "name": "0981 Long", "inflow (M)": 5.55}, {"rank": 13, "name": "2015 Short", "inflow (M)": 5.23}, {"rank": 14, "name": "DJI Short", "inflow (M)": 5.13}, {"rank": 15, "name": "9961 Short", "inflow (M)": 5.03}, {"rank": 16, "name": "NDX Short", "inflow (M)": 4.5}, {"rank": 17, "name": "1810 Long", "inflow (M)": 4.44}, {"rank": 18, "name": "9961 Long", "inflow (M)": 4.19}, {"rank": 19, "name": "9999 Long", "inflow (M)": 3.67}, {"rank": 20, "name": "0027 Long", "inflow (M)": 3.34}], "top20outflow_20d": [{"rank": 1, "name": "HSI Long", "outflow (M)": 112.19}, {"rank": 2, "name": "9988 Short", "outflow (M)": 7.62}, {"rank": 3, "name": "1211 Short", "outflow (M)": 4.66}, {"rank": 4, "name": "2269 Short", "outflow (M)": 3.88}, {"rank": 5, "name": "9868 Short", "outflow (M)": 3.84}, {"rank": 6, "name": "0700 Short", "outflow (M)": 3.57}, {"rank": 7, "name": "0388 Short", "outflow (M)": 3.33}, {"rank": 8, "name": "1211 Long", "outflow (M)": 3.04}, {"rank": 9, "name": "0992 Long", "outflow (M)": 3.02}, {"rank": 10, "name": "1398 Long", "outflow (M)": 2.0}, {"rank": 11, "name": "3968 Long", "outflow (M)": 1.89}, {"rank": 12, "name": "0788 Long", "outflow (M)": 1.42}, {"rank": 13, "name": "0027 Short", "outflow (M)": 1.4}, {"rank": 14, "name": "N225 Long", "outflow (M)": 1.38}, {"rank": 15, "name": "NDX Long", "outflow (M)": 1.36}, {"rank": 16, "name": "2822 Long", "outflow (M)": 1.3}, {"rank": 17, "name": "1801 Long", "outflow (M)": 0.9}, {"rank": 18, "name": "2018 Long", "outflow (M)": 0.82}, {"rank": 19, "name": "2318 Short", "outflow (M)": 0.81}, {"rank": 20, "name": "2020 Long", "outflow (M)": 0.78}], "stats": {"hsi long pos": "-112.19M", "hsi short pos:": "+378.65M", "stocks long pos": "+241.85M", "stocks short pos": "+34.54M"}}