{"top20inflow_20d": [{"rank": 1, "name": "HSI Short", "inflow (M)": 273.24}, {"rank": 2, "name": "0700 Long", "inflow (M)": 75.59}, {"rank": 3, "name": "9988 Long", "inflow (M)": 48.35}, {"rank": 4, "name": "1211 Short", "inflow (M)": 25.59}, {"rank": 5, "name": "1299 Long", "inflow (M)": 19.74}, {"rank": 6, "name": "9888 Long", "inflow (M)": 19.14}, {"rank": 7, "name": "3690 Short", "inflow (M)": 17.36}, {"rank": 8, "name": "0941 Long", "inflow (M)": 14.45}, {"rank": 9, "name": "0388 Long", "inflow (M)": 13.67}, {"rank": 10, "name": "2318 Long", "inflow (M)": 13.2}, {"rank": 11, "name": "NDX Long", "inflow (M)": 13.14}, {"rank": 12, "name": "1810 Long", "inflow (M)": 12.87}, {"rank": 13, "name": "2269 Long", "inflow (M)": 11.51}, {"rank": 14, "name": "9618 Short", "inflow (M)": 8.33}, {"rank": 15, "name": "9999 Long", "inflow (M)": 6.95}, {"rank": 16, "name": "0005 Long", "inflow (M)": 6.24}, {"rank": 17, "name": "0027 Long", "inflow (M)": 6.03}, {"rank": 18, "name": "9961 Long", "inflow (M)": 5.49}, {"rank": 19, "name": "0883 Short", "inflow (M)": 5.01}, {"rank": 20, "name": "0763 Long", "inflow (M)": 4.85}], "top20outflow_20d": [{"rank": 1, "name": "HSI Long", "outflow (M)": 91.6}, {"rank": 2, "name": "3690 Long", "outflow (M)": 48.05}, {"rank": 3, "name": "0700 Short", "outflow (M)": 14.65}, {"rank": 4, "name": "1211 Long", "outflow (M)": 9.98}, {"rank": 5, "name": "3968 Long", "outflow (M)": 6.76}, {"rank": 6, "name": "HSTECH Long", "outflow (M)": 6.18}, {"rank": 7, "name": "1109 Long", "outflow (M)": 4.99}, {"rank": 8, "name": "9988 Short", "outflow (M)": 4.8}, {"rank": 9, "name": "2269 Short", "outflow (M)": 4.73}, {"rank": 10, "name": "0992 Long", "outflow (M)": 3.97}, {"rank": 11, "name": "3968 Short", "outflow (M)": 3.53}, {"rank": 12, "name": "0027 Short", "outflow (M)": 2.67}, {"rank": 13, "name": "2840 Long", "outflow (M)": 2.58}, {"rank": 14, "name": "2822 Long", "outflow (M)": 2.58}, {"rank": 15, "name": "1299 Short", "outflow (M)": 2.15}, {"rank": 16, "name": "3988 Long", "outflow (M)": 1.81}, {"rank": 17, "name": "2333 Long", "outflow (M)": 1.63}, {"rank": 18, "name": "2018 Long", "outflow (M)": 1.57}, {"rank": 19, "name": "2899 Long", "outflow (M)": 1.43}, {"rank": 20, "name": "0388 Short", "outflow (M)": 1.22}], "stats": {"hsi long pos": "-91.60M", "hsi short pos:": "+273.24M", "stocks long pos": "+222.44M", "stocks short pos": "+37.95M"}}