{"top20inflow_10d": [{"rank": 1, "name": "HSI Short", "inflow (M)": 335.05}, {"rank": 2, "name": "9988 Long", "inflow (M)": 28.63}, {"rank": 3, "name": "3690 Short", "inflow (M)": 19.73}, {"rank": 4, "name": "1211 Short", "inflow (M)": 8.07}, {"rank": 5, "name": "0005 Long", "inflow (M)": 7.8}, {"rank": 6, "name": "0700 Short", "inflow (M)": 6.55}, {"rank": 7, "name": "9961 Short", "inflow (M)": 5.65}, {"rank": 8, "name": "3968 Short", "inflow (M)": 4.92}, {"rank": 9, "name": "1299 Short", "inflow (M)": 4.62}, {"rank": 10, "name": "0981 Long", "inflow (M)": 4.0}, {"rank": 11, "name": "2269 Long", "inflow (M)": 3.86}, {"rank": 12, "name": "2318 Short", "inflow (M)": 3.77}, {"rank": 13, "name": "DJI Short", "inflow (M)": 2.9}, {"rank": 14, "name": "0388 Short", "inflow (M)": 2.46}, {"rank": 15, "name": "0939 Short", "inflow (M)": 2.02}, {"rank": 16, "name": "N225 Short", "inflow (M)": 1.73}, {"rank": 17, "name": "JPYD Long", "inflow (M)": 1.64}, {"rank": 18, "name": "0005 Short", "inflow (M)": 1.6}, {"rank": 19, "name": "1810 Short", "inflow (M)": 1.48}, {"rank": 20, "name": "0883 Short", "inflow (M)": 1.42}], "top20outflow_10d": [{"rank": 1, "name": "HSI Long", "outflow (M)": 216.91}, {"rank": 2, "name": "3690 Long", "outflow (M)": 17.37}, {"rank": 3, "name": "1211 Long", "outflow (M)": 7.91}, {"rank": 4, "name": "0388 Long", "outflow (M)": 7.21}, {"rank": 5, "name": "1299 Long", "outflow (M)": 6.84}, {"rank": 6, "name": "2318 Long", "outflow (M)": 5.27}, {"rank": 7, "name": "9988 Short", "outflow (M)": 4.81}, {"rank": 8, "name": "3968 Long", "outflow (M)": 3.07}, {"rank": 9, "name": "0857 Long", "outflow (M)": 3.07}, {"rank": 10, "name": "2269 Short", "outflow (M)": 2.74}, {"rank": 11, "name": "0788 Long", "outflow (M)": 2.68}, {"rank": 12, "name": "1928 Long", "outflow (M)": 2.63}, {"rank": 13, "name": "2628 Long", "outflow (M)": 2.62}, {"rank": 14, "name": "SPX Short", "outflow (M)": 2.32}, {"rank": 15, "name": "2822 Long", "outflow (M)": 1.94}, {"rank": 16, "name": "1810 Long", "outflow (M)": 1.86}, {"rank": 17, "name": "NDX Long", "outflow (M)": 1.8}, {"rank": 18, "name": "0700 Long", "outflow (M)": 1.75}, {"rank": 19, "name": "0027 Long", "outflow (M)": 1.72}, {"rank": 20, "name": "1024 Long", "outflow (M)": 1.67}], "stats": {"hsi long pos": "-216.91M", "hsi short pos:": "+335.05M", "stocks long pos": "-23.38M", "stocks short pos": "+62.81M"}}