{"top20inflow_1d": [{"rank": 1, "name": "HSI Long", "inflow (M)": 6.55}, {"rank": 2, "name": "0700 Short", "inflow (M)": 6.18}, {"rank": 3, "name": "3690 Long", "inflow (M)": 3.18}, {"rank": 4, "name": "1299 Long", "inflow (M)": 2.4}, {"rank": 5, "name": "0388 Long", "inflow (M)": 1.93}, {"rank": 6, "name": "9988 Long", "inflow (M)": 1.28}, {"rank": 7, "name": "1299 Short", "inflow (M)": 1.22}, {"rank": 8, "name": "1211 Long", "inflow (M)": 1.18}, {"rank": 9, "name": "0175 Long", "inflow (M)": 0.86}, {"rank": 10, "name": "0823 Long", "inflow (M)": 0.53}, {"rank": 11, "name": "9888 Long", "inflow (M)": 0.49}, {"rank": 12, "name": "6098 Long", "inflow (M)": 0.45}, {"rank": 13, "name": "0005 Long", "inflow (M)": 0.3}, {"rank": 14, "name": "2318 Short", "inflow (M)": 0.29}, {"rank": 15, "name": "2331 Long", "inflow (M)": 0.27}, {"rank": 16, "name": "0027 Long", "inflow (M)": 0.24}, {"rank": 17, "name": "1801 Long", "inflow (M)": 0.24}, {"rank": 18, "name": "0992 Long", "inflow (M)": 0.23}, {"rank": 19, "name": "2382 Long", "inflow (M)": 0.22}, {"rank": 20, "name": "2269 Long", "inflow (M)": 0.21}], "top20outflow_1d": [{"rank": 1, "name": "0700 Long", "outflow (M)": 14.83}, {"rank": 2, "name": "9988 Short", "outflow (M)": 4.36}, {"rank": 3, "name": "1211 Short", "outflow (M)": 3.66}, {"rank": 4, "name": "3690 Short", "outflow (M)": 3.51}, {"rank": 5, "name": "1024 Long", "outflow (M)": 2.31}, {"rank": 6, "name": "2018 Long", "outflow (M)": 1.74}, {"rank": 7, "name": "0388 Short", "outflow (M)": 1.11}, {"rank": 8, "name": "0902 Long", "outflow (M)": 0.64}, {"rank": 9, "name": "0941 Long", "outflow (M)": 0.51}, {"rank": 10, "name": "3968 Short", "outflow (M)": 0.35}, {"rank": 11, "name": "9618 Short", "outflow (M)": 0.31}, {"rank": 12, "name": "2020 Long", "outflow (M)": 0.29}, {"rank": 13, "name": "9888 Short", "outflow (M)": 0.27}, {"rank": 14, "name": "1109 Long", "outflow (M)": 0.26}, {"rank": 15, "name": "1810 Short", "outflow (M)": 0.25}, {"rank": 16, "name": "0788 Long", "outflow (M)": 0.24}, {"rank": 17, "name": "1818 Long", "outflow (M)": 0.22}, {"rank": 18, "name": "2015 Short", "outflow (M)": 0.21}, {"rank": 19, "name": "3988 Long", "outflow (M)": 0.2}, {"rank": 20, "name": "0981 Short", "outflow (M)": 0.19}], "stats": {"hsi long pos": "+8.35M", "hsi short pos:": "+1.98M", "stocks long pos": "+4.21M", "stocks short pos": "-1.92M"}}