{"top20inflow_5d": [{"rank": 1, "name": "HSI Short", "inflow (M)": 135.31}, {"rank": 2, "name": "0700 Long", "inflow (M)": 66.99}, {"rank": 3, "name": "9999 Short", "inflow (M)": 14.39}, {"rank": 4, "name": "3690 Short", "inflow (M)": 10.26}, {"rank": 5, "name": "1024 Long", "inflow (M)": 6.27}, {"rank": 6, "name": "1810 Long", "inflow (M)": 5.74}, {"rank": 7, "name": "9618 Short", "inflow (M)": 5.1}, {"rank": 8, "name": "1810 Short", "inflow (M)": 4.01}, {"rank": 9, "name": "0941 Short", "inflow (M)": 3.85}, {"rank": 10, "name": "1211 Short", "inflow (M)": 2.91}, {"rank": 11, "name": "DJI Short", "inflow (M)": 2.79}, {"rank": 12, "name": "HSTECH Long", "inflow (M)": 2.48}, {"rank": 13, "name": "2319 Long", "inflow (M)": 2.04}, {"rank": 14, "name": "9999 Long", "inflow (M)": 1.78}, {"rank": 15, "name": "NDX Short", "inflow (M)": 1.74}, {"rank": 16, "name": "9888 Long", "inflow (M)": 1.55}, {"rank": 17, "name": "1398 Short", "inflow (M)": 1.49}, {"rank": 18, "name": "2269 Long", "inflow (M)": 1.45}, {"rank": 19, "name": "0175 Long", "inflow (M)": 1.31}, {"rank": 20, "name": "3988 Short", "inflow (M)": 1.27}], "top20outflow_5d": [{"rank": 1, "name": "HSI Long", "outflow (M)": 38.97}, {"rank": 2, "name": "0700 Short", "outflow (M)": 18.16}, {"rank": 3, "name": "9988 Long", "outflow (M)": 10.88}, {"rank": 4, "name": "9988 Short", "outflow (M)": 9.71}, {"rank": 5, "name": "0941 Long", "outflow (M)": 7.85}, {"rank": 6, "name": "0388 Long", "outflow (M)": 6.37}, {"rank": 7, "name": "1211 Long", "outflow (M)": 3.71}, {"rank": 8, "name": "9868 Short", "outflow (M)": 2.37}, {"rank": 9, "name": "0992 Long", "outflow (M)": 1.97}, {"rank": 10, "name": "3690 Long", "outflow (M)": 1.78}, {"rank": 11, "name": "0005 Long", "outflow (M)": 1.66}, {"rank": 12, "name": "2318 Long", "outflow (M)": 1.58}, {"rank": 13, "name": "0027 Long", "outflow (M)": 1.56}, {"rank": 14, "name": "2318 Short", "outflow (M)": 1.47}, {"rank": 15, "name": "0883 Long", "outflow (M)": 1.27}, {"rank": 16, "name": "0823 Long", "outflow (M)": 1.24}, {"rank": 17, "name": "9618 Long", "outflow (M)": 0.99}, {"rank": 18, "name": "0939 Long", "outflow (M)": 0.9}, {"rank": 19, "name": "2331 Long", "outflow (M)": 0.87}, {"rank": 20, "name": "2269 Short", "outflow (M)": 0.86}], "stats": {"hsi long pos": "-38.97M", "hsi short pos:": "+135.31M", "stocks long pos": "+44.70M", "stocks short pos": "+14.69M"}}