{"top20inflow_20d": [{"rank": 1, "name": "HSI Long", "inflow (M)": 837.27}, {"rank": 2, "name": "3690 Long", "inflow (M)": 124.5}, {"rank": 3, "name": "9988 Long", "inflow (M)": 93.36}, {"rank": 4, "name": "0388 Long", "inflow (M)": 65.66}, {"rank": 5, "name": "1211 Long", "inflow (M)": 52.66}, {"rank": 6, "name": "0700 Short", "inflow (M)": 21.19}, {"rank": 7, "name": "2318 Long", "inflow (M)": 18.08}, {"rank": 8, "name": "1299 Long", "inflow (M)": 17.74}, {"rank": 9, "name": "DJI Short", "inflow (M)": 14.96}, {"rank": 10, "name": "1810 Long", "inflow (M)": 12.0}, {"rank": 11, "name": "2269 Long", "inflow (M)": 11.27}, {"rank": 12, "name": "HSTECH Long", "inflow (M)": 8.19}, {"rank": 13, "name": "0175 Long", "inflow (M)": 7.25}, {"rank": 14, "name": "3968 Long", "inflow (M)": 5.48}, {"rank": 15, "name": "1024 Long", "inflow (M)": 3.47}, {"rank": 16, "name": "0005 Short", "inflow (M)": 2.45}, {"rank": 17, "name": "0753 Long", "inflow (M)": 2.43}, {"rank": 18, "name": "9626 Long", "inflow (M)": 2.33}, {"rank": 19, "name": "9868 Long", "inflow (M)": 2.32}, {"rank": 20, "name": "0027 Long", "inflow (M)": 2.28}], "top20outflow_20d": [{"rank": 1, "name": "HSI Short", "outflow (M)": 176.24}, {"rank": 2, "name": "3690 Short", "outflow (M)": 23.29}, {"rank": 3, "name": "1211 Short", "outflow (M)": 21.12}, {"rank": 4, "name": "0700 Long", "outflow (M)": 16.71}, {"rank": 5, "name": "1810 Short", "outflow (M)": 11.14}, {"rank": 6, "name": "0388 Short", "outflow (M)": 8.26}, {"rank": 7, "name": "9618 Long", "outflow (M)": 5.98}, {"rank": 8, "name": "1299 Short", "outflow (M)": 4.62}, {"rank": 9, "name": "2318 Short", "outflow (M)": 4.48}, {"rank": 10, "name": "9988 Short", "outflow (M)": 4.38}, {"rank": 11, "name": "0005 Long", "outflow (M)": 4.36}, {"rank": 12, "name": "0941 Long", "outflow (M)": 2.89}, {"rank": 13, "name": "2269 Short", "outflow (M)": 2.67}, {"rank": 14, "name": "0354 Long", "outflow (M)": 2.61}, {"rank": 15, "name": "0902 Long", "outflow (M)": 2.6}, {"rank": 16, "name": "2020 Short", "outflow (M)": 2.32}, {"rank": 17, "name": "0981 Short", "outflow (M)": 2.07}, {"rank": 18, "name": "0857 Long", "outflow (M)": 1.96}, {"rank": 19, "name": "2015 Short", "outflow (M)": 1.79}, {"rank": 20, "name": "0883 Long", "outflow (M)": 1.7}], "stats": {"hsi long pos": "+837.27M", "hsi short pos:": "-176.24M", "stocks long pos": "+411.95M", "stocks short pos": "-62.92M"}}