{"top20inflow_5d": [{"rank": 1, "name": "HSI Long", "inflow (M)": 56.29}, {"rank": 2, "name": "1299 Long", "inflow (M)": 38.92}, {"rank": 3, "name": "0941 Long", "inflow (M)": 15.22}, {"rank": 4, "name": "0388 Long", "inflow (M)": 12.43}, {"rank": 5, "name": "9988 Long", "inflow (M)": 11.56}, {"rank": 6, "name": "2269 Long", "inflow (M)": 9.48}, {"rank": 7, "name": "0700 Long", "inflow (M)": 9.42}, {"rank": 8, "name": "1024 Long", "inflow (M)": 7.19}, {"rank": 9, "name": "1810 Long", "inflow (M)": 6.48}, {"rank": 10, "name": "2318 Long", "inflow (M)": 6.18}, {"rank": 11, "name": "0268 Long", "inflow (M)": 4.42}, {"rank": 12, "name": "2382 Long", "inflow (M)": 4.07}, {"rank": 13, "name": "0700 Short", "inflow (M)": 3.87}, {"rank": 14, "name": "JPYD Long", "inflow (M)": 3.55}, {"rank": 15, "name": "2015 Long", "inflow (M)": 3.45}, {"rank": 16, "name": "2018 Long", "inflow (M)": 2.85}, {"rank": 17, "name": "9888 Long", "inflow (M)": 2.71}, {"rank": 18, "name": "HSTECH Long", "inflow (M)": 2.37}, {"rank": 19, "name": "9868 Long", "inflow (M)": 2.35}, {"rank": 20, "name": "3690 Long", "inflow (M)": 2.15}], "top20outflow_5d": [{"rank": 1, "name": "HSI Short", "outflow (M)": 100.74}, {"rank": 2, "name": "0005 Long", "outflow (M)": 8.37}, {"rank": 3, "name": "1211 Short", "outflow (M)": 6.28}, {"rank": 4, "name": "0388 Short", "outflow (M)": 6.06}, {"rank": 5, "name": "0883 Long", "outflow (M)": 4.11}, {"rank": 6, "name": "2015 Short", "outflow (M)": 2.5}, {"rank": 7, "name": "2840 Long", "outflow (M)": 2.49}, {"rank": 8, "name": "3690 Short", "outflow (M)": 2.49}, {"rank": 9, "name": "9988 Short", "outflow (M)": 2.06}, {"rank": 10, "name": "1299 Short", "outflow (M)": 2.04}, {"rank": 11, "name": "1211 Long", "outflow (M)": 1.78}, {"rank": 12, "name": "0857 Long", "outflow (M)": 1.71}, {"rank": 13, "name": "1810 Short", "outflow (M)": 1.46}, {"rank": 14, "name": "N225 Long", "outflow (M)": 1.35}, {"rank": 15, "name": "2269 Short", "outflow (M)": 1.27}, {"rank": 16, "name": "0011 Long", "outflow (M)": 1.23}, {"rank": 17, "name": "0291 Long", "outflow (M)": 1.21}, {"rank": 18, "name": "9999 Long", "outflow (M)": 1.2}, {"rank": 19, "name": "9618 Short", "outflow (M)": 1.12}, {"rank": 20, "name": "1088 Long", "outflow (M)": 1.09}], "stats": {"hsi long pos": "+130.53M", "hsi short pos:": "-50.07M", "stocks long pos": "+109.67M", "stocks short pos": "-6.70M"}}