{"top20inflow_5d": [{"rank": 1, "name": "HSI Short", "inflow (M)": 171.09}, {"rank": 2, "name": "0005 Long", "inflow (M)": 21.04}, {"rank": 3, "name": "1211 Short", "inflow (M)": 8.37}, {"rank": 4, "name": "9961 Short", "inflow (M)": 6.31}, {"rank": 5, "name": "9618 Long", "inflow (M)": 4.7}, {"rank": 6, "name": "9888 Long", "inflow (M)": 4.53}, {"rank": 7, "name": "0883 Short", "inflow (M)": 3.92}, {"rank": 8, "name": "0981 Long", "inflow (M)": 3.83}, {"rank": 9, "name": "1810 Long", "inflow (M)": 3.44}, {"rank": 10, "name": "2318 Short", "inflow (M)": 2.76}, {"rank": 11, "name": "0027 Long", "inflow (M)": 2.62}, {"rank": 12, "name": "3690 Short", "inflow (M)": 2.28}, {"rank": 13, "name": "2015 Short", "inflow (M)": 2.23}, {"rank": 14, "name": "0388 Long", "inflow (M)": 2.13}, {"rank": 15, "name": "0700 Long", "inflow (M)": 1.93}, {"rank": 16, "name": "3968 Short", "inflow (M)": 1.82}, {"rank": 17, "name": "1810 Short", "inflow (M)": 1.73}, {"rank": 18, "name": "0939 Short", "inflow (M)": 1.7}, {"rank": 19, "name": "1299 Short", "inflow (M)": 1.6}, {"rank": 20, "name": "0386 Long", "inflow (M)": 1.5}], "top20outflow_5d": [{"rank": 1, "name": "HSI Long", "outflow (M)": 123.89}, {"rank": 2, "name": "3690 Long", "outflow (M)": 17.0}, {"rank": 3, "name": "3968 Long", "outflow (M)": 4.97}, {"rank": 4, "name": "0883 Long", "outflow (M)": 4.25}, {"rank": 5, "name": "1109 Long", "outflow (M)": 4.01}, {"rank": 6, "name": "0941 Long", "outflow (M)": 3.4}, {"rank": 7, "name": "0005 Short", "outflow (M)": 2.8}, {"rank": 8, "name": "9961 Long", "outflow (M)": 2.8}, {"rank": 9, "name": "9988 Long", "outflow (M)": 2.51}, {"rank": 10, "name": "HSTECH Long", "outflow (M)": 2.45}, {"rank": 11, "name": "0788 Long", "outflow (M)": 2.38}, {"rank": 12, "name": "0939 Long", "outflow (M)": 1.64}, {"rank": 13, "name": "2822 Long", "outflow (M)": 1.58}, {"rank": 14, "name": "JPYD= Long", "outflow (M)": 1.55}, {"rank": 15, "name": "2269 Short", "outflow (M)": 1.47}, {"rank": 16, "name": "0700 Short", "outflow (M)": 1.29}, {"rank": 17, "name": "NDX Long", "outflow (M)": 1.24}, {"rank": 18, "name": "2899 Long", "outflow (M)": 1.22}, {"rank": 19, "name": "1024 Long", "outflow (M)": 1.16}, {"rank": 20, "name": "2015 Long", "outflow (M)": 1.14}], "stats": {"hsi long pos": "-123.89M", "hsi short pos:": "+171.09M", "stocks long pos": "-7.36M", "stocks short pos": "+32.00M"}}