{"top20inflow_20d": [{"rank": 1, "name": "HSI Long", "inflow (M)": 175.45}, {"rank": 2, "name": "9988 Long", "inflow (M)": 73.67}, {"rank": 3, "name": "1299 Long", "inflow (M)": 72.55}, {"rank": 4, "name": "0700 Short", "inflow (M)": 34.55}, {"rank": 5, "name": "3690 Short", "inflow (M)": 26.77}, {"rank": 6, "name": "0388 Long", "inflow (M)": 25.03}, {"rank": 7, "name": "1810 Long", "inflow (M)": 18.59}, {"rank": 8, "name": "2269 Long", "inflow (M)": 16.38}, {"rank": 9, "name": "0700 Long", "inflow (M)": 15.88}, {"rank": 10, "name": "9888 Long", "inflow (M)": 14.67}, {"rank": 11, "name": "0941 Long", "inflow (M)": 14.02}, {"rank": 12, "name": "2318 Long", "inflow (M)": 13.96}, {"rank": 13, "name": "NDX Long", "inflow (M)": 13.24}, {"rank": 14, "name": "2015 Long", "inflow (M)": 12.07}, {"rank": 15, "name": "JPYD Long", "inflow (M)": 7.88}, {"rank": 16, "name": "2382 Long", "inflow (M)": 7.78}, {"rank": 17, "name": "0883 Long", "inflow (M)": 6.95}, {"rank": 18, "name": "9618 Short", "inflow (M)": 6.94}, {"rank": 19, "name": "1024 Long", "inflow (M)": 6.86}, {"rank": 20, "name": "0981 Long", "inflow (M)": 5.29}], "top20outflow_20d": [{"rank": 1, "name": "3690 Long", "outflow (M)": 63.59}, {"rank": 2, "name": "0005 Long", "outflow (M)": 21.39}, {"rank": 3, "name": "2015 Short", "outflow (M)": 12.97}, {"rank": 4, "name": "9988 Short", "outflow (M)": 5.83}, {"rank": 5, "name": "0388 Short", "outflow (M)": 5.03}, {"rank": 6, "name": "9618 Long", "outflow (M)": 4.76}, {"rank": 7, "name": "1109 Long", "outflow (M)": 4.48}, {"rank": 8, "name": "3968 Long", "outflow (M)": 4.08}, {"rank": 9, "name": "2840 Long", "outflow (M)": 3.93}, {"rank": 10, "name": "1299 Short", "outflow (M)": 3.35}, {"rank": 11, "name": "HSI Short", "outflow (M)": 2.96}, {"rank": 12, "name": "0992 Long", "outflow (M)": 2.88}, {"rank": 13, "name": "0027 Short", "outflow (M)": 2.26}, {"rank": 14, "name": "9961 Short", "outflow (M)": 2.16}, {"rank": 15, "name": "2318 Short", "outflow (M)": 2.1}, {"rank": 16, "name": "2822 Long", "outflow (M)": 1.6}, {"rank": 17, "name": "3988 Long", "outflow (M)": 1.6}, {"rank": 18, "name": "2269 Short", "outflow (M)": 1.6}, {"rank": 19, "name": "9868 Short", "outflow (M)": 1.38}, {"rank": 20, "name": "1357 Long", "outflow (M)": 1.35}], "stats": {"hsi long pos": "+72.18M", "hsi short pos:": "+61.39M", "stocks long pos": "+229.47M", "stocks short pos": "+65.94M"}}