{"top20inflow_1d": [{"rank": 1, "name": "HSI Long", "inflow (M)": 32.31}, {"rank": 2, "name": "9888 Long", "inflow (M)": 8.5}, {"rank": 3, "name": "9988 Long", "inflow (M)": 7.9}, {"rank": 4, "name": "2318 Long", "inflow (M)": 3.36}, {"rank": 5, "name": "0941 Long", "inflow (M)": 2.8}, {"rank": 6, "name": "0700 Long", "inflow (M)": 2.75}, {"rank": 7, "name": "0700 Short", "inflow (M)": 2.5}, {"rank": 8, "name": "0981 Long", "inflow (M)": 2.02}, {"rank": 9, "name": "0005 Short", "inflow (M)": 1.5}, {"rank": 10, "name": "0883 Long", "inflow (M)": 1.3}, {"rank": 11, "name": "0388 Long", "inflow (M)": 0.96}, {"rank": 12, "name": "1211 Long", "inflow (M)": 0.89}, {"rank": 13, "name": "1385 Long", "inflow (M)": 0.83}, {"rank": 14, "name": "9999 Short", "inflow (M)": 0.59}, {"rank": 15, "name": "NDX Short", "inflow (M)": 0.58}, {"rank": 16, "name": "9961 Long", "inflow (M)": 0.54}, {"rank": 17, "name": "9999 Long", "inflow (M)": 0.46}, {"rank": 18, "name": "2800 Long", "inflow (M)": 0.45}, {"rank": 19, "name": "0981 Short", "inflow (M)": 0.44}, {"rank": 20, "name": "0386 Long", "inflow (M)": 0.42}], "top20outflow_1d": [{"rank": 1, "name": "HSI Short", "outflow (M)": 21.39}, {"rank": 2, "name": "0005 Long", "outflow (M)": 4.33}, {"rank": 3, "name": "3690 Long", "outflow (M)": 4.03}, {"rank": 4, "name": "0388 Short", "outflow (M)": 2.56}, {"rank": 5, "name": "3690 Short", "outflow (M)": 2.34}, {"rank": 6, "name": "1211 Short", "outflow (M)": 1.39}, {"rank": 7, "name": "0883 Short", "outflow (M)": 1.34}, {"rank": 8, "name": "0027 Long", "outflow (M)": 1.27}, {"rank": 9, "name": "3968 Short", "outflow (M)": 1.07}, {"rank": 10, "name": "1299 Long", "outflow (M)": 0.89}, {"rank": 11, "name": "9988 Short", "outflow (M)": 0.85}, {"rank": 12, "name": "0175 Long", "outflow (M)": 0.76}, {"rank": 13, "name": "2018 Long", "outflow (M)": 0.75}, {"rank": 14, "name": "2318 Short", "outflow (M)": 0.69}, {"rank": 15, "name": "0992 Long", "outflow (M)": 0.45}, {"rank": 16, "name": "9868 Short", "outflow (M)": 0.37}, {"rank": 17, "name": "2800 Short", "outflow (M)": 0.33}, {"rank": 18, "name": "0016 Long", "outflow (M)": 0.3}, {"rank": 19, "name": "2020 Short", "outflow (M)": 0.29}, {"rank": 20, "name": "2015 Short", "outflow (M)": 0.27}], "stats": {"hsi long pos": "+32.31M", "hsi short pos:": "-21.39M", "stocks long pos": "+23.13M", "stocks short pos": "-6.46M"}}