{"top20inflow_20d": [{"rank": 1, "name": "HSI Long", "inflow (M)": 149.37}, {"rank": 2, "name": "HSI Short", "inflow (M)": 96.94}, {"rank": 3, "name": "0700 Long", "inflow (M)": 72.2}, {"rank": 4, "name": "3690 Long", "inflow (M)": 53.21}, {"rank": 5, "name": "1211 Short", "inflow (M)": 23.23}, {"rank": 6, "name": "DJI Short", "inflow (M)": 14.55}, {"rank": 7, "name": "1810 Long", "inflow (M)": 14.5}, {"rank": 8, "name": "3690 Short", "inflow (M)": 14.3}, {"rank": 9, "name": "1024 Long", "inflow (M)": 12.57}, {"rank": 10, "name": "2318 Long", "inflow (M)": 8.72}, {"rank": 11, "name": "2015 Short", "inflow (M)": 8.52}, {"rank": 12, "name": "0981 Long", "inflow (M)": 7.97}, {"rank": 13, "name": "HSTECH Long", "inflow (M)": 6.77}, {"rank": 14, "name": "9988 Long", "inflow (M)": 5.6}, {"rank": 15, "name": "JPYD Long", "inflow (M)": 5.27}, {"rank": 16, "name": "2382 Long", "inflow (M)": 5.2}, {"rank": 17, "name": "9888 Long", "inflow (M)": 4.7}, {"rank": 18, "name": "0883 Long", "inflow (M)": 4.54}, {"rank": 19, "name": "NDX Short", "inflow (M)": 4.36}, {"rank": 20, "name": "0941 Short", "inflow (M)": 4.24}], "top20outflow_20d": [{"rank": 1, "name": "0700 Short", "outflow (M)": 9.32}, {"rank": 2, "name": "9988 Short", "outflow (M)": 8.73}, {"rank": 3, "name": "0823 Long", "outflow (M)": 6.21}, {"rank": 4, "name": "2318 Short", "outflow (M)": 3.97}, {"rank": 5, "name": "0388 Long", "outflow (M)": 3.85}, {"rank": 6, "name": "1810 Short", "outflow (M)": 3.83}, {"rank": 7, "name": "NDX Long", "outflow (M)": 2.13}, {"rank": 8, "name": "1299 Long", "outflow (M)": 1.96}, {"rank": 9, "name": "0941 Long", "outflow (M)": 1.95}, {"rank": 10, "name": "1024 Short", "outflow (M)": 1.56}, {"rank": 11, "name": "2382 Short", "outflow (M)": 1.54}, {"rank": 12, "name": "0902 Long", "outflow (M)": 1.5}, {"rank": 13, "name": "2331 Short", "outflow (M)": 0.93}, {"rank": 14, "name": "1171 Long", "outflow (M)": 0.85}, {"rank": 15, "name": "1801 Long", "outflow (M)": 0.77}, {"rank": 16, "name": "0992 Long", "outflow (M)": 0.59}, {"rank": 17, "name": "0981 Short", "outflow (M)": 0.57}, {"rank": 18, "name": "0939 Long", "outflow (M)": 0.51}, {"rank": 19, "name": "2018 Short", "outflow (M)": 0.5}, {"rank": 20, "name": "9618 Short", "outflow (M)": 0.49}], "stats": {"hsi long pos": "+149.37M", "hsi short pos:": "+96.94M", "stocks long pos": "+221.39M", "stocks short pos": "+37.73M"}}