{"top20inflow_10d": [{"rank": 1, "name": "HSI Long", "inflow (M)": 191.5}, {"rank": 2, "name": "9988 Long", "inflow (M)": 18.98}, {"rank": 3, "name": "3690 Long", "inflow (M)": 15.05}, {"rank": 4, "name": "HSI Short", "inflow (M)": 14.27}, {"rank": 5, "name": "2269 Long", "inflow (M)": 13.29}, {"rank": 6, "name": "0388 Long", "inflow (M)": 8.07}, {"rank": 7, "name": "3968 Long", "inflow (M)": 7.81}, {"rank": 8, "name": "3690 Short", "inflow (M)": 7.58}, {"rank": 9, "name": "0700 Long", "inflow (M)": 6.89}, {"rank": 10, "name": "9988 Short", "inflow (M)": 6.64}, {"rank": 11, "name": "2318 Long", "inflow (M)": 5.94}, {"rank": 12, "name": "0981 Long", "inflow (M)": 5.5}, {"rank": 13, "name": "1211 Long", "inflow (M)": 5.34}, {"rank": 14, "name": "1810 Long", "inflow (M)": 4.65}, {"rank": 15, "name": "SPX Short", "inflow (M)": 4.6}, {"rank": 16, "name": "DJI Short", "inflow (M)": 3.95}, {"rank": 17, "name": "0175 Long", "inflow (M)": 3.89}, {"rank": 18, "name": "9618 Long", "inflow (M)": 3.63}, {"rank": 19, "name": "1109 Long", "inflow (M)": 2.48}, {"rank": 20, "name": "HSTECH Long", "inflow (M)": 2.39}], "top20outflow_10d": [{"rank": 1, "name": "1211 Short", "outflow (M)": 43.95}, {"rank": 2, "name": "0883 Long", "outflow (M)": 30.85}, {"rank": 3, "name": "1299 Short", "outflow (M)": 2.48}, {"rank": 4, "name": "0700 Short", "outflow (M)": 2.37}, {"rank": 5, "name": "0992 Short", "outflow (M)": 1.85}, {"rank": 6, "name": "9868 Short", "outflow (M)": 1.55}, {"rank": 7, "name": "0960 Long", "outflow (M)": 1.38}, {"rank": 8, "name": "1398 Long", "outflow (M)": 1.05}, {"rank": 9, "name": "2269 Short", "outflow (M)": 1.0}, {"rank": 10, "name": "0941 Short", "outflow (M)": 0.93}, {"rank": 11, "name": "N225 Long", "outflow (M)": 0.92}, {"rank": 12, "name": "9888 Short", "outflow (M)": 0.82}, {"rank": 13, "name": "0857 Long", "outflow (M)": 0.77}, {"rank": 14, "name": "2015 Short", "outflow (M)": 0.72}, {"rank": 15, "name": "2331 Long", "outflow (M)": 0.61}, {"rank": 16, "name": "0788 Long", "outflow (M)": 0.54}, {"rank": 17, "name": "2318 Short", "outflow (M)": 0.54}, {"rank": 18, "name": "2333 Long", "outflow (M)": 0.43}, {"rank": 19, "name": "DJI Long", "outflow (M)": 0.42}, {"rank": 20, "name": "2018 Short", "outflow (M)": 0.38}], "stats": {"hsi long pos": "+199.41M", "hsi short pos:": "-21.60M", "stocks long pos": "+91.86M", "stocks short pos": "-44.51M"}}