{"top20inflow_1d": [{"rank": 1, "name": "HSI Short", "inflow (M)": 6.87}, {"rank": 2, "name": "3690 Short", "inflow (M)": 1.86}, {"rank": 3, "name": "9988 Short", "inflow (M)": 1.37}, {"rank": 4, "name": "0388 Long", "inflow (M)": 0.99}, {"rank": 5, "name": "0700 Short", "inflow (M)": 0.97}, {"rank": 6, "name": "1299 Short", "inflow (M)": 0.83}, {"rank": 7, "name": "0388 Short", "inflow (M)": 0.81}, {"rank": 8, "name": "2318 Long", "inflow (M)": 0.6}, {"rank": 9, "name": "1211 Long", "inflow (M)": 0.59}, {"rank": 10, "name": "HSTECH Long", "inflow (M)": 0.45}, {"rank": 11, "name": "1810 Long", "inflow (M)": 0.4}, {"rank": 12, "name": "1093 Long", "inflow (M)": 0.38}, {"rank": 13, "name": "9999 Short", "inflow (M)": 0.28}, {"rank": 14, "name": "0941 Long", "inflow (M)": 0.27}, {"rank": 15, "name": "9961 Short", "inflow (M)": 0.24}, {"rank": 16, "name": "9999 Long", "inflow (M)": 0.17}, {"rank": 17, "name": "0001 Long", "inflow (M)": 0.17}, {"rank": 18, "name": "2628 Long", "inflow (M)": 0.16}, {"rank": 19, "name": "0005 Long", "inflow (M)": 0.16}, {"rank": 20, "name": "1024 Long", "inflow (M)": 0.14}], "top20outflow_1d": [{"rank": 1, "name": "0700 Long", "outflow (M)": 2.06}, {"rank": 2, "name": "1211 Short", "outflow (M)": 1.34}, {"rank": 3, "name": "1810 Short", "outflow (M)": 1.28}, {"rank": 4, "name": "0857 Long", "outflow (M)": 0.9}, {"rank": 5, "name": "2318 Short", "outflow (M)": 0.58}, {"rank": 6, "name": "0992 Short", "outflow (M)": 0.43}, {"rank": 7, "name": "1299 Long", "outflow (M)": 0.42}, {"rank": 8, "name": "N225 Long", "outflow (M)": 0.36}, {"rank": 9, "name": "2020 Long", "outflow (M)": 0.29}, {"rank": 10, "name": "0175 Long", "outflow (M)": 0.25}, {"rank": 11, "name": "1398 Short", "outflow (M)": 0.24}, {"rank": 12, "name": "2015 Short", "outflow (M)": 0.22}, {"rank": 13, "name": "2800 Short", "outflow (M)": 0.2}, {"rank": 14, "name": "3988 Long", "outflow (M)": 0.2}, {"rank": 15, "name": "9999 Long", "outflow (M)": 0.19}, {"rank": 16, "name": "0941 Short", "outflow (M)": 0.15}, {"rank": 17, "name": "2359 Long", "outflow (M)": 0.14}, {"rank": 18, "name": "2020 Short", "outflow (M)": 0.14}, {"rank": 19, "name": "NDX Long", "outflow (M)": 0.13}, {"rank": 20, "name": "0728 Long", "outflow (M)": 0.13}], "stats": {"hsi long pos": "+20.05M", "hsi short pos:": "+26.05M", "stocks long pos": "+11.37M", "stocks short pos": "+4.91M"}}