{"top20inflow_10d": [{"rank": 1, "name": "HSI Long", "inflow (M)": 643.25}, {"rank": 2, "name": "0700 Long", "inflow (M)": 66.34}, {"rank": 3, "name": "3690 Long", "inflow (M)": 27.25}, {"rank": 4, "name": "9988 Long", "inflow (M)": 25.64}, {"rank": 5, "name": "0388 Long", "inflow (M)": 11.92}, {"rank": 6, "name": "0005 Long", "inflow (M)": 10.34}, {"rank": 7, "name": "2318 Long", "inflow (M)": 7.83}, {"rank": 8, "name": "9988 Short", "inflow (M)": 7.31}, {"rank": 9, "name": "1299 Long", "inflow (M)": 6.79}, {"rank": 10, "name": "JPYD Long", "inflow (M)": 6.64}, {"rank": 11, "name": "1810 Long", "inflow (M)": 5.71}, {"rank": 12, "name": "9888 Long", "inflow (M)": 5.4}, {"rank": 13, "name": "HSTECH Long", "inflow (M)": 5.26}, {"rank": 14, "name": "1211 Short", "inflow (M)": 5.12}, {"rank": 15, "name": "NDX Short", "inflow (M)": 4.84}, {"rank": 16, "name": "9618 Long", "inflow (M)": 4.39}, {"rank": 17, "name": "0981 Long", "inflow (M)": 3.78}, {"rank": 18, "name": "9868 Long", "inflow (M)": 3.25}, {"rank": 19, "name": "0941 Long", "inflow (M)": 3.25}, {"rank": 20, "name": "1024 Long", "inflow (M)": 2.87}], "top20outflow_10d": [{"rank": 1, "name": "HSI Short", "outflow (M)": 373.27}, {"rank": 2, "name": "0700 Short", "outflow (M)": 38.57}, {"rank": 3, "name": "0388 Short", "outflow (M)": 6.43}, {"rank": 4, "name": "1810 Short", "outflow (M)": 5.57}, {"rank": 5, "name": "1024 Short", "outflow (M)": 2.85}, {"rank": 6, "name": "9618 Short", "outflow (M)": 2.66}, {"rank": 7, "name": "3988 Short", "outflow (M)": 1.73}, {"rank": 8, "name": "2015 Short", "outflow (M)": 1.71}, {"rank": 9, "name": "0981 Short", "outflow (M)": 1.21}, {"rank": 10, "name": "2382 Short", "outflow (M)": 1.08}, {"rank": 11, "name": "9888 Short", "outflow (M)": 1.05}, {"rank": 12, "name": "2020 Short", "outflow (M)": 0.96}, {"rank": 13, "name": "DJI Short", "outflow (M)": 0.86}, {"rank": 14, "name": "9868 Short", "outflow (M)": 0.85}, {"rank": 15, "name": "0005 Short", "outflow (M)": 0.74}, {"rank": 16, "name": "0941 Short", "outflow (M)": 0.56}, {"rank": 17, "name": "HSTECH Short", "outflow (M)": 0.55}, {"rank": 18, "name": "0762 Long", "outflow (M)": 0.51}, {"rank": 19, "name": "0857 Short", "outflow (M)": 0.47}, {"rank": 20, "name": "2269 Short", "outflow (M)": 0.47}], "stats": {"hsi long pos": "+630.05M", "hsi short pos:": "-360.87M", "stocks long pos": "+217.87M", "stocks short pos": "-49.61M"}}