{"top20inflow_5d": [{"rank": 1, "name": "HSI Short", "inflow (M)": 109.07}, {"rank": 2, "name": "0883 Long", "inflow (M)": 35.35}, {"rank": 3, "name": "3690 Long", "inflow (M)": 12.87}, {"rank": 4, "name": "9988 Short", "inflow (M)": 11.96}, {"rank": 5, "name": "9988 Long", "inflow (M)": 9.13}, {"rank": 6, "name": "2269 Short", "inflow (M)": 8.0}, {"rank": 7, "name": "3690 Short", "inflow (M)": 6.78}, {"rank": 8, "name": "1211 Long", "inflow (M)": 6.14}, {"rank": 9, "name": "3968 Long", "inflow (M)": 5.75}, {"rank": 10, "name": "9868 Short", "inflow (M)": 5.12}, {"rank": 11, "name": "JPYD Long", "inflow (M)": 4.59}, {"rank": 12, "name": "2269 Long", "inflow (M)": 4.31}, {"rank": 13, "name": "2318 Long", "inflow (M)": 3.65}, {"rank": 14, "name": "1810 Long", "inflow (M)": 3.32}, {"rank": 15, "name": "1299 Short", "inflow (M)": 3.24}, {"rank": 16, "name": "NDX Short", "inflow (M)": 2.66}, {"rank": 17, "name": "9999 Short", "inflow (M)": 2.46}, {"rank": 18, "name": "SPX Short", "inflow (M)": 2.43}, {"rank": 19, "name": "1818 Long", "inflow (M)": 2.33}, {"rank": 20, "name": "0960 Long", "inflow (M)": 2.19}], "top20outflow_5d": [{"rank": 1, "name": "HSI Long", "outflow (M)": 42.49}, {"rank": 2, "name": "0700 Long", "outflow (M)": 24.78}, {"rank": 3, "name": "1299 Long", "outflow (M)": 5.7}, {"rank": 4, "name": "0005 Long", "outflow (M)": 3.89}, {"rank": 5, "name": "9888 Long", "outflow (M)": 2.16}, {"rank": 6, "name": "0981 Short", "outflow (M)": 2.04}, {"rank": 7, "name": "0941 Long", "outflow (M)": 1.95}, {"rank": 8, "name": "9618 Long", "outflow (M)": 1.93}, {"rank": 9, "name": "0700 Short", "outflow (M)": 1.22}, {"rank": 10, "name": "2382 Long", "outflow (M)": 0.71}, {"rank": 11, "name": "0992 Short", "outflow (M)": 0.66}, {"rank": 12, "name": "1211 Short", "outflow (M)": 0.53}, {"rank": 13, "name": "1024 Short", "outflow (M)": 0.52}, {"rank": 14, "name": "0939 Long", "outflow (M)": 0.52}, {"rank": 15, "name": "2331 Long", "outflow (M)": 0.47}, {"rank": 16, "name": "2018 Short", "outflow (M)": 0.43}, {"rank": 17, "name": "1810 Short", "outflow (M)": 0.42}, {"rank": 18, "name": "9888 Short", "outflow (M)": 0.42}, {"rank": 19, "name": "2800 Long", "outflow (M)": 0.41}, {"rank": 20, "name": "2382 Short", "outflow (M)": 0.41}], "stats": {"hsi long pos": "-35.57M", "hsi short pos:": "+93.45M", "stocks long pos": "+74.68M", "stocks short pos": "+47.51M"}}