{"top20inflow_20d": [{"rank": 1, "name": "HSI Short", "inflow (M)": 132.57}, {"rank": 2, "name": "HSI Long", "inflow (M)": 128.84}, {"rank": 3, "name": "0700 Long", "inflow (M)": 72.1}, {"rank": 4, "name": "3690 Long", "inflow (M)": 50.31}, {"rank": 5, "name": "1211 Short", "inflow (M)": 18.85}, {"rank": 6, "name": "3690 Short", "inflow (M)": 18.38}, {"rank": 7, "name": "DJI Short", "inflow (M)": 17.52}, {"rank": 8, "name": "1810 Long", "inflow (M)": 11.95}, {"rank": 9, "name": "1024 Long", "inflow (M)": 10.61}, {"rank": 10, "name": "2318 Long", "inflow (M)": 10.51}, {"rank": 11, "name": "HSTECH Long", "inflow (M)": 6.95}, {"rank": 12, "name": "0981 Long", "inflow (M)": 6.64}, {"rank": 13, "name": "2382 Long", "inflow (M)": 5.33}, {"rank": 14, "name": "0883 Long", "inflow (M)": 4.81}, {"rank": 15, "name": "1211 Long", "inflow (M)": 4.62}, {"rank": 16, "name": "0941 Short", "inflow (M)": 4.61}, {"rank": 17, "name": "NDX Short", "inflow (M)": 4.27}, {"rank": 18, "name": "JPYD Long", "inflow (M)": 4.09}, {"rank": 19, "name": "1797 Long", "inflow (M)": 3.27}, {"rank": 20, "name": "2269 Long", "inflow (M)": 2.71}], "top20outflow_20d": [{"rank": 1, "name": "0700 Short", "outflow (M)": 18.69}, {"rank": 2, "name": "9988 Short", "outflow (M)": 9.43}, {"rank": 3, "name": "0823 Long", "outflow (M)": 6.38}, {"rank": 4, "name": "0388 Long", "outflow (M)": 5.15}, {"rank": 5, "name": "2318 Short", "outflow (M)": 4.09}, {"rank": 6, "name": "0005 Long", "outflow (M)": 2.98}, {"rank": 7, "name": "9618 Short", "outflow (M)": 1.62}, {"rank": 8, "name": "0902 Long", "outflow (M)": 1.1}, {"rank": 9, "name": "2382 Short", "outflow (M)": 1.08}, {"rank": 10, "name": "1810 Short", "outflow (M)": 1.07}, {"rank": 11, "name": "2331 Short", "outflow (M)": 0.97}, {"rank": 12, "name": "9888 Short", "outflow (M)": 0.88}, {"rank": 13, "name": "1171 Long", "outflow (M)": 0.77}, {"rank": 14, "name": "1801 Long", "outflow (M)": 0.7}, {"rank": 15, "name": "2018 Long", "outflow (M)": 0.65}, {"rank": 16, "name": "1024 Short", "outflow (M)": 0.63}, {"rank": 17, "name": "0941 Long", "outflow (M)": 0.63}, {"rank": 18, "name": "0017 Long", "outflow (M)": 0.62}, {"rank": 19, "name": "9888 Long", "outflow (M)": 0.56}, {"rank": 20, "name": "0857 Long", "outflow (M)": 0.49}], "stats": {"hsi long pos": "+119.38M", "hsi short pos:": "+132.41M", "stocks long pos": "+200.11M", "stocks short pos": "+18.77M"}}