{"top20inflow_20d": [{"rank": 1, "name": "HSI Long", "inflow (M)": 201.62}, {"rank": 2, "name": "9988 Long", "inflow (M)": 124.39}, {"rank": 3, "name": "HSI Short", "inflow (M)": 79.55}, {"rank": 4, "name": "9988 Short", "inflow (M)": 77.21}, {"rank": 5, "name": "0700 Short", "inflow (M)": 39.86}, {"rank": 6, "name": "1810 Long", "inflow (M)": 32.87}, {"rank": 7, "name": "2318 Long", "inflow (M)": 28.7}, {"rank": 8, "name": "3690 Long", "inflow (M)": 22.17}, {"rank": 9, "name": "1810 Short", "inflow (M)": 18.24}, {"rank": 10, "name": "1211 Long", "inflow (M)": 12.77}, {"rank": 11, "name": "0388 Long", "inflow (M)": 12.26}, {"rank": 12, "name": "0941 Long", "inflow (M)": 8.99}, {"rank": 13, "name": "9888 Long", "inflow (M)": 8.14}, {"rank": 14, "name": "0883 Long", "inflow (M)": 7.72}, {"rank": 15, "name": "DJI Short", "inflow (M)": 7.59}, {"rank": 16, "name": "9618 Short", "inflow (M)": 4.48}, {"rank": 17, "name": "6862 Long", "inflow (M)": 4.46}, {"rank": 18, "name": "2331 Long", "inflow (M)": 4.38}, {"rank": 19, "name": "0005 Long", "inflow (M)": 3.42}, {"rank": 20, "name": "0175 Long", "inflow (M)": 3.22}], "top20outflow_20d": [{"rank": 1, "name": "3690 Short", "outflow (M)": 14.27}, {"rank": 2, "name": "1211 Short", "outflow (M)": 9.7}, {"rank": 3, "name": "NDX Short", "outflow (M)": 4.9}, {"rank": 4, "name": "9618 Long", "outflow (M)": 4.47}, {"rank": 5, "name": "0005 Short", "outflow (M)": 4.46}, {"rank": 6, "name": "0939 Short", "outflow (M)": 2.42}, {"rank": 7, "name": "0981 Long", "outflow (M)": 2.22}, {"rank": 8, "name": "0388 Short", "outflow (M)": 2.21}, {"rank": 9, "name": "1299 Long", "outflow (M)": 2.16}, {"rank": 10, "name": "9992 Long", "outflow (M)": 2.05}, {"rank": 11, "name": "1177 Long", "outflow (M)": 1.95}, {"rank": 12, "name": "0941 Short", "outflow (M)": 1.83}, {"rank": 13, "name": "0823 Long", "outflow (M)": 1.63}, {"rank": 14, "name": "0669 Long", "outflow (M)": 1.55}, {"rank": 15, "name": "0857 Short", "outflow (M)": 1.52}, {"rank": 16, "name": "2899 Long", "outflow (M)": 1.24}, {"rank": 17, "name": "0883 Short", "outflow (M)": 1.19}, {"rank": 18, "name": "2269 Short", "outflow (M)": 1.03}, {"rank": 19, "name": "0135 Long", "outflow (M)": 1.01}, {"rank": 20, "name": "SPX Short", "outflow (M)": 0.87}], "stats": {"hsi long pos": "+201.62M", "hsi short pos:": "+79.55M", "stocks long pos": "+303.94M", "stocks short pos": "+106.26M"}}