{"top20inflow_20d": [{"rank": 1, "name": "HSI Long", "inflow (M)": 545.47}, {"rank": 2, "name": "3690 Long", "inflow (M)": 48.44}, {"rank": 3, "name": "0700 Long", "inflow (M)": 38.66}, {"rank": 4, "name": "2269 Long", "inflow (M)": 22.08}, {"rank": 5, "name": "9988 Short", "inflow (M)": 22.05}, {"rank": 6, "name": "0388 Long", "inflow (M)": 20.42}, {"rank": 7, "name": "2318 Long", "inflow (M)": 20.12}, {"rank": 8, "name": "1211 Long", "inflow (M)": 19.49}, {"rank": 9, "name": "3968 Long", "inflow (M)": 14.65}, {"rank": 10, "name": "9988 Long", "inflow (M)": 14.28}, {"rank": 11, "name": "2269 Short", "inflow (M)": 13.03}, {"rank": 12, "name": "0883 Long", "inflow (M)": 11.84}, {"rank": 13, "name": "JPYD Long", "inflow (M)": 11.11}, {"rank": 14, "name": "1810 Long", "inflow (M)": 10.66}, {"rank": 15, "name": "0981 Long", "inflow (M)": 9.47}, {"rank": 16, "name": "NDX Short", "inflow (M)": 9.06}, {"rank": 17, "name": "HSTECH Long", "inflow (M)": 8.41}, {"rank": 18, "name": "SPX Short", "inflow (M)": 7.61}, {"rank": 19, "name": "0005 Long", "inflow (M)": 7.08}, {"rank": 20, "name": "0992 Long", "inflow (M)": 6.98}], "top20outflow_20d": [{"rank": 1, "name": "HSI Short", "outflow (M)": 175.25}, {"rank": 2, "name": "1211 Short", "outflow (M)": 39.39}, {"rank": 3, "name": "0700 Short", "outflow (M)": 27.48}, {"rank": 4, "name": "1810 Short", "outflow (M)": 5.54}, {"rank": 5, "name": "0388 Short", "outflow (M)": 2.86}, {"rank": 6, "name": "2015 Short", "outflow (M)": 2.58}, {"rank": 7, "name": "0992 Short", "outflow (M)": 2.19}, {"rank": 8, "name": "9618 Short", "outflow (M)": 1.93}, {"rank": 9, "name": "3988 Short", "outflow (M)": 1.52}, {"rank": 10, "name": "2382 Short", "outflow (M)": 1.32}, {"rank": 11, "name": "0981 Short", "outflow (M)": 1.23}, {"rank": 12, "name": "HSTECH Short", "outflow (M)": 1.23}, {"rank": 13, "name": "9888 Short", "outflow (M)": 0.93}, {"rank": 14, "name": "2020 Short", "outflow (M)": 0.91}, {"rank": 15, "name": "2331 Long", "outflow (M)": 0.83}, {"rank": 16, "name": "2018 Short", "outflow (M)": 0.76}, {"rank": 17, "name": "1024 Short", "outflow (M)": 0.68}, {"rank": 18, "name": "1658 Long", "outflow (M)": 0.48}, {"rank": 19, "name": "0902 Long", "outflow (M)": 0.4}, {"rank": 20, "name": "0291 Long", "outflow (M)": 0.3}], "stats": {"hsi long pos": "+497.55M", "hsi short pos:": "-109.75M", "stocks long pos": "+321.41M", "stocks short pos": "-28.06M"}}