{"top20inflow_1d": [{"rank": 1, "name": "HSI Short", "inflow (M)": 27.79}, {"rank": 2, "name": "3690 Short", "inflow (M)": 6.71}, {"rank": 3, "name": "1211 Short", "inflow (M)": 4.26}, {"rank": 4, "name": "0700 Short", "inflow (M)": 3.77}, {"rank": 5, "name": "9988 Long", "inflow (M)": 2.95}, {"rank": 6, "name": "3690 Long", "inflow (M)": 2.67}, {"rank": 7, "name": "1299 Short", "inflow (M)": 1.15}, {"rank": 8, "name": "JPYD Long", "inflow (M)": 1.08}, {"rank": 9, "name": "9999 Short", "inflow (M)": 1.02}, {"rank": 10, "name": "0388 Short", "inflow (M)": 0.91}, {"rank": 11, "name": "3968 Short", "inflow (M)": 0.83}, {"rank": 12, "name": "DJI Short", "inflow (M)": 0.62}, {"rank": 13, "name": "2015 Short", "inflow (M)": 0.53}, {"rank": 14, "name": "0823 Long", "inflow (M)": 0.47}, {"rank": 15, "name": "N225 Long", "inflow (M)": 0.44}, {"rank": 16, "name": "N225 Short", "inflow (M)": 0.38}, {"rank": 17, "name": "0883 Short", "inflow (M)": 0.32}, {"rank": 18, "name": "2338 Long", "inflow (M)": 0.32}, {"rank": 19, "name": "2823 Long", "inflow (M)": 0.26}, {"rank": 20, "name": "6862 Long", "inflow (M)": 0.23}], "top20outflow_1d": [{"rank": 1, "name": "HSI Long", "outflow (M)": 6.13}, {"rank": 2, "name": "0700 Long", "outflow (M)": 4.13}, {"rank": 3, "name": "0388 Long", "outflow (M)": 2.04}, {"rank": 4, "name": "1299 Long", "outflow (M)": 1.94}, {"rank": 5, "name": "0005 Long", "outflow (M)": 1.34}, {"rank": 6, "name": "1211 Long", "outflow (M)": 1.2}, {"rank": 7, "name": "9618 Long", "outflow (M)": 0.96}, {"rank": 8, "name": "0941 Long", "outflow (M)": 0.82}, {"rank": 9, "name": "2382 Long", "outflow (M)": 0.71}, {"rank": 10, "name": "9988 Short", "outflow (M)": 0.67}, {"rank": 11, "name": "1024 Short", "outflow (M)": 0.55}, {"rank": 12, "name": "9868 Long", "outflow (M)": 0.54}, {"rank": 13, "name": "0992 Long", "outflow (M)": 0.51}, {"rank": 14, "name": "2318 Short", "outflow (M)": 0.4}, {"rank": 15, "name": "0027 Short", "outflow (M)": 0.38}, {"rank": 16, "name": "1810 Short", "outflow (M)": 0.37}, {"rank": 17, "name": "0883 Long", "outflow (M)": 0.36}, {"rank": 18, "name": "2269 Long", "outflow (M)": 0.34}, {"rank": 19, "name": "2331 Long", "outflow (M)": 0.28}, {"rank": 20, "name": "0005 Short", "outflow (M)": 0.27}], "stats": {"hsi long pos": "-19.33M", "hsi short pos:": "+40.18M", "stocks long pos": "-9.79M", "stocks short pos": "+16.68M"}}