{"top20inflow_20d": [{"rank": 1, "name": "HSI Long", "inflow (M)": 182.32}, {"rank": 2, "name": "0388 Long", "inflow (M)": 62.71}, {"rank": 3, "name": "9988 Long", "inflow (M)": 59.2}, {"rank": 4, "name": "0700 Short", "inflow (M)": 56.21}, {"rank": 5, "name": "1299 Long", "inflow (M)": 55.27}, {"rank": 6, "name": "3690 Short", "inflow (M)": 31.28}, {"rank": 7, "name": "HSI Short", "inflow (M)": 26.45}, {"rank": 8, "name": "2318 Long", "inflow (M)": 18.4}, {"rank": 9, "name": "2015 Long", "inflow (M)": 9.32}, {"rank": 10, "name": "0027 Long", "inflow (M)": 8.42}, {"rank": 11, "name": "2382 Long", "inflow (M)": 7.73}, {"rank": 12, "name": "0981 Long", "inflow (M)": 7.71}, {"rank": 13, "name": "9888 Long", "inflow (M)": 7.56}, {"rank": 14, "name": "1211 Long", "inflow (M)": 7.23}, {"rank": 15, "name": "0857 Long", "inflow (M)": 6.94}, {"rank": 16, "name": "0883 Long", "inflow (M)": 6.36}, {"rank": 17, "name": "1024 Long", "inflow (M)": 5.92}, {"rank": 18, "name": "1810 Short", "inflow (M)": 5.54}, {"rank": 19, "name": "9868 Long", "inflow (M)": 5.44}, {"rank": 20, "name": "3993 Long", "inflow (M)": 5.08}], "top20outflow_20d": [{"rank": 1, "name": "0700 Long", "outflow (M)": 61.71}, {"rank": 2, "name": "3690 Long", "outflow (M)": 32.07}, {"rank": 3, "name": "0941 Long", "outflow (M)": 16.73}, {"rank": 4, "name": "0005 Long", "outflow (M)": 8.91}, {"rank": 5, "name": "3968 Long", "outflow (M)": 8.87}, {"rank": 6, "name": "1211 Short", "outflow (M)": 8.46}, {"rank": 7, "name": "0175 Long", "outflow (M)": 7.36}, {"rank": 8, "name": "0388 Short", "outflow (M)": 5.85}, {"rank": 9, "name": "9868 Short", "outflow (M)": 4.52}, {"rank": 10, "name": "NDX Short", "outflow (M)": 3.4}, {"rank": 11, "name": "0358 Long", "outflow (M)": 3.01}, {"rank": 12, "name": "0386 Long", "outflow (M)": 2.34}, {"rank": 13, "name": "9618 Short", "outflow (M)": 2.18}, {"rank": 14, "name": "SPX Short", "outflow (M)": 1.96}, {"rank": 15, "name": "2318 Short", "outflow (M)": 1.72}, {"rank": 16, "name": "9618 Long", "outflow (M)": 1.63}, {"rank": 17, "name": "2015 Short", "outflow (M)": 1.4}, {"rank": 18, "name": "N225 Short", "outflow (M)": 1.38}, {"rank": 19, "name": "2600 Long", "outflow (M)": 1.28}, {"rank": 20, "name": "0728 Long", "outflow (M)": 1.22}], "stats": {"hsi long pos": "+182.32M", "hsi short pos:": "+26.45M", "stocks long pos": "+184.16M", "stocks short pos": "+80.58M"}}