{"top20inflow_1d": [{"rank": 1, "name": "HSI Short", "inflow (M)": 170.89}, {"rank": 2, "name": "1928 Long", "inflow (M)": 11.21}, {"rank": 3, "name": "0700 Short", "inflow (M)": 10.13}, {"rank": 4, "name": "3690 Short", "inflow (M)": 8.0}, {"rank": 5, "name": "1211 Short", "inflow (M)": 4.04}, {"rank": 6, "name": "9618 Long", "inflow (M)": 3.11}, {"rank": 7, "name": "9618 Short", "inflow (M)": 2.88}, {"rank": 8, "name": "9988 Short", "inflow (M)": 2.73}, {"rank": 9, "name": "2840 Long", "inflow (M)": 2.09}, {"rank": 10, "name": "2269 Long", "inflow (M)": 2.0}, {"rank": 11, "name": "0005 Long", "inflow (M)": 1.53}, {"rank": 12, "name": "0268 Long", "inflow (M)": 1.45}, {"rank": 13, "name": "1299 Short", "inflow (M)": 1.39}, {"rank": 14, "name": "0027 Short", "inflow (M)": 1.19}, {"rank": 15, "name": "6030 Long", "inflow (M)": 1.11}, {"rank": 16, "name": "0027 Long", "inflow (M)": 0.99}, {"rank": 17, "name": "NDX Short", "inflow (M)": 0.97}, {"rank": 18, "name": "1024 Short", "inflow (M)": 0.85}, {"rank": 19, "name": "1818 Long", "inflow (M)": 0.84}, {"rank": 20, "name": "1810 Short", "inflow (M)": 0.78}], "top20outflow_1d": [{"rank": 1, "name": "HSI Long", "outflow (M)": 123.58}, {"rank": 2, "name": "3690 Long", "outflow (M)": 15.07}, {"rank": 3, "name": "9988 Long", "outflow (M)": 13.08}, {"rank": 4, "name": "0700 Long", "outflow (M)": 10.86}, {"rank": 5, "name": "0388 Long", "outflow (M)": 6.88}, {"rank": 6, "name": "1211 Long", "outflow (M)": 5.54}, {"rank": 7, "name": "1299 Long", "outflow (M)": 5.23}, {"rank": 8, "name": "1810 Long", "outflow (M)": 3.81}, {"rank": 9, "name": "0941 Long", "outflow (M)": 3.54}, {"rank": 10, "name": "0883 Long", "outflow (M)": 2.79}, {"rank": 11, "name": "2899 Long", "outflow (M)": 2.12}, {"rank": 12, "name": "HSCE Long", "outflow (M)": 1.99}, {"rank": 13, "name": "0388 Short", "outflow (M)": 1.77}, {"rank": 14, "name": "DJI Short", "outflow (M)": 1.69}, {"rank": 15, "name": "2883 Long", "outflow (M)": 1.69}, {"rank": 16, "name": "2318 Long", "outflow (M)": 1.3}, {"rank": 17, "name": "HSTECH Long", "outflow (M)": 1.29}, {"rank": 18, "name": "0763 Long", "outflow (M)": 1.17}, {"rank": 19, "name": "2015 Long", "outflow (M)": 1.12}, {"rank": 20, "name": "0981 Long", "outflow (M)": 1.0}], "stats": {"hsi long pos": "-13.43M", "hsi short pos:": "+111.91M", "stocks long pos": "-19.94M", "stocks short pos": "+9.77M"}}