{"top20inflow_5d": [{"rank": 1, "name": "HSI Long", "inflow (M)": 130.96}, {"rank": 2, "name": "3690 Long", "inflow (M)": 25.18}, {"rank": 3, "name": "0700 Long", "inflow (M)": 10.5}, {"rank": 4, "name": "1211 Short", "inflow (M)": 8.89}, {"rank": 5, "name": "3690 Short", "inflow (M)": 7.37}, {"rank": 6, "name": "9988 Long", "inflow (M)": 5.95}, {"rank": 7, "name": "0388 Long", "inflow (M)": 4.58}, {"rank": 8, "name": "2318 Long", "inflow (M)": 3.67}, {"rank": 9, "name": "0388 Short", "inflow (M)": 3.16}, {"rank": 10, "name": "1810 Long", "inflow (M)": 3.01}, {"rank": 11, "name": "2382 Long", "inflow (M)": 2.97}, {"rank": 12, "name": "1299 Long", "inflow (M)": 2.31}, {"rank": 13, "name": "0981 Long", "inflow (M)": 2.07}, {"rank": 14, "name": "9618 Long", "inflow (M)": 1.98}, {"rank": 15, "name": "HSTECH Long", "inflow (M)": 1.75}, {"rank": 16, "name": "0027 Long", "inflow (M)": 1.58}, {"rank": 17, "name": "0005 Long", "inflow (M)": 1.56}, {"rank": 18, "name": "0883 Long", "inflow (M)": 1.45}, {"rank": 19, "name": "JPYD Long", "inflow (M)": 1.44}, {"rank": 20, "name": "9868 Long", "inflow (M)": 1.27}], "top20outflow_5d": [{"rank": 1, "name": "HSI Short", "outflow (M)": 73.34}, {"rank": 2, "name": "0700 Short", "outflow (M)": 7.13}, {"rank": 3, "name": "9999 Short", "outflow (M)": 5.07}, {"rank": 4, "name": "1211 Long", "outflow (M)": 3.04}, {"rank": 5, "name": "1810 Short", "outflow (M)": 2.98}, {"rank": 6, "name": "9988 Short", "outflow (M)": 2.24}, {"rank": 7, "name": "NDX Long", "outflow (M)": 1.78}, {"rank": 8, "name": "2382 Short", "outflow (M)": 1.45}, {"rank": 9, "name": "2015 Short", "outflow (M)": 1.37}, {"rank": 10, "name": "9618 Short", "outflow (M)": 0.82}, {"rank": 11, "name": "1024 Short", "outflow (M)": 0.81}, {"rank": 12, "name": "2318 Short", "outflow (M)": 0.39}, {"rank": 13, "name": "0762 Long", "outflow (M)": 0.37}, {"rank": 14, "name": "2899 Long", "outflow (M)": 0.36}, {"rank": 15, "name": "0291 Long", "outflow (M)": 0.32}, {"rank": 16, "name": "2020 Long", "outflow (M)": 0.31}, {"rank": 17, "name": "0189 Long", "outflow (M)": 0.3}, {"rank": 18, "name": "2018 Short", "outflow (M)": 0.29}, {"rank": 19, "name": "2380 Long", "outflow (M)": 0.29}, {"rank": 20, "name": "2899 Short", "outflow (M)": 0.26}], "stats": {"hsi long pos": "+129.16M", "hsi short pos:": "-94.27M", "stocks long pos": "+79.12M", "stocks short pos": "-0.04M"}}