{"top20inflow_10d": [{"rank": 1, "name": "HSI Long", "inflow (M)": 74.93}, {"rank": 2, "name": "1299 Long", "inflow (M)": 44.7}, {"rank": 3, "name": "0388 Long", "inflow (M)": 35.23}, {"rank": 4, "name": "0700 Short", "inflow (M)": 30.58}, {"rank": 5, "name": "3690 Short", "inflow (M)": 22.09}, {"rank": 6, "name": "9988 Long", "inflow (M)": 17.82}, {"rank": 7, "name": "1211 Long", "inflow (M)": 12.52}, {"rank": 8, "name": "1810 Long", "inflow (M)": 7.99}, {"rank": 9, "name": "2318 Long", "inflow (M)": 7.39}, {"rank": 10, "name": "2382 Long", "inflow (M)": 7.29}, {"rank": 11, "name": "1810 Short", "inflow (M)": 5.51}, {"rank": 12, "name": "2015 Long", "inflow (M)": 5.21}, {"rank": 13, "name": "0981 Long", "inflow (M)": 4.97}, {"rank": 14, "name": "9868 Long", "inflow (M)": 4.75}, {"rank": 15, "name": "0268 Long", "inflow (M)": 3.99}, {"rank": 16, "name": "0883 Short", "inflow (M)": 3.56}, {"rank": 17, "name": "2883 Long", "inflow (M)": 3.43}, {"rank": 18, "name": "1024 Long", "inflow (M)": 3.21}, {"rank": 19, "name": "9888 Long", "inflow (M)": 2.94}, {"rank": 20, "name": "N225 Short", "inflow (M)": 2.65}], "top20outflow_10d": [{"rank": 1, "name": "HSI Short", "outflow (M)": 33.7}, {"rank": 2, "name": "3690 Long", "outflow (M)": 29.68}, {"rank": 3, "name": "0005 Long", "outflow (M)": 8.23}, {"rank": 4, "name": "0883 Long", "outflow (M)": 7.69}, {"rank": 5, "name": "0388 Short", "outflow (M)": 7.4}, {"rank": 6, "name": "1211 Short", "outflow (M)": 5.78}, {"rank": 7, "name": "0941 Long", "outflow (M)": 5.78}, {"rank": 8, "name": "9618 Long", "outflow (M)": 4.6}, {"rank": 9, "name": "9618 Short", "outflow (M)": 4.19}, {"rank": 10, "name": "2015 Short", "outflow (M)": 2.73}, {"rank": 11, "name": "0386 Long", "outflow (M)": 2.56}, {"rank": 12, "name": "9868 Short", "outflow (M)": 2.14}, {"rank": 13, "name": "2840 Long", "outflow (M)": 1.76}, {"rank": 14, "name": "1024 Short", "outflow (M)": 1.44}, {"rank": 15, "name": "0939 Long", "outflow (M)": 1.38}, {"rank": 16, "name": "0763 Long", "outflow (M)": 1.31}, {"rank": 17, "name": "2269 Short", "outflow (M)": 1.21}, {"rank": 18, "name": "0981 Short", "outflow (M)": 1.16}, {"rank": 19, "name": "9698 Long", "outflow (M)": 0.99}, {"rank": 20, "name": "0358 Long", "outflow (M)": 0.96}], "stats": {"hsi long pos": "+38.09M", "hsi short pos:": "-6.97M", "stocks long pos": "+75.98M", "stocks short pos": "+45.63M"}}