{"top20inflow_20d": [{"rank": 1, "name": "HSI Long", "inflow (M)": 177.98}, {"rank": 2, "name": "0700 Long", "inflow (M)": 92.07}, {"rank": 3, "name": "9988 Long", "inflow (M)": 59.9}, {"rank": 4, "name": "1299 Long", "inflow (M)": 56.66}, {"rank": 5, "name": "HSI Short", "inflow (M)": 27.32}, {"rank": 6, "name": "0941 Long", "inflow (M)": 23.6}, {"rank": 7, "name": "0388 Long", "inflow (M)": 23.53}, {"rank": 8, "name": "2318 Long", "inflow (M)": 19.83}, {"rank": 9, "name": "9888 Long", "inflow (M)": 15.76}, {"rank": 10, "name": "2269 Long", "inflow (M)": 15.7}, {"rank": 11, "name": "1211 Short", "inflow (M)": 14.76}, {"rank": 12, "name": "1810 Long", "inflow (M)": 13.91}, {"rank": 13, "name": "NDX Long", "inflow (M)": 13.32}, {"rank": 14, "name": "3690 Short", "inflow (M)": 12.59}, {"rank": 15, "name": "2015 Long", "inflow (M)": 10.54}, {"rank": 16, "name": "9961 Long", "inflow (M)": 8.48}, {"rank": 17, "name": "JPYD Long", "inflow (M)": 8.29}, {"rank": 18, "name": "1024 Long", "inflow (M)": 7.33}, {"rank": 19, "name": "9618 Short", "inflow (M)": 6.16}, {"rank": 20, "name": "0883 Long", "inflow (M)": 5.6}], "top20outflow_20d": [{"rank": 1, "name": "3690 Long", "outflow (M)": 26.93}, {"rank": 2, "name": "0005 Long", "outflow (M)": 25.0}, {"rank": 3, "name": "0700 Short", "outflow (M)": 12.76}, {"rank": 4, "name": "1211 Long", "outflow (M)": 11.11}, {"rank": 5, "name": "9988 Short", "outflow (M)": 6.82}, {"rank": 6, "name": "0388 Short", "outflow (M)": 5.73}, {"rank": 7, "name": "9618 Long", "outflow (M)": 5.49}, {"rank": 8, "name": "3968 Short", "outflow (M)": 5.37}, {"rank": 9, "name": "1299 Short", "outflow (M)": 5.08}, {"rank": 10, "name": "0992 Long", "outflow (M)": 4.7}, {"rank": 11, "name": "2840 Long", "outflow (M)": 4.31}, {"rank": 12, "name": "2269 Short", "outflow (M)": 4.21}, {"rank": 13, "name": "9961 Short", "outflow (M)": 3.92}, {"rank": 14, "name": "2015 Short", "outflow (M)": 3.39}, {"rank": 15, "name": "3968 Long", "outflow (M)": 2.71}, {"rank": 16, "name": "2318 Short", "outflow (M)": 2.2}, {"rank": 17, "name": "0027 Short", "outflow (M)": 2.17}, {"rank": 18, "name": "0939 Short", "outflow (M)": 1.87}, {"rank": 19, "name": "HSTECH Long", "outflow (M)": 1.72}, {"rank": 20, "name": "2333 Long", "outflow (M)": 1.43}], "stats": {"hsi long pos": "+136.23M", "hsi short pos:": "+46.29M", "stocks long pos": "+316.63M", "stocks short pos": "+23.88M"}}