{"top20inflow_5d": [{"rank": 1, "name": "HSI Long", "inflow (M)": 189.81}, {"rank": 2, "name": "3690 Long", "inflow (M)": 22.69}, {"rank": 3, "name": "0700 Long", "inflow (M)": 22.47}, {"rank": 4, "name": "9988 Long", "inflow (M)": 16.34}, {"rank": 5, "name": "0388 Long", "inflow (M)": 11.05}, {"rank": 6, "name": "1211 Short", "inflow (M)": 9.17}, {"rank": 7, "name": "1810 Long", "inflow (M)": 8.05}, {"rank": 8, "name": "DJI Short", "inflow (M)": 4.73}, {"rank": 9, "name": "1024 Long", "inflow (M)": 4.42}, {"rank": 10, "name": "2318 Long", "inflow (M)": 3.85}, {"rank": 11, "name": "9618 Long", "inflow (M)": 3.45}, {"rank": 12, "name": "HSTECH Long", "inflow (M)": 3.42}, {"rank": 13, "name": "1211 Long", "inflow (M)": 2.68}, {"rank": 14, "name": "1299 Long", "inflow (M)": 2.57}, {"rank": 15, "name": "0883 Long", "inflow (M)": 2.57}, {"rank": 16, "name": "9868 Long", "inflow (M)": 2.05}, {"rank": 17, "name": "0027 Long", "inflow (M)": 2.01}, {"rank": 18, "name": "0981 Long", "inflow (M)": 1.99}, {"rank": 19, "name": "2382 Long", "inflow (M)": 1.4}, {"rank": 20, "name": "0883 Short", "inflow (M)": 1.38}], "top20outflow_5d": [{"rank": 1, "name": "HSI Short", "outflow (M)": 58.21}, {"rank": 2, "name": "3690 Short", "outflow (M)": 6.28}, {"rank": 3, "name": "9618 Short", "outflow (M)": 4.88}, {"rank": 4, "name": "1810 Short", "outflow (M)": 4.12}, {"rank": 5, "name": "9988 Short", "outflow (M)": 2.08}, {"rank": 6, "name": "2382 Short", "outflow (M)": 1.85}, {"rank": 7, "name": "0941 Long", "outflow (M)": 1.52}, {"rank": 8, "name": "1024 Short", "outflow (M)": 1.47}, {"rank": 9, "name": "0902 Long", "outflow (M)": 1.42}, {"rank": 10, "name": "9999 Long", "outflow (M)": 0.89}, {"rank": 11, "name": "2319 Long", "outflow (M)": 0.82}, {"rank": 12, "name": "9999 Short", "outflow (M)": 0.79}, {"rank": 13, "name": "1171 Long", "outflow (M)": 0.7}, {"rank": 14, "name": "9888 Long", "outflow (M)": 0.43}, {"rank": 15, "name": "9961 Long", "outflow (M)": 0.43}, {"rank": 16, "name": "0823 Long", "outflow (M)": 0.43}, {"rank": 17, "name": "1299 Short", "outflow (M)": 0.41}, {"rank": 18, "name": "1801 Long", "outflow (M)": 0.36}, {"rank": 19, "name": "0857 Long", "outflow (M)": 0.36}, {"rank": 20, "name": "DJI Long", "outflow (M)": 0.35}], "stats": {"hsi long pos": "+176.49M", "hsi short pos:": "-43.31M", "stocks long pos": "+139.71M", "stocks short pos": "-5.53M"}}