{"top20inflow_5d": [{"rank": 1, "name": "HSI Short", "inflow (M)": 128.29}, {"rank": 2, "name": "0388 Long", "inflow (M)": 9.9}, {"rank": 3, "name": "3690 Short", "inflow (M)": 9.75}, {"rank": 4, "name": "9988 Long", "inflow (M)": 9.32}, {"rank": 5, "name": "0700 Short", "inflow (M)": 7.76}, {"rank": 6, "name": "2318 Long", "inflow (M)": 6.93}, {"rank": 7, "name": "1299 Long", "inflow (M)": 6.16}, {"rank": 8, "name": "3993 Long", "inflow (M)": 5.19}, {"rank": 9, "name": "0981 Long", "inflow (M)": 3.91}, {"rank": 10, "name": "0268 Long", "inflow (M)": 3.56}, {"rank": 11, "name": "9888 Long", "inflow (M)": 3.43}, {"rank": 12, "name": "0027 Long", "inflow (M)": 3.38}, {"rank": 13, "name": "0005 Short", "inflow (M)": 2.82}, {"rank": 14, "name": "9618 Long", "inflow (M)": 2.35}, {"rank": 15, "name": "0857 Long", "inflow (M)": 2.12}, {"rank": 16, "name": "9999 Long", "inflow (M)": 2.06}, {"rank": 17, "name": "2382 Long", "inflow (M)": 2.04}, {"rank": 18, "name": "1024 Long", "inflow (M)": 2.01}, {"rank": 19, "name": "0939 Short", "inflow (M)": 1.95}, {"rank": 20, "name": "9988 Short", "inflow (M)": 1.44}], "top20outflow_5d": [{"rank": 1, "name": "HSI Long", "outflow (M)": 155.25}, {"rank": 2, "name": "0700 Long", "outflow (M)": 38.09}, {"rank": 3, "name": "1211 Long", "outflow (M)": 7.52}, {"rank": 4, "name": "0175 Long", "outflow (M)": 6.96}, {"rank": 5, "name": "0005 Long", "outflow (M)": 5.41}, {"rank": 6, "name": "0941 Long", "outflow (M)": 5.23}, {"rank": 7, "name": "3690 Long", "outflow (M)": 2.26}, {"rank": 8, "name": "1299 Short", "outflow (M)": 2.02}, {"rank": 9, "name": "0358 Long", "outflow (M)": 1.24}, {"rank": 10, "name": "3968 Long", "outflow (M)": 1.21}, {"rank": 11, "name": "1810 Long", "outflow (M)": 1.08}, {"rank": 12, "name": "1818 Long", "outflow (M)": 1.08}, {"rank": 13, "name": "2899 Long", "outflow (M)": 0.91}, {"rank": 14, "name": "2333 Long", "outflow (M)": 0.85}, {"rank": 15, "name": "0688 Long", "outflow (M)": 0.83}, {"rank": 16, "name": "9961 Long", "outflow (M)": 0.74}, {"rank": 17, "name": "JPYD= Long", "outflow (M)": 0.7}, {"rank": 18, "name": "1211 Short", "outflow (M)": 0.66}, {"rank": 19, "name": "1128 Long", "outflow (M)": 0.62}, {"rank": 20, "name": "1810 Short", "outflow (M)": 0.62}], "stats": {"hsi long pos": "-155.25M", "hsi short pos:": "+128.29M", "stocks long pos": "-0.37M", "stocks short pos": "+27.35M"}}