{"top20inflow_1d": [{"rank": 1, "name": "HSI Long", "inflow (M)": 38.03}, {"rank": 2, "name": "0700 Short", "inflow (M)": 8.52}, {"rank": 3, "name": "9988 Long", "inflow (M)": 5.01}, {"rank": 4, "name": "3690 Long", "inflow (M)": 4.83}, {"rank": 5, "name": "1211 Long", "inflow (M)": 4.32}, {"rank": 6, "name": "1299 Long", "inflow (M)": 4.07}, {"rank": 7, "name": "0388 Long", "inflow (M)": 2.66}, {"rank": 8, "name": "1211 Short", "inflow (M)": 2.61}, {"rank": 9, "name": "JPY Short", "inflow (M)": 2.54}, {"rank": 10, "name": "1810 Long", "inflow (M)": 2.5}, {"rank": 11, "name": "2318 Long", "inflow (M)": 2.33}, {"rank": 12, "name": "DJI Short", "inflow (M)": 2.03}, {"rank": 13, "name": "0941 Long", "inflow (M)": 1.96}, {"rank": 14, "name": "9618 Long", "inflow (M)": 1.1}, {"rank": 15, "name": "0939 Long", "inflow (M)": 0.9}, {"rank": 16, "name": "9868 Short", "inflow (M)": 0.81}, {"rank": 17, "name": "HSTECH Long", "inflow (M)": 0.64}, {"rank": 18, "name": "2382 Long", "inflow (M)": 0.62}, {"rank": 19, "name": "0992 Long", "inflow (M)": 0.59}, {"rank": 20, "name": "2331 Long", "inflow (M)": 0.51}], "top20outflow_1d": [{"rank": 1, "name": "HSI Short", "outflow (M)": 19.4}, {"rank": 2, "name": "0700 Long", "outflow (M)": 7.36}, {"rank": 3, "name": "3690 Short", "outflow (M)": 3.56}, {"rank": 4, "name": "9999 Short", "outflow (M)": 1.99}, {"rank": 5, "name": "0388 Short", "outflow (M)": 1.95}, {"rank": 6, "name": "9618 Short", "outflow (M)": 1.61}, {"rank": 7, "name": "1398 Short", "outflow (M)": 1.59}, {"rank": 8, "name": "1810 Short", "outflow (M)": 1.5}, {"rank": 9, "name": "9988 Short", "outflow (M)": 1.15}, {"rank": 10, "name": "9999 Long", "outflow (M)": 0.72}, {"rank": 11, "name": "2318 Short", "outflow (M)": 0.63}, {"rank": 12, "name": "1299 Short", "outflow (M)": 0.43}, {"rank": 13, "name": "1928 Long", "outflow (M)": 0.39}, {"rank": 14, "name": "1128 Long", "outflow (M)": 0.37}, {"rank": 15, "name": "0941 Short", "outflow (M)": 0.35}, {"rank": 16, "name": "1171 Long", "outflow (M)": 0.35}, {"rank": 17, "name": "0823 Long", "outflow (M)": 0.33}, {"rank": 18, "name": "9888 Long", "outflow (M)": 0.3}, {"rank": 19, "name": "HSTECH Short", "outflow (M)": 0.3}, {"rank": 20, "name": "3968 Long", "outflow (M)": 0.29}], "stats": {"hsi long pos": "+38.03M", "hsi short pos:": "-19.40M", "stocks long pos": "+27.12M", "stocks short pos": "-2.57M"}}