{"top20inflow_10d": [{"rank": 1, "name": "HSI Long", "inflow (M)": 217.01}, {"rank": 2, "name": "9988 Long", "inflow (M)": 111.1}, {"rank": 3, "name": "9988 Short", "inflow (M)": 80.5}, {"rank": 4, "name": "2318 Long", "inflow (M)": 25.52}, {"rank": 5, "name": "0700 Short", "inflow (M)": 24.87}, {"rank": 6, "name": "1810 Long", "inflow (M)": 19.08}, {"rank": 7, "name": "0388 Long", "inflow (M)": 15.69}, {"rank": 8, "name": "DJI Short", "inflow (M)": 11.58}, {"rank": 9, "name": "NDX Short", "inflow (M)": 10.42}, {"rank": 10, "name": "1810 Short", "inflow (M)": 9.66}, {"rank": 11, "name": "2318 Short", "inflow (M)": 4.79}, {"rank": 12, "name": "9888 Long", "inflow (M)": 4.38}, {"rank": 13, "name": "0883 Long", "inflow (M)": 3.96}, {"rank": 14, "name": "3690 Short", "inflow (M)": 3.74}, {"rank": 15, "name": "6862 Long", "inflow (M)": 3.63}, {"rank": 16, "name": "0175 Long", "inflow (M)": 3.6}, {"rank": 17, "name": "9618 Short", "inflow (M)": 3.26}, {"rank": 18, "name": "2331 Long", "inflow (M)": 3.25}, {"rank": 19, "name": "3690 Long", "inflow (M)": 2.52}, {"rank": 20, "name": "0981 Long", "inflow (M)": 2.23}], "top20outflow_10d": [{"rank": 1, "name": "HSI Short", "outflow (M)": 39.38}, {"rank": 2, "name": "1211 Long", "outflow (M)": 7.54}, {"rank": 3, "name": "0700 Long", "outflow (M)": 7.03}, {"rank": 4, "name": "1024 Long", "outflow (M)": 5.49}, {"rank": 5, "name": "0388 Short", "outflow (M)": 5.03}, {"rank": 6, "name": "0005 Long", "outflow (M)": 4.54}, {"rank": 7, "name": "1211 Short", "outflow (M)": 3.97}, {"rank": 8, "name": "9618 Long", "outflow (M)": 2.6}, {"rank": 9, "name": "0981 Short", "outflow (M)": 2.54}, {"rank": 10, "name": "9992 Long", "outflow (M)": 1.46}, {"rank": 11, "name": "0823 Long", "outflow (M)": 1.19}, {"rank": 12, "name": "0135 Long", "outflow (M)": 1.14}, {"rank": 13, "name": "9999 Long", "outflow (M)": 0.93}, {"rank": 14, "name": "0857 Short", "outflow (M)": 0.91}, {"rank": 15, "name": "SPX Long", "outflow (M)": 0.89}, {"rank": 16, "name": "2333 Short", "outflow (M)": 0.81}, {"rank": 17, "name": "0669 Long", "outflow (M)": 0.77}, {"rank": 18, "name": "N225 Long", "outflow (M)": 0.68}, {"rank": 19, "name": "2269 Short", "outflow (M)": 0.67}, {"rank": 20, "name": "HSTECH Long", "outflow (M)": 0.62}], "stats": {"hsi long pos": "+217.01M", "hsi short pos:": "-39.38M", "stocks long pos": "+196.06M", "stocks short pos": "+116.27M"}}