{"top20inflow_1d": [{"rank": 1, "name": "HSI Long", "inflow (M)": 61.17}, {"rank": 2, "name": "0388 Long", "inflow (M)": 8.09}, {"rank": 3, "name": "0700 Long", "inflow (M)": 4.72}, {"rank": 4, "name": "3690 Long", "inflow (M)": 3.38}, {"rank": 5, "name": "9988 Long", "inflow (M)": 2.97}, {"rank": 6, "name": "0027 Long", "inflow (M)": 2.27}, {"rank": 7, "name": "0005 Long", "inflow (M)": 2.12}, {"rank": 8, "name": "0857 Long", "inflow (M)": 2.07}, {"rank": 9, "name": "1024 Long", "inflow (M)": 2.03}, {"rank": 10, "name": "0027 Short", "inflow (M)": 1.43}, {"rank": 11, "name": "1211 Long", "inflow (M)": 1.4}, {"rank": 12, "name": "9618 Long", "inflow (M)": 1.36}, {"rank": 13, "name": "2318 Long", "inflow (M)": 1.34}, {"rank": 14, "name": "3690 Short", "inflow (M)": 0.97}, {"rank": 15, "name": "1299 Long", "inflow (M)": 0.83}, {"rank": 16, "name": "0386 Long", "inflow (M)": 0.74}, {"rank": 17, "name": "1928 Long", "inflow (M)": 0.66}, {"rank": 18, "name": "6618 Long", "inflow (M)": 0.45}, {"rank": 19, "name": "0941 Short", "inflow (M)": 0.44}, {"rank": 20, "name": "1818 Long", "inflow (M)": 0.43}], "top20outflow_1d": [{"rank": 1, "name": "HSI Short", "outflow (M)": 25.38}, {"rank": 2, "name": "0388 Short", "outflow (M)": 2.23}, {"rank": 3, "name": "1211 Short", "outflow (M)": 1.85}, {"rank": 4, "name": "DJI Short", "outflow (M)": 1.66}, {"rank": 5, "name": "9988 Short", "outflow (M)": 1.63}, {"rank": 6, "name": "0941 Long", "outflow (M)": 1.38}, {"rank": 7, "name": "0005 Short", "outflow (M)": 1.04}, {"rank": 8, "name": "1299 Short", "outflow (M)": 0.86}, {"rank": 9, "name": "0700 Short", "outflow (M)": 0.85}, {"rank": 10, "name": "0291 Long", "outflow (M)": 0.74}, {"rank": 11, "name": "0883 Short", "outflow (M)": 0.63}, {"rank": 12, "name": "1810 Long", "outflow (M)": 0.47}, {"rank": 13, "name": "1109 Long", "outflow (M)": 0.44}, {"rank": 14, "name": "2840 Long", "outflow (M)": 0.38}, {"rank": 15, "name": "0175 Short", "outflow (M)": 0.32}, {"rank": 16, "name": "2600 Long", "outflow (M)": 0.31}, {"rank": 17, "name": "2318 Short", "outflow (M)": 0.31}, {"rank": 18, "name": "N225 Short", "outflow (M)": 0.29}, {"rank": 19, "name": "XAUFIXAM= Long", "outflow (M)": 0.25}, {"rank": 20, "name": "1810 Short", "outflow (M)": 0.22}], "stats": {"hsi long pos": "+61.17M", "hsi short pos:": "-25.38M", "stocks long pos": "+37.35M", "stocks short pos": "-7.20M"}}