{"top20inflow_1d": [{"rank": 1, "name": "HSI Long", "inflow (M)": 91.73}, {"rank": 2, "name": "0388 Long", "inflow (M)": 8.49}, {"rank": 3, "name": "1810 Long", "inflow (M)": 5.68}, {"rank": 4, "name": "1299 Long", "inflow (M)": 2.44}, {"rank": 5, "name": "0700 Long", "inflow (M)": 2.28}, {"rank": 6, "name": "1211 Long", "inflow (M)": 1.67}, {"rank": 7, "name": "0005 Long", "inflow (M)": 1.29}, {"rank": 8, "name": "9888 Long", "inflow (M)": 0.94}, {"rank": 9, "name": "1211 Short", "inflow (M)": 0.91}, {"rank": 10, "name": "0883 Short", "inflow (M)": 0.91}, {"rank": 11, "name": "2319 Long", "inflow (M)": 0.84}, {"rank": 12, "name": "9999 Long", "inflow (M)": 0.74}, {"rank": 13, "name": "HSTECH Long", "inflow (M)": 0.69}, {"rank": 14, "name": "0992 Long", "inflow (M)": 0.56}, {"rank": 15, "name": "9868 Long", "inflow (M)": 0.53}, {"rank": 16, "name": "0175 Long", "inflow (M)": 0.52}, {"rank": 17, "name": "2015 Long", "inflow (M)": 0.43}, {"rank": 18, "name": "0981 Long", "inflow (M)": 0.41}, {"rank": 19, "name": "1357 Long", "inflow (M)": 0.41}, {"rank": 20, "name": "1801 Long", "inflow (M)": 0.39}], "top20outflow_1d": [{"rank": 1, "name": "HSI Short", "outflow (M)": 65.92}, {"rank": 2, "name": "3690 Long", "outflow (M)": 2.24}, {"rank": 3, "name": "1810 Short", "outflow (M)": 1.95}, {"rank": 4, "name": "0939 Long", "outflow (M)": 1.59}, {"rank": 5, "name": "0700 Short", "outflow (M)": 1.47}, {"rank": 6, "name": "9868 Short", "outflow (M)": 1.29}, {"rank": 7, "name": "0941 Long", "outflow (M)": 1.09}, {"rank": 8, "name": "2840 Long", "outflow (M)": 1.07}, {"rank": 9, "name": "9618 Short", "outflow (M)": 1.06}, {"rank": 10, "name": "3690 Short", "outflow (M)": 1.02}, {"rank": 11, "name": "NDX Short", "outflow (M)": 0.77}, {"rank": 12, "name": "0388 Short", "outflow (M)": 0.59}, {"rank": 13, "name": "1024 Long", "outflow (M)": 0.48}, {"rank": 14, "name": "2899 Long", "outflow (M)": 0.47}, {"rank": 15, "name": "9618 Long", "outflow (M)": 0.42}, {"rank": 16, "name": "HSTECH Short", "outflow (M)": 0.35}, {"rank": 17, "name": "0857 Long", "outflow (M)": 0.28}, {"rank": 18, "name": "0788 Long", "outflow (M)": 0.26}, {"rank": 19, "name": "3988 Short", "outflow (M)": 0.26}, {"rank": 20, "name": "3968 Long", "outflow (M)": 0.23}], "stats": {"hsi long pos": "+3.03M", "hsi short pos:": "+0.03M", "stocks long pos": "+5.40M", "stocks short pos": "-7.97M"}}