{"top20inflow_10d": [{"rank": 1, "name": "HSI Short", "inflow (M)": 207.11}, {"rank": 2, "name": "0700 Short", "inflow (M)": 41.85}, {"rank": 3, "name": "0388 Long", "inflow (M)": 35.16}, {"rank": 4, "name": "3690 Short", "inflow (M)": 26.84}, {"rank": 5, "name": "1299 Long", "inflow (M)": 24.29}, {"rank": 6, "name": "9988 Long", "inflow (M)": 11.86}, {"rank": 7, "name": "2318 Long", "inflow (M)": 7.9}, {"rank": 8, "name": "1211 Long", "inflow (M)": 6.81}, {"rank": 9, "name": "0981 Long", "inflow (M)": 6.37}, {"rank": 10, "name": "1810 Long", "inflow (M)": 6.2}, {"rank": 11, "name": "1810 Short", "inflow (M)": 5.8}, {"rank": 12, "name": "3993 Long", "inflow (M)": 4.92}, {"rank": 13, "name": "9888 Long", "inflow (M)": 4.32}, {"rank": 14, "name": "2382 Long", "inflow (M)": 4.17}, {"rank": 15, "name": "0005 Short", "inflow (M)": 3.53}, {"rank": 16, "name": "9961 Short", "inflow (M)": 3.19}, {"rank": 17, "name": "2883 Long", "inflow (M)": 3.0}, {"rank": 18, "name": "2020 Short", "inflow (M)": 2.92}, {"rank": 19, "name": "DJI Short", "inflow (M)": 2.86}, {"rank": 20, "name": "9999 Long", "inflow (M)": 2.42}], "top20outflow_10d": [{"rank": 1, "name": "HSI Long", "outflow (M)": 250.57}, {"rank": 2, "name": "0700 Long", "outflow (M)": 55.5}, {"rank": 3, "name": "3690 Long", "outflow (M)": 48.26}, {"rank": 4, "name": "0941 Long", "outflow (M)": 12.21}, {"rank": 5, "name": "0005 Long", "outflow (M)": 9.06}, {"rank": 6, "name": "1109 Long", "outflow (M)": 4.41}, {"rank": 7, "name": "0175 Long", "outflow (M)": 4.39}, {"rank": 8, "name": "0358 Long", "outflow (M)": 3.36}, {"rank": 9, "name": "1211 Short", "outflow (M)": 3.12}, {"rank": 10, "name": "0388 Short", "outflow (M)": 2.72}, {"rank": 11, "name": "2899 Long", "outflow (M)": 2.71}, {"rank": 12, "name": "9868 Short", "outflow (M)": 2.61}, {"rank": 13, "name": "2382 Short", "outflow (M)": 2.25}, {"rank": 14, "name": "1024 Short", "outflow (M)": 1.99}, {"rank": 15, "name": "9961 Long", "outflow (M)": 1.85}, {"rank": 16, "name": "0939 Long", "outflow (M)": 1.7}, {"rank": 17, "name": "0386 Long", "outflow (M)": 1.64}, {"rank": 18, "name": "1818 Long", "outflow (M)": 1.64}, {"rank": 19, "name": "2840 Long", "outflow (M)": 1.42}, {"rank": 20, "name": "1357 Long", "outflow (M)": 1.36}], "stats": {"hsi long pos": "-250.57M", "hsi short pos:": "+207.11M", "stocks long pos": "-14.62M", "stocks short pos": "+79.02M"}}