{"top20inflow_5d": [{"rank": 1, "name": "HSI Long", "inflow (M)": 278.39}, {"rank": 2, "name": "0388 Long", "inflow (M)": 38.07}, {"rank": 3, "name": "0700 Long", "inflow (M)": 22.31}, {"rank": 4, "name": "3690 Long", "inflow (M)": 16.03}, {"rank": 5, "name": "9988 Long", "inflow (M)": 14.25}, {"rank": 6, "name": "1211 Long", "inflow (M)": 5.54}, {"rank": 7, "name": "1299 Long", "inflow (M)": 5.27}, {"rank": 8, "name": "2318 Long", "inflow (M)": 4.65}, {"rank": 9, "name": "2269 Long", "inflow (M)": 3.55}, {"rank": 10, "name": "HSTECH Long", "inflow (M)": 3.5}, {"rank": 11, "name": "0700 Short", "inflow (M)": 2.73}, {"rank": 12, "name": "DJI Short", "inflow (M)": 2.64}, {"rank": 13, "name": "2018 Long", "inflow (M)": 2.16}, {"rank": 14, "name": "9999 Long", "inflow (M)": 1.77}, {"rank": 15, "name": "9618 Long", "inflow (M)": 1.72}, {"rank": 16, "name": "3968 Long", "inflow (M)": 1.67}, {"rank": 17, "name": "1024 Long", "inflow (M)": 1.63}, {"rank": 18, "name": "0175 Long", "inflow (M)": 1.58}, {"rank": 19, "name": "0823 Long", "inflow (M)": 1.48}, {"rank": 20, "name": "2840 Long", "inflow (M)": 1.45}], "top20outflow_5d": [{"rank": 1, "name": "HSI Long", "outflow (M)": 278.39}, {"rank": 2, "name": "0388 Long", "outflow (M)": 38.07}, {"rank": 3, "name": "0700 Long", "outflow (M)": 22.31}, {"rank": 4, "name": "3690 Long", "outflow (M)": 16.03}, {"rank": 5, "name": "9988 Long", "outflow (M)": 14.25}, {"rank": 6, "name": "1211 Long", "outflow (M)": 5.54}, {"rank": 7, "name": "1299 Long", "outflow (M)": 5.27}, {"rank": 8, "name": "2318 Long", "outflow (M)": 4.65}, {"rank": 9, "name": "2269 Long", "outflow (M)": 3.55}, {"rank": 10, "name": "HSTECH Long", "outflow (M)": 3.5}, {"rank": 11, "name": "0700 Short", "outflow (M)": 2.73}, {"rank": 12, "name": "DJI Short", "outflow (M)": 2.64}, {"rank": 13, "name": "2018 Long", "outflow (M)": 2.16}, {"rank": 14, "name": "9999 Long", "outflow (M)": 1.77}, {"rank": 15, "name": "9618 Long", "outflow (M)": 1.72}, {"rank": 16, "name": "3968 Long", "outflow (M)": 1.67}, {"rank": 17, "name": "1024 Long", "outflow (M)": 1.63}, {"rank": 18, "name": "0175 Long", "outflow (M)": 1.58}, {"rank": 19, "name": "0823 Long", "outflow (M)": 1.48}, {"rank": 20, "name": "2840 Long", "outflow (M)": 1.45}], "stats": {"hsi long pos": "+286.47M", "hsi short pos:": "-150.02M", "stocks long pos": "+131.78M", "stocks short pos": "-33.73M"}}