{"top20inflow_20d": [{"rank": 1, "name": "HSI Long", "inflow (M)": 655.23}, {"rank": 2, "name": "3690 Long", "inflow (M)": 68.09}, {"rank": 3, "name": "0700 Long", "inflow (M)": 59.65}, {"rank": 4, "name": "0883 Long", "inflow (M)": 44.59}, {"rank": 5, "name": "9988 Long", "inflow (M)": 38.27}, {"rank": 6, "name": "0388 Long", "inflow (M)": 26.05}, {"rank": 7, "name": "1211 Long", "inflow (M)": 19.76}, {"rank": 8, "name": "1211 Short", "inflow (M)": 19.52}, {"rank": 9, "name": "1810 Long", "inflow (M)": 19.07}, {"rank": 10, "name": "2318 Long", "inflow (M)": 18.31}, {"rank": 11, "name": "2269 Short", "inflow (M)": 12.63}, {"rank": 12, "name": "HSTECH Long", "inflow (M)": 11.09}, {"rank": 13, "name": "JPYD Long", "inflow (M)": 10.84}, {"rank": 14, "name": "3968 Long", "inflow (M)": 10.82}, {"rank": 15, "name": "9988 Short", "inflow (M)": 10.7}, {"rank": 16, "name": "2269 Long", "inflow (M)": 10.28}, {"rank": 17, "name": "0981 Long", "inflow (M)": 9.43}, {"rank": 18, "name": "1024 Long", "inflow (M)": 9.15}, {"rank": 19, "name": "1299 Long", "inflow (M)": 8.85}, {"rank": 20, "name": "9618 Long", "inflow (M)": 7.73}], "top20outflow_20d": [{"rank": 1, "name": "HSI Short", "outflow (M)": 266.46}, {"rank": 2, "name": "0700 Short", "outflow (M)": 20.68}, {"rank": 3, "name": "1810 Short", "outflow (M)": 10.98}, {"rank": 4, "name": "9618 Short", "outflow (M)": 8.24}, {"rank": 5, "name": "0388 Short", "outflow (M)": 6.5}, {"rank": 6, "name": "3690 Short", "outflow (M)": 6.48}, {"rank": 7, "name": "9999 Short", "outflow (M)": 4.89}, {"rank": 8, "name": "2382 Short", "outflow (M)": 3.19}, {"rank": 9, "name": "1024 Short", "outflow (M)": 2.93}, {"rank": 10, "name": "9999 Long", "outflow (M)": 2.06}, {"rank": 11, "name": "0902 Long", "outflow (M)": 1.7}, {"rank": 12, "name": "2015 Short", "outflow (M)": 1.6}, {"rank": 13, "name": "1171 Long", "outflow (M)": 1.38}, {"rank": 14, "name": "0981 Short", "outflow (M)": 1.33}, {"rank": 15, "name": "1398 Short", "outflow (M)": 1.3}, {"rank": 16, "name": "3988 Short", "outflow (M)": 1.29}, {"rank": 17, "name": "2319 Long", "outflow (M)": 1.05}, {"rank": 18, "name": "0992 Short", "outflow (M)": 0.87}, {"rank": 19, "name": "JPYD= Short", "outflow (M)": 0.58}, {"rank": 20, "name": "1288 Long", "outflow (M)": 0.49}], "stats": {"hsi long pos": "+652.74M", "hsi short pos:": "-252.20M", "stocks long pos": "+419.95M", "stocks short pos": "-4.87M"}}