{"top20inflow_5d": [{"rank": 1, "name": "HSI Short", "inflow (M)": 63.13}, {"rank": 2, "name": "0700 Long", "inflow (M)": 58.8}, {"rank": 3, "name": "9999 Short", "inflow (M)": 13.69}, {"rank": 4, "name": "1810 Long", "inflow (M)": 8.17}, {"rank": 5, "name": "DJI Short", "inflow (M)": 7.49}, {"rank": 6, "name": "1211 Short", "inflow (M)": 5.01}, {"rank": 7, "name": "9618 Short", "inflow (M)": 4.54}, {"rank": 8, "name": "0941 Short", "inflow (M)": 4.18}, {"rank": 9, "name": "1024 Long", "inflow (M)": 3.96}, {"rank": 10, "name": "HSTECH Long", "inflow (M)": 2.29}, {"rank": 11, "name": "NDX Short", "inflow (M)": 2.24}, {"rank": 12, "name": "2319 Long", "inflow (M)": 1.9}, {"rank": 13, "name": "0175 Long", "inflow (M)": 1.72}, {"rank": 14, "name": "2018 Long", "inflow (M)": 1.65}, {"rank": 15, "name": "3690 Long", "inflow (M)": 1.63}, {"rank": 16, "name": "1810 Short", "inflow (M)": 1.59}, {"rank": 17, "name": "2269 Long", "inflow (M)": 1.54}, {"rank": 18, "name": "3690 Short", "inflow (M)": 1.44}, {"rank": 19, "name": "3988 Short", "inflow (M)": 1.25}, {"rank": 20, "name": "JPYD Long", "inflow (M)": 1.24}], "top20outflow_5d": [{"rank": 1, "name": "HSI Long", "outflow (M)": 13.06}, {"rank": 2, "name": "0700 Short", "outflow (M)": 12.98}, {"rank": 3, "name": "9988 Short", "outflow (M)": 11.73}, {"rank": 4, "name": "9988 Long", "outflow (M)": 10.0}, {"rank": 5, "name": "0941 Long", "outflow (M)": 5.4}, {"rank": 6, "name": "0388 Long", "outflow (M)": 5.12}, {"rank": 7, "name": "0883 Long", "outflow (M)": 2.26}, {"rank": 8, "name": "0027 Long", "outflow (M)": 1.93}, {"rank": 9, "name": "0992 Long", "outflow (M)": 1.81}, {"rank": 10, "name": "0005 Long", "outflow (M)": 1.76}, {"rank": 11, "name": "0823 Long", "outflow (M)": 1.76}, {"rank": 12, "name": "0388 Short", "outflow (M)": 1.63}, {"rank": 13, "name": "9868 Short", "outflow (M)": 1.33}, {"rank": 14, "name": "9618 Long", "outflow (M)": 1.03}, {"rank": 15, "name": "9866 Long", "outflow (M)": 0.98}, {"rank": 16, "name": "2269 Short", "outflow (M)": 0.9}, {"rank": 17, "name": "2331 Short", "outflow (M)": 0.8}, {"rank": 18, "name": "1299 Long", "outflow (M)": 0.75}, {"rank": 19, "name": "2800 Long", "outflow (M)": 0.54}, {"rank": 20, "name": "2318 Short", "outflow (M)": 0.48}], "stats": {"hsi long pos": "-7.68M", "hsi short pos:": "+59.63M", "stocks long pos": "+50.22M", "stocks short pos": "+8.67M"}}