{"top20inflow_1d": [{"rank": 1, "name": "HSI Long", "inflow (M)": 69.1}, {"rank": 2, "name": "3690 Long", "inflow (M)": 9.65}, {"rank": 3, "name": "0700 Long", "inflow (M)": 5.62}, {"rank": 4, "name": "2269 Long", "inflow (M)": 5.42}, {"rank": 5, "name": "3690 Short", "inflow (M)": 5.22}, {"rank": 6, "name": "9988 Long", "inflow (M)": 4.1}, {"rank": 7, "name": "0388 Long", "inflow (M)": 3.39}, {"rank": 8, "name": "NDX Short", "inflow (M)": 1.79}, {"rank": 9, "name": "0823 Long", "inflow (M)": 1.69}, {"rank": 10, "name": "JPYD Long", "inflow (M)": 1.68}, {"rank": 11, "name": "9988 Short", "inflow (M)": 1.62}, {"rank": 12, "name": "9999 Long", "inflow (M)": 1.61}, {"rank": 13, "name": "9618 Short", "inflow (M)": 1.6}, {"rank": 14, "name": "2015 Long", "inflow (M)": 1.36}, {"rank": 15, "name": "1211 Long", "inflow (M)": 1.35}, {"rank": 16, "name": "0005 Short", "inflow (M)": 1.18}, {"rank": 17, "name": "0883 Short", "inflow (M)": 1.09}, {"rank": 18, "name": "2840 Long", "inflow (M)": 1.03}, {"rank": 19, "name": "0388 Short", "inflow (M)": 0.93}, {"rank": 20, "name": "DJI Short", "inflow (M)": 0.91}], "top20outflow_1d": [{"rank": 1, "name": "HSI Short", "outflow (M)": 29.22}, {"rank": 2, "name": "0700 Short", "outflow (M)": 3.38}, {"rank": 3, "name": "3968 Long", "outflow (M)": 2.57}, {"rank": 4, "name": "2020 Long", "outflow (M)": 1.73}, {"rank": 5, "name": "0005 Long", "outflow (M)": 1.67}, {"rank": 6, "name": "9618 Long", "outflow (M)": 1.46}, {"rank": 7, "name": "HSTECH Long", "outflow (M)": 0.89}, {"rank": 8, "name": "2015 Short", "outflow (M)": 0.8}, {"rank": 9, "name": "0883 Long", "outflow (M)": 0.72}, {"rank": 10, "name": "0981 Long", "outflow (M)": 0.69}, {"rank": 11, "name": "1385 Long", "outflow (M)": 0.61}, {"rank": 12, "name": "3988 Long", "outflow (M)": 0.58}, {"rank": 13, "name": "9868 Long", "outflow (M)": 0.55}, {"rank": 14, "name": "2018 Long", "outflow (M)": 0.54}, {"rank": 15, "name": "1024 Long", "outflow (M)": 0.51}, {"rank": 16, "name": "0175 Long", "outflow (M)": 0.51}, {"rank": 17, "name": "1171 Long", "outflow (M)": 0.44}, {"rank": 18, "name": "0027 Long", "outflow (M)": 0.41}, {"rank": 19, "name": "9961 Long", "outflow (M)": 0.41}, {"rank": 20, "name": "1211 Short", "outflow (M)": 0.39}], "stats": {"hsi long pos": "+69.10M", "hsi short pos:": "-29.22M", "stocks long pos": "+26.18M", "stocks short pos": "+7.44M"}}