{"top20inflow_1d": [{"rank": 1, "name": "HSI Short", "inflow (M)": 70.49}, {"rank": 2, "name": "1810 Short", "inflow (M)": 5.55}, {"rank": 3, "name": "9999 Long", "inflow (M)": 4.0}, {"rank": 4, "name": "3690 Short", "inflow (M)": 4.0}, {"rank": 5, "name": "0388 Long", "inflow (M)": 2.96}, {"rank": 6, "name": "0700 Short", "inflow (M)": 2.28}, {"rank": 7, "name": "2883 Long", "inflow (M)": 1.82}, {"rank": 8, "name": "0883 Short", "inflow (M)": 1.37}, {"rank": 9, "name": "N225 Short", "inflow (M)": 1.35}, {"rank": 10, "name": "0857 Long", "inflow (M)": 1.28}, {"rank": 11, "name": "1211 Short", "inflow (M)": 0.84}, {"rank": 12, "name": "9868 Long", "inflow (M)": 0.81}, {"rank": 13, "name": "0857 Short", "inflow (M)": 0.59}, {"rank": 14, "name": "9961 Short", "inflow (M)": 0.55}, {"rank": 15, "name": "DJI Short", "inflow (M)": 0.51}, {"rank": 16, "name": "NDX Short", "inflow (M)": 0.49}, {"rank": 17, "name": "1357 Long", "inflow (M)": 0.49}, {"rank": 18, "name": "0788 Long", "inflow (M)": 0.44}, {"rank": 19, "name": "0914 Long", "inflow (M)": 0.41}, {"rank": 20, "name": "9618 Short", "inflow (M)": 0.38}], "top20outflow_1d": [{"rank": 1, "name": "HSI Long", "outflow (M)": 93.49}, {"rank": 2, "name": "0700 Long", "outflow (M)": 11.32}, {"rank": 3, "name": "1810 Long", "outflow (M)": 9.32}, {"rank": 4, "name": "1299 Long", "outflow (M)": 8.37}, {"rank": 5, "name": "3690 Long", "outflow (M)": 6.59}, {"rank": 6, "name": "0883 Long", "outflow (M)": 2.65}, {"rank": 7, "name": "0005 Long", "outflow (M)": 1.92}, {"rank": 8, "name": "0358 Long", "outflow (M)": 1.85}, {"rank": 9, "name": "9988 Short", "outflow (M)": 1.7}, {"rank": 10, "name": "0941 Long", "outflow (M)": 1.59}, {"rank": 11, "name": "0386 Long", "outflow (M)": 1.59}, {"rank": 12, "name": "2840 Long", "outflow (M)": 1.3}, {"rank": 13, "name": "9888 Long", "outflow (M)": 1.12}, {"rank": 14, "name": "0916 Long", "outflow (M)": 1.09}, {"rank": 15, "name": "9988 Long", "outflow (M)": 0.98}, {"rank": 16, "name": "9618 Long", "outflow (M)": 0.96}, {"rank": 17, "name": "9961 Long", "outflow (M)": 0.86}, {"rank": 18, "name": "0027 Long", "outflow (M)": 0.86}, {"rank": 19, "name": "1093 Long", "outflow (M)": 0.86}, {"rank": 20, "name": "1928 Long", "outflow (M)": 0.83}], "stats": {"hsi long pos": "+91.73M", "hsi short pos:": "-65.92M", "stocks long pos": "+24.42M", "stocks short pos": "-5.39M"}}