{"top20inflow_5d": [{"rank": 1, "name": "HSI Long", "inflow (M)": 72.13}, {"rank": 2, "name": "9988 Short", "inflow (M)": 49.34}, {"rank": 3, "name": "9988 Long", "inflow (M)": 34.29}, {"rank": 4, "name": "0388 Long", "inflow (M)": 13.11}, {"rank": 5, "name": "0700 Short", "inflow (M)": 9.08}, {"rank": 6, "name": "1810 Long", "inflow (M)": 8.4}, {"rank": 7, "name": "1211 Long", "inflow (M)": 5.01}, {"rank": 8, "name": "2318 Long", "inflow (M)": 4.98}, {"rank": 9, "name": "HSI Short", "inflow (M)": 3.95}, {"rank": 10, "name": "0981 Long", "inflow (M)": 2.86}, {"rank": 11, "name": "9888 Long", "inflow (M)": 2.67}, {"rank": 12, "name": "1928 Long", "inflow (M)": 2.03}, {"rank": 13, "name": "HSTECH Long", "inflow (M)": 1.94}, {"rank": 14, "name": "0175 Long", "inflow (M)": 1.93}, {"rank": 15, "name": "2020 Long", "inflow (M)": 1.85}, {"rank": 16, "name": "3968 Long", "inflow (M)": 1.64}, {"rank": 17, "name": "1801 Long", "inflow (M)": 1.22}, {"rank": 18, "name": "0883 Long", "inflow (M)": 1.17}, {"rank": 19, "name": "9868 Short", "inflow (M)": 1.1}, {"rank": 20, "name": "2269 Long", "inflow (M)": 1.1}], "top20outflow_5d": [{"rank": 1, "name": "0700 Long", "outflow (M)": 23.95}, {"rank": 2, "name": "0354 Long", "outflow (M)": 3.82}, {"rank": 3, "name": "2318 Short", "outflow (M)": 3.29}, {"rank": 4, "name": "9618 Long", "outflow (M)": 2.62}, {"rank": 5, "name": "0388 Short", "outflow (M)": 2.57}, {"rank": 6, "name": "0005 Long", "outflow (M)": 1.56}, {"rank": 7, "name": "2013 Long", "outflow (M)": 1.46}, {"rank": 8, "name": "2269 Short", "outflow (M)": 1.02}, {"rank": 9, "name": "2822 Long", "outflow (M)": 0.73}, {"rank": 10, "name": "1211 Short", "outflow (M)": 0.7}, {"rank": 11, "name": "3690 Long", "outflow (M)": 0.64}, {"rank": 12, "name": "3800 Long", "outflow (M)": 0.63}, {"rank": 13, "name": "2020 Short", "outflow (M)": 0.61}, {"rank": 14, "name": "9866 Short", "outflow (M)": 0.45}, {"rank": 15, "name": "9618 Short", "outflow (M)": 0.41}, {"rank": 16, "name": "0902 Long", "outflow (M)": 0.4}, {"rank": 17, "name": "2331 Long", "outflow (M)": 0.39}, {"rank": 18, "name": "SPX Long", "outflow (M)": 0.39}, {"rank": 19, "name": "NDX Long", "outflow (M)": 0.35}, {"rank": 20, "name": "9868 Long", "outflow (M)": 0.35}], "stats": {"hsi long pos": "+72.13M", "hsi short pos:": "+3.95M", "stocks long pos": "+56.48M", "stocks short pos": "+51.64M"}}