{"top20inflow_10d": [{"rank": 1, "name": "HSI Short", "inflow (M)": 174.18}, {"rank": 2, "name": "2269 Long", "inflow (M)": 19.57}, {"rank": 3, "name": "1211 Long", "inflow (M)": 18.12}, {"rank": 4, "name": "3690 Long", "inflow (M)": 17.2}, {"rank": 5, "name": "9988 Short", "inflow (M)": 13.67}, {"rank": 6, "name": "3968 Long", "inflow (M)": 13.51}, {"rank": 7, "name": "2269 Short", "inflow (M)": 13.49}, {"rank": 8, "name": "2318 Long", "inflow (M)": 12.39}, {"rank": 9, "name": "0883 Long", "inflow (M)": 11.29}, {"rank": 10, "name": "0700 Short", "inflow (M)": 11.18}, {"rank": 11, "name": "0388 Long", "inflow (M)": 9.68}, {"rank": 12, "name": "SPX Short", "inflow (M)": 7.15}, {"rank": 13, "name": "0981 Long", "inflow (M)": 5.78}, {"rank": 14, "name": "1810 Long", "inflow (M)": 5.22}, {"rank": 15, "name": "0388 Short", "inflow (M)": 5.11}, {"rank": 16, "name": "0992 Long", "inflow (M)": 5.0}, {"rank": 17, "name": "JPYD Long", "inflow (M)": 4.47}, {"rank": 18, "name": "NDX Short", "inflow (M)": 4.24}, {"rank": 19, "name": "0175 Long", "inflow (M)": 4.18}, {"rank": 20, "name": "DJI Short", "inflow (M)": 4.04}], "top20outflow_10d": [{"rank": 1, "name": "HSI Long", "outflow (M)": 79.37}, {"rank": 2, "name": "1211 Short", "outflow (M)": 47.86}, {"rank": 3, "name": "0700 Long", "outflow (M)": 27.72}, {"rank": 4, "name": "9988 Long", "outflow (M)": 14.31}, {"rank": 5, "name": "9888 Long", "outflow (M)": 4.41}, {"rank": 6, "name": "0005 Long", "outflow (M)": 2.69}, {"rank": 7, "name": "0992 Short", "outflow (M)": 2.68}, {"rank": 8, "name": "0941 Long", "outflow (M)": 2.08}, {"rank": 9, "name": "0027 Long", "outflow (M)": 1.28}, {"rank": 10, "name": "2331 Long", "outflow (M)": 1.23}, {"rank": 11, "name": "2015 Short", "outflow (M)": 1.2}, {"rank": 12, "name": "1299 Short", "outflow (M)": 1.02}, {"rank": 13, "name": "0857 Long", "outflow (M)": 0.78}, {"rank": 14, "name": "2338 Long", "outflow (M)": 0.65}, {"rank": 15, "name": "2800 Long", "outflow (M)": 0.61}, {"rank": 16, "name": "1658 Long", "outflow (M)": 0.48}, {"rank": 17, "name": "0788 Long", "outflow (M)": 0.45}, {"rank": 18, "name": "HSTECH Short", "outflow (M)": 0.45}, {"rank": 19, "name": "2018 Short", "outflow (M)": 0.37}, {"rank": 20, "name": "2823 Long", "outflow (M)": 0.3}], "stats": {"hsi long pos": "-127.29M", "hsi short pos:": "+239.68M", "stocks long pos": "+100.12M", "stocks short pos": "+17.13M"}}