{"top20inflow_10d": [{"rank": 1, "name": "HSI Long", "inflow (M)": 48.01}, {"rank": 2, "name": "HSI Short", "inflow (M)": 46.49}, {"rank": 3, "name": "3690 Long", "inflow (M)": 24.82}, {"rank": 4, "name": "3690 Short", "inflow (M)": 8.64}, {"rank": 5, "name": "DJI Short", "inflow (M)": 7.56}, {"rank": 6, "name": "0941 Long", "inflow (M)": 7.52}, {"rank": 7, "name": "1211 Long", "inflow (M)": 7.39}, {"rank": 8, "name": "2318 Long", "inflow (M)": 6.98}, {"rank": 9, "name": "0883 Long", "inflow (M)": 4.35}, {"rank": 10, "name": "0388 Long", "inflow (M)": 3.48}, {"rank": 11, "name": "0981 Long", "inflow (M)": 3.07}, {"rank": 12, "name": "1797 Long", "inflow (M)": 2.59}, {"rank": 13, "name": "NDX Short", "inflow (M)": 2.4}, {"rank": 14, "name": "3968 Long", "inflow (M)": 2.26}, {"rank": 15, "name": "HSTECH Long", "inflow (M)": 2.07}, {"rank": 16, "name": "2269 Long", "inflow (M)": 1.99}, {"rank": 17, "name": "2331 Long", "inflow (M)": 1.94}, {"rank": 18, "name": "2822 Long", "inflow (M)": 1.63}, {"rank": 19, "name": "9999 Long", "inflow (M)": 1.56}, {"rank": 20, "name": "0005 Short", "inflow (M)": 1.25}], "top20outflow_10d": [{"rank": 1, "name": "0700 Long", "outflow (M)": 17.16}, {"rank": 2, "name": "0388 Short", "outflow (M)": 6.81}, {"rank": 3, "name": "1299 Long", "outflow (M)": 6.65}, {"rank": 4, "name": "1810 Long", "outflow (M)": 4.91}, {"rank": 5, "name": "0823 Long", "outflow (M)": 4.53}, {"rank": 6, "name": "1211 Short", "outflow (M)": 3.82}, {"rank": 7, "name": "1810 Short", "outflow (M)": 3.74}, {"rank": 8, "name": "0700 Short", "outflow (M)": 3.55}, {"rank": 9, "name": "0005 Long", "outflow (M)": 2.93}, {"rank": 10, "name": "9988 Long", "outflow (M)": 2.57}, {"rank": 11, "name": "9999 Short", "outflow (M)": 1.89}, {"rank": 12, "name": "1024 Long", "outflow (M)": 1.47}, {"rank": 13, "name": "2269 Short", "outflow (M)": 1.45}, {"rank": 14, "name": "0883 Short", "outflow (M)": 0.99}, {"rank": 15, "name": "1093 Long", "outflow (M)": 0.84}, {"rank": 16, "name": "3968 Short", "outflow (M)": 0.78}, {"rank": 17, "name": "HSTECH Short", "outflow (M)": 0.77}, {"rank": 18, "name": "1928 Long", "outflow (M)": 0.69}, {"rank": 19, "name": "1772 Long", "outflow (M)": 0.69}, {"rank": 20, "name": "0669 Long", "outflow (M)": 0.64}], "stats": {"hsi long pos": "+48.01M", "hsi short pos:": "+46.49M", "stocks long pos": "+38.00M", "stocks short pos": "-7.67M"}}