{"top20inflow_5d": [{"rank": 1, "name": "HSI Long", "inflow (M)": 115.56}, {"rank": 2, "name": "0388 Long", "inflow (M)": 13.21}, {"rank": 3, "name": "3690 Long", "inflow (M)": 6.6}, {"rank": 4, "name": "1211 Long", "inflow (M)": 5.75}, {"rank": 5, "name": "2318 Long", "inflow (M)": 4.28}, {"rank": 6, "name": "DJI Short", "inflow (M)": 3.33}, {"rank": 7, "name": "0941 Long", "inflow (M)": 3.09}, {"rank": 8, "name": "NDX Long", "inflow (M)": 2.95}, {"rank": 9, "name": "9988 Long", "inflow (M)": 2.77}, {"rank": 10, "name": "HSTECH Long", "inflow (M)": 2.37}, {"rank": 11, "name": "2331 Long", "inflow (M)": 2.09}, {"rank": 12, "name": "9868 Long", "inflow (M)": 2.05}, {"rank": 13, "name": "2269 Long", "inflow (M)": 1.74}, {"rank": 14, "name": "1299 Long", "inflow (M)": 1.73}, {"rank": 15, "name": "9618 Long", "inflow (M)": 1.66}, {"rank": 16, "name": "3968 Long", "inflow (M)": 1.48}, {"rank": 17, "name": "0354 Long", "inflow (M)": 1.32}, {"rank": 18, "name": "NDX Short", "inflow (M)": 1.32}, {"rank": 19, "name": "2018 Long", "inflow (M)": 1.21}, {"rank": 20, "name": "2318 Short", "inflow (M)": 1.1}], "top20outflow_5d": [{"rank": 1, "name": "HSI Short", "outflow (M)": 43.88}, {"rank": 2, "name": "9988 Short", "outflow (M)": 8.49}, {"rank": 3, "name": "0388 Short", "outflow (M)": 6.7}, {"rank": 4, "name": "0700 Long", "outflow (M)": 5.17}, {"rank": 5, "name": "1211 Short", "outflow (M)": 4.28}, {"rank": 6, "name": "1810 Short", "outflow (M)": 4.01}, {"rank": 7, "name": "3690 Short", "outflow (M)": 3.05}, {"rank": 8, "name": "9999 Short", "outflow (M)": 1.85}, {"rank": 9, "name": "9868 Short", "outflow (M)": 1.72}, {"rank": 10, "name": "2269 Short", "outflow (M)": 1.63}, {"rank": 11, "name": "0005 Long", "outflow (M)": 1.49}, {"rank": 12, "name": "1024 Long", "outflow (M)": 1.11}, {"rank": 13, "name": "0883 Short", "outflow (M)": 0.88}, {"rank": 14, "name": "9618 Short", "outflow (M)": 0.58}, {"rank": 15, "name": "3968 Short", "outflow (M)": 0.47}, {"rank": 16, "name": "1797 Long", "outflow (M)": 0.39}, {"rank": 17, "name": "2382 Long", "outflow (M)": 0.39}, {"rank": 18, "name": "1772 Long", "outflow (M)": 0.37}, {"rank": 19, "name": "EUR= Short", "outflow (M)": 0.36}, {"rank": 20, "name": "0857 Short", "outflow (M)": 0.34}], "stats": {"hsi long pos": "+115.56M", "hsi short pos:": "-43.88M", "stocks long pos": "+48.53M", "stocks short pos": "-28.59M"}}