{"top20inflow_10d": [{"rank": 1, "name": "HSI Short", "inflow (M)": 118.23}, {"rank": 2, "name": "0700 Short", "inflow (M)": 40.84}, {"rank": 3, "name": "0388 Long", "inflow (M)": 29.37}, {"rank": 4, "name": "1299 Long", "inflow (M)": 24.7}, {"rank": 5, "name": "3690 Short", "inflow (M)": 21.04}, {"rank": 6, "name": "9988 Long", "inflow (M)": 17.3}, {"rank": 7, "name": "2318 Long", "inflow (M)": 8.42}, {"rank": 8, "name": "9999 Long", "inflow (M)": 5.79}, {"rank": 9, "name": "3993 Long", "inflow (M)": 5.1}, {"rank": 10, "name": "0981 Long", "inflow (M)": 5.02}, {"rank": 11, "name": "1810 Short", "inflow (M)": 4.74}, {"rank": 12, "name": "1810 Long", "inflow (M)": 4.5}, {"rank": 13, "name": "0268 Long", "inflow (M)": 3.73}, {"rank": 14, "name": "2382 Long", "inflow (M)": 3.73}, {"rank": 15, "name": "1211 Long", "inflow (M)": 3.46}, {"rank": 16, "name": "0005 Short", "inflow (M)": 3.06}, {"rank": 17, "name": "0027 Long", "inflow (M)": 2.95}, {"rank": 18, "name": "0857 Long", "inflow (M)": 2.86}, {"rank": 19, "name": "2883 Long", "inflow (M)": 2.35}, {"rank": 20, "name": "9988 Short", "inflow (M)": 2.25}], "top20outflow_10d": [{"rank": 1, "name": "HSI Long", "outflow (M)": 163.93}, {"rank": 2, "name": "0700 Long", "outflow (M)": 59.05}, {"rank": 3, "name": "3690 Long", "outflow (M)": 25.81}, {"rank": 4, "name": "0941 Long", "outflow (M)": 10.13}, {"rank": 5, "name": "0175 Long", "outflow (M)": 7.73}, {"rank": 6, "name": "0005 Long", "outflow (M)": 7.71}, {"rank": 7, "name": "1211 Short", "outflow (M)": 4.44}, {"rank": 8, "name": "1109 Long", "outflow (M)": 4.29}, {"rank": 9, "name": "0358 Long", "outflow (M)": 3.29}, {"rank": 10, "name": "2899 Long", "outflow (M)": 2.64}, {"rank": 11, "name": "9868 Short", "outflow (M)": 2.32}, {"rank": 12, "name": "0388 Short", "outflow (M)": 2.3}, {"rank": 13, "name": "1299 Short", "outflow (M)": 2.13}, {"rank": 14, "name": "1818 Long", "outflow (M)": 1.99}, {"rank": 15, "name": "2382 Short", "outflow (M)": 1.64}, {"rank": 16, "name": "2840 Long", "outflow (M)": 1.54}, {"rank": 17, "name": "9961 Long", "outflow (M)": 1.54}, {"rank": 18, "name": "3968 Long", "outflow (M)": 1.4}, {"rank": 19, "name": "1357 Long", "outflow (M)": 1.37}, {"rank": 20, "name": "0939 Long", "outflow (M)": 1.36}], "stats": {"hsi long pos": "-163.93M", "hsi short pos:": "+118.23M", "stocks long pos": "+2.58M", "stocks short pos": "+65.91M"}}