{"top20inflow_10d": [{"rank": 1, "name": "HSI Short", "inflow (M)": 106.36}, {"rank": 2, "name": "HSI Long", "inflow (M)": 73.64}, {"rank": 3, "name": "0700 Long", "inflow (M)": 51.0}, {"rank": 4, "name": "3690 Long", "inflow (M)": 22.3}, {"rank": 5, "name": "1211 Short", "inflow (M)": 14.62}, {"rank": 6, "name": "1810 Long", "inflow (M)": 11.74}, {"rank": 7, "name": "DJI Short", "inflow (M)": 11.61}, {"rank": 8, "name": "1024 Long", "inflow (M)": 11.34}, {"rank": 9, "name": "3690 Short", "inflow (M)": 7.12}, {"rank": 10, "name": "1299 Long", "inflow (M)": 5.41}, {"rank": 11, "name": "0941 Short", "inflow (M)": 3.81}, {"rank": 12, "name": "HSTECH Long", "inflow (M)": 3.71}, {"rank": 13, "name": "1797 Long", "inflow (M)": 3.6}, {"rank": 14, "name": "1211 Long", "inflow (M)": 3.2}, {"rank": 15, "name": "0388 Long", "inflow (M)": 3.02}, {"rank": 16, "name": "2318 Long", "inflow (M)": 2.63}, {"rank": 17, "name": "0175 Long", "inflow (M)": 2.32}, {"rank": 18, "name": "9618 Long", "inflow (M)": 2.26}, {"rank": 19, "name": "2269 Long", "inflow (M)": 2.08}, {"rank": 20, "name": "2319 Long", "inflow (M)": 1.95}], "top20outflow_10d": [{"rank": 1, "name": "9988 Short", "outflow (M)": 10.69}, {"rank": 2, "name": "9988 Long", "outflow (M)": 10.55}, {"rank": 3, "name": "0388 Short", "outflow (M)": 3.39}, {"rank": 4, "name": "0005 Long", "outflow (M)": 3.06}, {"rank": 5, "name": "0941 Long", "outflow (M)": 2.72}, {"rank": 6, "name": "0823 Long", "outflow (M)": 2.4}, {"rank": 7, "name": "2318 Short", "outflow (M)": 2.33}, {"rank": 8, "name": "9868 Short", "outflow (M)": 2.27}, {"rank": 9, "name": "1928 Long", "outflow (M)": 1.29}, {"rank": 10, "name": "0902 Long", "outflow (M)": 1.16}, {"rank": 11, "name": "0700 Short", "outflow (M)": 1.12}, {"rank": 12, "name": "2382 Short", "outflow (M)": 1.08}, {"rank": 13, "name": "1797 Short", "outflow (M)": 1.05}, {"rank": 14, "name": "9618 Short", "outflow (M)": 1.01}, {"rank": 15, "name": "2331 Short", "outflow (M)": 0.7}, {"rank": 16, "name": "1299 Short", "outflow (M)": 0.68}, {"rank": 17, "name": "1024 Short", "outflow (M)": 0.61}, {"rank": 18, "name": "0992 Long", "outflow (M)": 0.58}, {"rank": 19, "name": "2020 Short", "outflow (M)": 0.5}, {"rank": 20, "name": "0001 Long", "outflow (M)": 0.48}], "stats": {"hsi long pos": "+82.74M", "hsi short pos:": "+109.47M", "stocks long pos": "+122.65M", "stocks short pos": "+16.67M"}}