{"top20inflow_5d": [{"rank": 1, "name": "HSI Long", "inflow (M)": 502.94}, {"rank": 2, "name": "0700 Long", "inflow (M)": 70.71}, {"rank": 3, "name": "3690 Long", "inflow (M)": 27.4}, {"rank": 4, "name": "9988 Long", "inflow (M)": 17.36}, {"rank": 5, "name": "0388 Long", "inflow (M)": 15.13}, {"rank": 6, "name": "1299 Long", "inflow (M)": 9.09}, {"rank": 7, "name": "9988 Short", "inflow (M)": 8.97}, {"rank": 8, "name": "2318 Long", "inflow (M)": 6.54}, {"rank": 9, "name": "0005 Long", "inflow (M)": 5.74}, {"rank": 10, "name": "9618 Long", "inflow (M)": 4.61}, {"rank": 11, "name": "1810 Long", "inflow (M)": 3.48}, {"rank": 12, "name": "HSTECH Long", "inflow (M)": 3.17}, {"rank": 13, "name": "0941 Long", "inflow (M)": 3.13}, {"rank": 14, "name": "JPYD Long", "inflow (M)": 3.07}, {"rank": 15, "name": "1211 Long", "inflow (M)": 3.02}, {"rank": 16, "name": "2269 Long", "inflow (M)": 2.75}, {"rank": 17, "name": "1818 Long", "inflow (M)": 2.47}, {"rank": 18, "name": "NDX Short", "inflow (M)": 2.38}, {"rank": 19, "name": "0992 Long", "inflow (M)": 2.08}, {"rank": 20, "name": "1024 Long", "inflow (M)": 1.91}], "top20outflow_5d": [{"rank": 1, "name": "HSI Short", "outflow (M)": 310.18}, {"rank": 2, "name": "0700 Short", "outflow (M)": 47.05}, {"rank": 3, "name": "0388 Short", "outflow (M)": 10.47}, {"rank": 4, "name": "2015 Short", "outflow (M)": 9.66}, {"rank": 5, "name": "1810 Short", "outflow (M)": 2.45}, {"rank": 6, "name": "1299 Short", "outflow (M)": 2.35}, {"rank": 7, "name": "3988 Short", "outflow (M)": 2.01}, {"rank": 8, "name": "HSTECH Short", "outflow (M)": 1.95}, {"rank": 9, "name": "1211 Short", "outflow (M)": 1.83}, {"rank": 10, "name": "0354 Long", "outflow (M)": 1.69}, {"rank": 11, "name": "9868 Short", "outflow (M)": 1.51}, {"rank": 12, "name": "9618 Short", "outflow (M)": 1.27}, {"rank": 13, "name": "1024 Short", "outflow (M)": 0.9}, {"rank": 14, "name": "2269 Short", "outflow (M)": 0.8}, {"rank": 15, "name": "0857 Short", "outflow (M)": 0.77}, {"rank": 16, "name": "3968 Short", "outflow (M)": 0.76}, {"rank": 17, "name": "DJI Short", "outflow (M)": 0.7}, {"rank": 18, "name": "9888 Short", "outflow (M)": 0.59}, {"rank": 19, "name": "3690 Short", "outflow (M)": 0.47}, {"rank": 20, "name": "2382 Short", "outflow (M)": 0.4}], "stats": {"hsi long pos": "+558.71M", "hsi short pos:": "-326.59M", "stocks long pos": "+194.70M", "stocks short pos": "-73.54M"}}