{"top20inflow_5d": [{"rank": 1, "name": "0700 Long", "inflow (M)": 70.73}, {"rank": 2, "name": "HSI Short", "inflow (M)": 47.8}, {"rank": 3, "name": "9888 Long", "inflow (M)": 14.98}, {"rank": 4, "name": "2015 Short", "inflow (M)": 9.66}, {"rank": 5, "name": "1211 Short", "inflow (M)": 9.04}, {"rank": 6, "name": "0941 Long", "inflow (M)": 8.93}, {"rank": 7, "name": "HSI Long", "inflow (M)": 8.52}, {"rank": 8, "name": "0388 Long", "inflow (M)": 8.03}, {"rank": 9, "name": "3690 Long", "inflow (M)": 7.23}, {"rank": 10, "name": "2318 Long", "inflow (M)": 4.94}, {"rank": 11, "name": "1810 Long", "inflow (M)": 4.41}, {"rank": 12, "name": "1299 Long", "inflow (M)": 3.72}, {"rank": 13, "name": "9999 Long", "inflow (M)": 3.6}, {"rank": 14, "name": "9988 Long", "inflow (M)": 3.31}, {"rank": 15, "name": "0027 Long", "inflow (M)": 2.7}, {"rank": 16, "name": "0005 Short", "inflow (M)": 2.23}, {"rank": 17, "name": "DJI Short", "inflow (M)": 1.68}, {"rank": 18, "name": "2331 Long", "inflow (M)": 1.38}, {"rank": 19, "name": "2823 Long", "inflow (M)": 1.22}, {"rank": 20, "name": "9961 Long", "inflow (M)": 1.17}], "top20outflow_5d": [{"rank": 1, "name": "0700 Short", "outflow (M)": 14.69}, {"rank": 2, "name": "3690 Short", "outflow (M)": 13.83}, {"rank": 3, "name": "3968 Short", "outflow (M)": 4.15}, {"rank": 4, "name": "0388 Short", "outflow (M)": 4.11}, {"rank": 5, "name": "3968 Long", "outflow (M)": 3.98}, {"rank": 6, "name": "0005 Long", "outflow (M)": 3.84}, {"rank": 7, "name": "2269 Short", "outflow (M)": 2.88}, {"rank": 8, "name": "2318 Short", "outflow (M)": 2.58}, {"rank": 9, "name": "9988 Short", "outflow (M)": 2.57}, {"rank": 10, "name": "0941 Short", "outflow (M)": 1.7}, {"rank": 11, "name": "9961 Short", "outflow (M)": 1.57}, {"rank": 12, "name": "0939 Short", "outflow (M)": 1.4}, {"rank": 13, "name": "0857 Long", "outflow (M)": 1.4}, {"rank": 14, "name": "2382 Short", "outflow (M)": 1.26}, {"rank": 15, "name": "0992 Long", "outflow (M)": 1.25}, {"rank": 16, "name": "1299 Short", "outflow (M)": 1.24}, {"rank": 17, "name": "2015 Long", "outflow (M)": 1.07}, {"rank": 18, "name": "0175 Long", "outflow (M)": 1.03}, {"rank": 19, "name": "0939 Long", "outflow (M)": 0.71}, {"rank": 20, "name": "1024 Short", "outflow (M)": 0.58}], "stats": {"hsi long pos": "+8.52M", "hsi short pos:": "+47.80M", "stocks long pos": "+140.48M", "stocks short pos": "-29.47M"}}