{"top20inflow_20d": [{"rank": 1, "name": "HSI Long", "inflow (M)": 674.32}, {"rank": 2, "name": "0700 Long", "inflow (M)": 95.99}, {"rank": 3, "name": "3690 Long", "inflow (M)": 67.8}, {"rank": 4, "name": "9988 Long", "inflow (M)": 30.73}, {"rank": 5, "name": "0883 Long", "inflow (M)": 24.46}, {"rank": 6, "name": "1211 Long", "inflow (M)": 20.75}, {"rank": 7, "name": "0388 Long", "inflow (M)": 20.63}, {"rank": 8, "name": "2318 Long", "inflow (M)": 18.81}, {"rank": 9, "name": "1810 Long", "inflow (M)": 15.69}, {"rank": 10, "name": "3968 Long", "inflow (M)": 14.44}, {"rank": 11, "name": "9988 Short", "inflow (M)": 14.25}, {"rank": 12, "name": "2269 Long", "inflow (M)": 13.99}, {"rank": 13, "name": "0981 Long", "inflow (M)": 11.0}, {"rank": 14, "name": "HSTECH Long", "inflow (M)": 10.96}, {"rank": 15, "name": "2269 Short", "inflow (M)": 10.47}, {"rank": 16, "name": "NDX Short", "inflow (M)": 7.34}, {"rank": 17, "name": "0992 Long", "inflow (M)": 6.93}, {"rank": 18, "name": "1024 Long", "inflow (M)": 6.36}, {"rank": 19, "name": "9618 Long", "inflow (M)": 5.61}, {"rank": 20, "name": "0005 Long", "inflow (M)": 5.42}], "top20outflow_20d": [{"rank": 1, "name": "HSI Short", "outflow (M)": 313.22}, {"rank": 2, "name": "0700 Short", "outflow (M)": 62.28}, {"rank": 3, "name": "1211 Short", "outflow (M)": 20.91}, {"rank": 4, "name": "1810 Short", "outflow (M)": 6.38}, {"rank": 5, "name": "0388 Short", "outflow (M)": 2.84}, {"rank": 6, "name": "2015 Short", "outflow (M)": 2.69}, {"rank": 7, "name": "0941 Long", "outflow (M)": 2.27}, {"rank": 8, "name": "9618 Short", "outflow (M)": 2.21}, {"rank": 9, "name": "2382 Short", "outflow (M)": 2.19}, {"rank": 10, "name": "1024 Short", "outflow (M)": 1.88}, {"rank": 11, "name": "0992 Short", "outflow (M)": 1.58}, {"rank": 12, "name": "3988 Short", "outflow (M)": 1.41}, {"rank": 13, "name": "0981 Short", "outflow (M)": 1.32}, {"rank": 14, "name": "HSTECH Short", "outflow (M)": 1.1}, {"rank": 15, "name": "2319 Long", "outflow (M)": 0.8}, {"rank": 16, "name": "1299 Short", "outflow (M)": 0.66}, {"rank": 17, "name": "2018 Short", "outflow (M)": 0.61}, {"rank": 18, "name": "3690 Short", "outflow (M)": 0.52}, {"rank": 19, "name": "0902 Long", "outflow (M)": 0.41}, {"rank": 20, "name": "1288 Long", "outflow (M)": 0.39}], "stats": {"hsi long pos": "+683.99M", "hsi short pos:": "-293.94M", "stocks long pos": "+404.57M", "stocks short pos": "-64.21M"}}