{"top20inflow_1d": [{"rank": 1, "name": "HSI Long", "inflow (M)": 10.46}, {"rank": 2, "name": "0388 Long", "inflow (M)": 6.41}, {"rank": 3, "name": "3690 Long", "inflow (M)": 1.7}, {"rank": 4, "name": "0700 Long", "inflow (M)": 1.21}, {"rank": 5, "name": "9999 Short", "inflow (M)": 1.1}, {"rank": 6, "name": "9988 Short", "inflow (M)": 1.06}, {"rank": 7, "name": "2318 Short", "inflow (M)": 1.04}, {"rank": 8, "name": "2018 Long", "inflow (M)": 0.84}, {"rank": 9, "name": "2318 Long", "inflow (M)": 0.84}, {"rank": 10, "name": "9888 Long", "inflow (M)": 0.82}, {"rank": 11, "name": "1211 Long", "inflow (M)": 0.73}, {"rank": 12, "name": "1211 Short", "inflow (M)": 0.72}, {"rank": 13, "name": "1299 Long", "inflow (M)": 0.71}, {"rank": 14, "name": "0941 Long", "inflow (M)": 0.58}, {"rank": 15, "name": "9618 Long", "inflow (M)": 0.58}, {"rank": 16, "name": "NDX Short", "inflow (M)": 0.53}, {"rank": 17, "name": "DJI Short", "inflow (M)": 0.45}, {"rank": 18, "name": "9868 Long", "inflow (M)": 0.44}, {"rank": 19, "name": "2020 Long", "inflow (M)": 0.42}, {"rank": 20, "name": "0857 Long", "inflow (M)": 0.41}], "top20outflow_1d": [{"rank": 1, "name": "HSI Short", "outflow (M)": 19.56}, {"rank": 2, "name": "1810 Short", "outflow (M)": 3.02}, {"rank": 3, "name": "9988 Long", "outflow (M)": 2.22}, {"rank": 4, "name": "3690 Short", "outflow (M)": 1.95}, {"rank": 5, "name": "0700 Short", "outflow (M)": 1.11}, {"rank": 6, "name": "2269 Short", "outflow (M)": 1.03}, {"rank": 7, "name": "1024 Long", "outflow (M)": 0.67}, {"rank": 8, "name": "0981 Long", "outflow (M)": 0.49}, {"rank": 9, "name": "1772 Long", "outflow (M)": 0.21}, {"rank": 10, "name": "2015 Short", "outflow (M)": 0.18}, {"rank": 11, "name": "0005 Long", "outflow (M)": 0.18}, {"rank": 12, "name": "9868 Short", "outflow (M)": 0.17}, {"rank": 13, "name": "0981 Short", "outflow (M)": 0.15}, {"rank": 14, "name": "0992 Short", "outflow (M)": 0.11}, {"rank": 15, "name": "2015 Long", "outflow (M)": 0.11}, {"rank": 16, "name": "1093 Long", "outflow (M)": 0.1}, {"rank": 17, "name": "3968 Short", "outflow (M)": 0.09}, {"rank": 18, "name": "0939 Long", "outflow (M)": 0.08}, {"rank": 19, "name": "0867 Long", "outflow (M)": 0.07}, {"rank": 20, "name": "9961 Long", "outflow (M)": 0.06}], "stats": {"hsi long pos": "+10.46M", "hsi short pos:": "-19.56M", "stocks long pos": "+13.96M", "stocks short pos": "-1.67M"}}