{"top20inflow_20d": [{"rank": 1, "name": "HSI Long", "inflow (M)": 211.25}, {"rank": 2, "name": "HSI Short", "inflow (M)": 114.77}, {"rank": 3, "name": "0700 Long", "inflow (M)": 65.87}, {"rank": 4, "name": "3690 Long", "inflow (M)": 47.3}, {"rank": 5, "name": "DJI Short", "inflow (M)": 17.82}, {"rank": 6, "name": "1810 Long", "inflow (M)": 12.37}, {"rank": 7, "name": "1211 Short", "inflow (M)": 11.06}, {"rank": 8, "name": "2318 Long", "inflow (M)": 10.94}, {"rank": 9, "name": "1024 Long", "inflow (M)": 10.21}, {"rank": 10, "name": "3690 Short", "inflow (M)": 10.05}, {"rank": 11, "name": "1211 Long", "inflow (M)": 9.08}, {"rank": 12, "name": "9988 Long", "inflow (M)": 6.91}, {"rank": 13, "name": "9999 Short", "inflow (M)": 6.53}, {"rank": 14, "name": "0981 Long", "inflow (M)": 6.34}, {"rank": 15, "name": "HSTECH Long", "inflow (M)": 5.24}, {"rank": 16, "name": "0883 Long", "inflow (M)": 5.18}, {"rank": 17, "name": "0941 Short", "inflow (M)": 4.96}, {"rank": 18, "name": "1797 Long", "inflow (M)": 3.84}, {"rank": 19, "name": "NDX Short", "inflow (M)": 3.66}, {"rank": 20, "name": "2269 Long", "inflow (M)": 3.47}], "top20outflow_20d": [{"rank": 1, "name": "9988 Short", "outflow (M)": 16.36}, {"rank": 2, "name": "0700 Short", "outflow (M)": 12.55}, {"rank": 3, "name": "0823 Long", "outflow (M)": 6.9}, {"rank": 4, "name": "0388 Short", "outflow (M)": 6.88}, {"rank": 5, "name": "2318 Short", "outflow (M)": 3.32}, {"rank": 6, "name": "0005 Long", "outflow (M)": 2.96}, {"rank": 7, "name": "1810 Short", "outflow (M)": 2.19}, {"rank": 8, "name": "1299 Long", "outflow (M)": 1.81}, {"rank": 9, "name": "2269 Short", "outflow (M)": 1.27}, {"rank": 10, "name": "0902 Long", "outflow (M)": 1.24}, {"rank": 11, "name": "9868 Short", "outflow (M)": 1.22}, {"rank": 12, "name": "1024 Short", "outflow (M)": 1.11}, {"rank": 13, "name": "1928 Long", "outflow (M)": 0.91}, {"rank": 14, "name": "0857 Long", "outflow (M)": 0.84}, {"rank": 15, "name": "2331 Short", "outflow (M)": 0.84}, {"rank": 16, "name": "9888 Long", "outflow (M)": 0.74}, {"rank": 17, "name": "1171 Long", "outflow (M)": 0.69}, {"rank": 18, "name": "0017 Long", "outflow (M)": 0.66}, {"rank": 19, "name": "HSTECH Short", "outflow (M)": 0.65}, {"rank": 20, "name": "9618 Short", "outflow (M)": 0.59}], "stats": {"hsi long pos": "+197.93M", "hsi short pos:": "+129.66M", "stocks long pos": "+230.19M", "stocks short pos": "-0.89M"}}