{"top20inflow_20d": [{"rank": 1, "name": "HSI Long", "inflow (M)": 629.12}, {"rank": 2, "name": "0700 Long", "inflow (M)": 133.68}, {"rank": 3, "name": "3690 Long", "inflow (M)": 53.59}, {"rank": 4, "name": "1211 Short", "inflow (M)": 23.42}, {"rank": 5, "name": "1810 Long", "inflow (M)": 19.71}, {"rank": 6, "name": "0388 Long", "inflow (M)": 18.93}, {"rank": 7, "name": "9988 Long", "inflow (M)": 17.32}, {"rank": 8, "name": "1024 Long", "inflow (M)": 15.36}, {"rank": 9, "name": "1299 Long", "inflow (M)": 14.48}, {"rank": 10, "name": "HSTECH Long", "inflow (M)": 12.23}, {"rank": 11, "name": "2318 Long", "inflow (M)": 11.04}, {"rank": 12, "name": "DJI Short", "inflow (M)": 10.53}, {"rank": 13, "name": "9618 Long", "inflow (M)": 8.1}, {"rank": 14, "name": "JPYD Long", "inflow (M)": 7.64}, {"rank": 15, "name": "0005 Long", "inflow (M)": 6.83}, {"rank": 16, "name": "0981 Long", "inflow (M)": 6.54}, {"rank": 17, "name": "1211 Long", "inflow (M)": 6.17}, {"rank": 18, "name": "9888 Long", "inflow (M)": 5.68}, {"rank": 19, "name": "0941 Short", "inflow (M)": 5.56}, {"rank": 20, "name": "NDX Short", "inflow (M)": 5.37}], "top20outflow_20d": [{"rank": 1, "name": "HSI Short", "outflow (M)": 191.48}, {"rank": 2, "name": "0700 Short", "outflow (M)": 25.61}, {"rank": 3, "name": "9988 Short", "outflow (M)": 13.79}, {"rank": 4, "name": "1810 Short", "outflow (M)": 7.75}, {"rank": 5, "name": "0388 Short", "outflow (M)": 5.85}, {"rank": 6, "name": "0941 Long", "outflow (M)": 4.79}, {"rank": 7, "name": "9618 Short", "outflow (M)": 2.88}, {"rank": 8, "name": "0823 Long", "outflow (M)": 2.74}, {"rank": 9, "name": "1024 Short", "outflow (M)": 2.52}, {"rank": 10, "name": "9868 Short", "outflow (M)": 2.22}, {"rank": 11, "name": "2015 Short", "outflow (M)": 1.98}, {"rank": 12, "name": "2382 Short", "outflow (M)": 1.97}, {"rank": 13, "name": "2318 Short", "outflow (M)": 1.75}, {"rank": 14, "name": "0902 Long", "outflow (M)": 1.57}, {"rank": 15, "name": "HSTECH Short", "outflow (M)": 1.56}, {"rank": 16, "name": "3690 Short", "outflow (M)": 1.33}, {"rank": 17, "name": "2269 Short", "outflow (M)": 1.22}, {"rank": 18, "name": "1299 Short", "outflow (M)": 1.21}, {"rank": 19, "name": "2331 Short", "outflow (M)": 0.74}, {"rank": 20, "name": "1171 Long", "outflow (M)": 0.72}], "stats": {"hsi long pos": "+630.34M", "hsi short pos:": "-220.99M", "stocks long pos": "+371.17M", "stocks short pos": "-44.67M"}}