{"top20inflow_20d": [{"rank": 1, "name": "HSI Short", "inflow (M)": 113.99}, {"rank": 2, "name": "0700 Long", "inflow (M)": 86.03}, {"rank": 3, "name": "HSI Long", "inflow (M)": 64.47}, {"rank": 4, "name": "1299 Long", "inflow (M)": 50.04}, {"rank": 5, "name": "9988 Long", "inflow (M)": 48.32}, {"rank": 6, "name": "0941 Long", "inflow (M)": 23.36}, {"rank": 7, "name": "1810 Long", "inflow (M)": 19.46}, {"rank": 8, "name": "9888 Long", "inflow (M)": 18.82}, {"rank": 9, "name": "0388 Long", "inflow (M)": 18.43}, {"rank": 10, "name": "2318 Long", "inflow (M)": 14.87}, {"rank": 11, "name": "2269 Long", "inflow (M)": 13.86}, {"rank": 12, "name": "NDX Long", "inflow (M)": 13.21}, {"rank": 13, "name": "1211 Short", "inflow (M)": 12.12}, {"rank": 14, "name": "2015 Long", "inflow (M)": 8.04}, {"rank": 15, "name": "9618 Short", "inflow (M)": 6.44}, {"rank": 16, "name": "0027 Long", "inflow (M)": 6.4}, {"rank": 17, "name": "JPYD Long", "inflow (M)": 6.36}, {"rank": 18, "name": "9961 Long", "inflow (M)": 5.68}, {"rank": 19, "name": "0788 Long", "inflow (M)": 5.51}, {"rank": 20, "name": "1024 Long", "inflow (M)": 5.4}], "top20outflow_20d": [{"rank": 1, "name": "3690 Long", "outflow (M)": 44.49}, {"rank": 2, "name": "0700 Short", "outflow (M)": 14.47}, {"rank": 3, "name": "1211 Long", "outflow (M)": 8.81}, {"rank": 4, "name": "0005 Long", "outflow (M)": 7.13}, {"rank": 5, "name": "1299 Short", "outflow (M)": 6.5}, {"rank": 6, "name": "3968 Long", "outflow (M)": 6.2}, {"rank": 7, "name": "9988 Short", "outflow (M)": 5.71}, {"rank": 8, "name": "0388 Short", "outflow (M)": 5.35}, {"rank": 9, "name": "3968 Short", "outflow (M)": 5.16}, {"rank": 10, "name": "2269 Short", "outflow (M)": 5.07}, {"rank": 11, "name": "2840 Long", "outflow (M)": 3.69}, {"rank": 12, "name": "0992 Long", "outflow (M)": 3.13}, {"rank": 13, "name": "9961 Short", "outflow (M)": 2.86}, {"rank": 14, "name": "0027 Short", "outflow (M)": 2.85}, {"rank": 15, "name": "1109 Long", "outflow (M)": 2.8}, {"rank": 16, "name": "2318 Short", "outflow (M)": 2.65}, {"rank": 17, "name": "HSTECH Long", "outflow (M)": 1.91}, {"rank": 18, "name": "0939 Short", "outflow (M)": 1.78}, {"rank": 19, "name": "0941 Short", "outflow (M)": 1.36}, {"rank": 20, "name": "2380 Long", "outflow (M)": 1.33}], "stats": {"hsi long pos": "+70.43M", "hsi short pos:": "+107.29M", "stocks long pos": "+325.23M", "stocks short pos": "-22.81M"}}