{"top20inflow_20d": [{"rank": 1, "name": "HSI Short", "inflow (M)": 426.88}, {"rank": 2, "name": "2269 Long", "inflow (M)": 21.92}, {"rank": 3, "name": "0005 Long", "inflow (M)": 18.92}, {"rank": 4, "name": "1211 Long", "inflow (M)": 14.65}, {"rank": 5, "name": "3690 Short", "inflow (M)": 10.95}, {"rank": 6, "name": "0981 Long", "inflow (M)": 10.66}, {"rank": 7, "name": "2269 Short", "inflow (M)": 10.49}, {"rank": 8, "name": "9988 Long", "inflow (M)": 8.12}, {"rank": 9, "name": "9961 Short", "inflow (M)": 7.8}, {"rank": 10, "name": "0883 Long", "inflow (M)": 7.17}, {"rank": 11, "name": "DJI Short", "inflow (M)": 7.13}, {"rank": 12, "name": "1810 Long", "inflow (M)": 7.08}, {"rank": 13, "name": "0388 Short", "inflow (M)": 6.6}, {"rank": 14, "name": "3968 Short", "inflow (M)": 6.53}, {"rank": 15, "name": "3968 Long", "inflow (M)": 5.91}, {"rank": 16, "name": "0700 Long", "inflow (M)": 5.21}, {"rank": 17, "name": "0992 Long", "inflow (M)": 4.93}, {"rank": 18, "name": "NDX Short", "inflow (M)": 4.77}, {"rank": 19, "name": "0883 Short", "inflow (M)": 4.61}, {"rank": 20, "name": "2318 Long", "inflow (M)": 4.6}], "top20outflow_20d": [{"rank": 1, "name": "HSI Long", "outflow (M)": 207.2}, {"rank": 2, "name": "1211 Short", "outflow (M)": 42.47}, {"rank": 3, "name": "3690 Long", "outflow (M)": 8.18}, {"rank": 4, "name": "9961 Long", "outflow (M)": 3.49}, {"rank": 5, "name": "1299 Long", "outflow (M)": 2.83}, {"rank": 6, "name": "0788 Long", "outflow (M)": 2.65}, {"rank": 7, "name": "0992 Short", "outflow (M)": 2.61}, {"rank": 8, "name": "1928 Long", "outflow (M)": 2.35}, {"rank": 9, "name": "9988 Short", "outflow (M)": 2.1}, {"rank": 10, "name": "1398 Long", "outflow (M)": 1.92}, {"rank": 11, "name": "2822 Long", "outflow (M)": 1.47}, {"rank": 12, "name": "1109 Long", "outflow (M)": 1.35}, {"rank": 13, "name": "1171 Long", "outflow (M)": 1.19}, {"rank": 14, "name": "NDX Long", "outflow (M)": 1.14}, {"rank": 15, "name": "0941 Long", "outflow (M)": 1.13}, {"rank": 16, "name": "2899 Long", "outflow (M)": 1.08}, {"rank": 17, "name": "2800 Long", "outflow (M)": 1.07}, {"rank": 18, "name": "N225 Long", "outflow (M)": 1.05}, {"rank": 19, "name": "3988 Long", "outflow (M)": 0.71}, {"rank": 20, "name": "0939 Long", "outflow (M)": 0.58}], "stats": {"hsi long pos": "-207.20M", "hsi short pos:": "+426.88M", "stocks long pos": "+114.34M", "stocks short pos": "+31.65M"}}