{"top20inflow_10d": [{"rank": 1, "name": "HSI Long", "inflow (M)": 849.25}, {"rank": 2, "name": "3690 Long", "inflow (M)": 130.12}, {"rank": 3, "name": "0700 Long", "inflow (M)": 61.31}, {"rank": 4, "name": "0388 Long", "inflow (M)": 57.43}, {"rank": 5, "name": "1211 Long", "inflow (M)": 45.89}, {"rank": 6, "name": "9988 Long", "inflow (M)": 41.34}, {"rank": 7, "name": "1299 Long", "inflow (M)": 17.11}, {"rank": 8, "name": "2318 Long", "inflow (M)": 13.79}, {"rank": 9, "name": "2269 Long", "inflow (M)": 9.75}, {"rank": 10, "name": "DJI Short", "inflow (M)": 8.2}, {"rank": 11, "name": "HSTECH Long", "inflow (M)": 7.1}, {"rank": 12, "name": "1024 Long", "inflow (M)": 5.38}, {"rank": 13, "name": "0175 Long", "inflow (M)": 5.34}, {"rank": 14, "name": "9999 Short", "inflow (M)": 4.35}, {"rank": 15, "name": "3968 Long", "inflow (M)": 3.31}, {"rank": 16, "name": "2800 Long", "inflow (M)": 3.21}, {"rank": 17, "name": "0027 Long", "inflow (M)": 3.08}, {"rank": 18, "name": "0823 Long", "inflow (M)": 2.97}, {"rank": 19, "name": "0753 Long", "inflow (M)": 2.38}, {"rank": 20, "name": "9868 Long", "inflow (M)": 2.3}], "top20outflow_10d": [{"rank": 1, "name": "HSI Short", "outflow (M)": 272.06}, {"rank": 2, "name": "9988 Short", "outflow (M)": 49.44}, {"rank": 3, "name": "0700 Short", "outflow (M)": 18.67}, {"rank": 4, "name": "3690 Short", "outflow (M)": 14.87}, {"rank": 5, "name": "1211 Short", "outflow (M)": 12.55}, {"rank": 6, "name": "1810 Short", "outflow (M)": 8.25}, {"rank": 7, "name": "1810 Long", "outflow (M)": 7.26}, {"rank": 8, "name": "1299 Short", "outflow (M)": 5.36}, {"rank": 9, "name": "1024 Short", "outflow (M)": 2.73}, {"rank": 10, "name": "0883 Long", "outflow (M)": 2.65}, {"rank": 11, "name": "0388 Short", "outflow (M)": 2.51}, {"rank": 12, "name": "2382 Short", "outflow (M)": 2.23}, {"rank": 13, "name": "2015 Short", "outflow (M)": 1.95}, {"rank": 14, "name": "1171 Long", "outflow (M)": 1.78}, {"rank": 15, "name": "9888 Long", "outflow (M)": 1.76}, {"rank": 16, "name": "0981 Long", "outflow (M)": 1.48}, {"rank": 17, "name": "2318 Short", "outflow (M)": 1.4}, {"rank": 18, "name": "HSTECH Short", "outflow (M)": 1.39}, {"rank": 19, "name": "0902 Long", "outflow (M)": 1.03}, {"rank": 20, "name": "0981 Short", "outflow (M)": 1.01}], "stats": {"hsi long pos": "+849.25M", "hsi short pos:": "-272.06M", "stocks long pos": "+413.38M", "stocks short pos": "-118.18M"}}