{"top20inflow_1d": [{"rank": 1, "name": "HSI Short", "inflow (M)": 37.67}, {"rank": 2, "name": "0700 Long", "inflow (M)": 5.85}, {"rank": 3, "name": "0005 Long", "inflow (M)": 5.09}, {"rank": 4, "name": "9888 Long", "inflow (M)": 3.5}, {"rank": 5, "name": "0700 Short", "inflow (M)": 1.73}, {"rank": 6, "name": "9618 Long", "inflow (M)": 1.67}, {"rank": 7, "name": "0941 Long", "inflow (M)": 1.61}, {"rank": 8, "name": "0981 Long", "inflow (M)": 1.36}, {"rank": 9, "name": "1299 Long", "inflow (M)": 1.26}, {"rank": 10, "name": "1810 Long", "inflow (M)": 1.21}, {"rank": 11, "name": "DJI Short", "inflow (M)": 1.13}, {"rank": 12, "name": "0027 Long", "inflow (M)": 1.12}, {"rank": 13, "name": "1211 Long", "inflow (M)": 0.95}, {"rank": 14, "name": "2015 Short", "inflow (M)": 0.81}, {"rank": 15, "name": "3968 Short", "inflow (M)": 0.62}, {"rank": 16, "name": "SPX Short", "inflow (M)": 0.61}, {"rank": 17, "name": "HSTECH Long", "inflow (M)": 0.57}, {"rank": 18, "name": "0992 Long", "inflow (M)": 0.56}, {"rank": 19, "name": "0386 Long", "inflow (M)": 0.55}, {"rank": 20, "name": "0857 Short", "inflow (M)": 0.47}], "top20outflow_1d": [{"rank": 1, "name": "HSI Long", "outflow (M)": 17.57}, {"rank": 2, "name": "3690 Long", "outflow (M)": 5.47}, {"rank": 3, "name": "9961 Long", "outflow (M)": 4.8}, {"rank": 4, "name": "3968 Long", "outflow (M)": 4.5}, {"rank": 5, "name": "3690 Short", "outflow (M)": 4.42}, {"rank": 6, "name": "9988 Long", "outflow (M)": 4.21}, {"rank": 7, "name": "2318 Long", "outflow (M)": 3.34}, {"rank": 8, "name": "0388 Long", "outflow (M)": 2.27}, {"rank": 9, "name": "1109 Long", "outflow (M)": 2.19}, {"rank": 10, "name": "0857 Long", "outflow (M)": 1.49}, {"rank": 11, "name": "9999 Long", "outflow (M)": 1.07}, {"rank": 12, "name": "1024 Long", "outflow (M)": 0.77}, {"rank": 13, "name": "2899 Long", "outflow (M)": 0.7}, {"rank": 14, "name": "0939 Long", "outflow (M)": 0.68}, {"rank": 15, "name": "1299 Short", "outflow (M)": 0.49}, {"rank": 16, "name": "NDX Long", "outflow (M)": 0.49}, {"rank": 17, "name": "3988 Long", "outflow (M)": 0.44}, {"rank": 18, "name": "0941 Short", "outflow (M)": 0.43}, {"rank": 19, "name": "0005 Short", "outflow (M)": 0.37}, {"rank": 20, "name": "0823 Long", "outflow (M)": 0.35}], "stats": {"hsi long pos": "-17.57M", "hsi short pos:": "+37.67M", "stocks long pos": "-6.39M", "stocks short pos": "-1.10M"}}