{"top20inflow_5d": [{"rank": 1, "name": "HSI Long", "inflow (M)": 83.62}, {"rank": 2, "name": "1299 Long", "inflow (M)": 26.16}, {"rank": 3, "name": "0700 Long", "inflow (M)": 22.2}, {"rank": 4, "name": "0388 Long", "inflow (M)": 15.77}, {"rank": 5, "name": "3690 Short", "inflow (M)": 10.81}, {"rank": 6, "name": "9988 Long", "inflow (M)": 9.83}, {"rank": 7, "name": "2318 Long", "inflow (M)": 5.9}, {"rank": 8, "name": "9888 Long", "inflow (M)": 5.79}, {"rank": 9, "name": "2382 Long", "inflow (M)": 5.61}, {"rank": 10, "name": "2015 Long", "inflow (M)": 4.89}, {"rank": 11, "name": "1109 Long", "inflow (M)": 4.06}, {"rank": 12, "name": "0981 Long", "inflow (M)": 3.86}, {"rank": 13, "name": "0268 Long", "inflow (M)": 3.82}, {"rank": 14, "name": "1024 Long", "inflow (M)": 3.66}, {"rank": 15, "name": "1810 Long", "inflow (M)": 2.41}, {"rank": 16, "name": "SPX Short", "inflow (M)": 2.4}, {"rank": 17, "name": "0883 Short", "inflow (M)": 2.38}, {"rank": 18, "name": "9868 Long", "inflow (M)": 2.32}, {"rank": 19, "name": "DJI Short", "inflow (M)": 2.05}, {"rank": 20, "name": "HSTECH Long", "inflow (M)": 1.97}], "top20outflow_5d": [{"rank": 1, "name": "HSI Short", "outflow (M)": 23.63}, {"rank": 2, "name": "3690 Long", "outflow (M)": 6.12}, {"rank": 3, "name": "0005 Long", "outflow (M)": 5.93}, {"rank": 4, "name": "0883 Long", "outflow (M)": 5.82}, {"rank": 5, "name": "0388 Short", "outflow (M)": 3.95}, {"rank": 6, "name": "9618 Short", "outflow (M)": 3.7}, {"rank": 7, "name": "9618 Long", "outflow (M)": 2.99}, {"rank": 8, "name": "2015 Short", "outflow (M)": 2.54}, {"rank": 9, "name": "0700 Short", "outflow (M)": 2.5}, {"rank": 10, "name": "9999 Long", "outflow (M)": 2.45}, {"rank": 11, "name": "1211 Short", "outflow (M)": 2.0}, {"rank": 12, "name": "0763 Long", "outflow (M)": 1.85}, {"rank": 13, "name": "0386 Long", "outflow (M)": 1.28}, {"rank": 14, "name": "0941 Long", "outflow (M)": 0.87}, {"rank": 15, "name": "N225 Long", "outflow (M)": 0.85}, {"rank": 16, "name": "2269 Short", "outflow (M)": 0.83}, {"rank": 17, "name": "2600 Long", "outflow (M)": 0.75}, {"rank": 18, "name": "3968 Long", "outflow (M)": 0.73}, {"rank": 19, "name": "NDX Long", "outflow (M)": 0.69}, {"rank": 20, "name": "9698 Long", "outflow (M)": 0.62}], "stats": {"hsi long pos": "+11.30M", "hsi short pos:": "+20.41M", "stocks long pos": "+36.67M", "stocks short pos": "+35.44M"}}