{"top20inflow_1d": [{"rank": 1, "name": "HSI Long", "inflow (M)": 89.18}, {"rank": 2, "name": "0700 Long", "inflow (M)": 15.43}, {"rank": 3, "name": "3690 Long", "inflow (M)": 7.21}, {"rank": 4, "name": "9988 Long", "inflow (M)": 3.99}, {"rank": 5, "name": "0388 Long", "inflow (M)": 3.03}, {"rank": 6, "name": "1299 Long", "inflow (M)": 2.54}, {"rank": 7, "name": "1810 Long", "inflow (M)": 2.35}, {"rank": 8, "name": "1211 Long", "inflow (M)": 2.21}, {"rank": 9, "name": "0005 Long", "inflow (M)": 1.55}, {"rank": 10, "name": "2318 Long", "inflow (M)": 1.52}, {"rank": 11, "name": "9988 Short", "inflow (M)": 1.39}, {"rank": 12, "name": "9618 Long", "inflow (M)": 1.07}, {"rank": 13, "name": "9633 Long", "inflow (M)": 1.06}, {"rank": 14, "name": "2269 Long", "inflow (M)": 0.93}, {"rank": 15, "name": "0941 Long", "inflow (M)": 0.65}, {"rank": 16, "name": "3690 Short", "inflow (M)": 0.58}, {"rank": 17, "name": "JPYD Long", "inflow (M)": 0.57}, {"rank": 18, "name": "0788 Long", "inflow (M)": 0.49}, {"rank": 19, "name": "2800 Long", "inflow (M)": 0.47}, {"rank": 20, "name": "0688 Long", "inflow (M)": 0.42}], "top20outflow_1d": [{"rank": 1, "name": "HSI Short", "outflow (M)": 63.71}, {"rank": 2, "name": "2015 Short", "outflow (M)": 8.39}, {"rank": 3, "name": "0700 Short", "outflow (M)": 6.26}, {"rank": 4, "name": "0388 Short", "outflow (M)": 3.45}, {"rank": 5, "name": "1211 Short", "outflow (M)": 2.19}, {"rank": 6, "name": "HSTECH Short", "outflow (M)": 2.18}, {"rank": 7, "name": "1810 Short", "outflow (M)": 1.29}, {"rank": 8, "name": "1299 Short", "outflow (M)": 1.01}, {"rank": 9, "name": "DJI Short", "outflow (M)": 1.0}, {"rank": 10, "name": "3968 Short", "outflow (M)": 0.73}, {"rank": 11, "name": "9888 Short", "outflow (M)": 0.37}, {"rank": 12, "name": "9999 Short", "outflow (M)": 0.32}, {"rank": 13, "name": "1797 Long", "outflow (M)": 0.3}, {"rank": 14, "name": "AAPLO Short", "outflow (M)": 0.28}, {"rank": 15, "name": "2318 Short", "outflow (M)": 0.26}, {"rank": 16, "name": "2382 Long", "outflow (M)": 0.26}, {"rank": 17, "name": "9868 Short", "outflow (M)": 0.18}, {"rank": 18, "name": "0883 Short", "outflow (M)": 0.16}, {"rank": 19, "name": "1398 Long", "outflow (M)": 0.15}, {"rank": 20, "name": "2020 Short", "outflow (M)": 0.15}], "stats": {"hsi long pos": "+209.92M", "hsi short pos:": "-101.13M", "stocks long pos": "+73.86M", "stocks short pos": "-33.54M"}}