{"top20inflow_1d": [{"rank": 1, "name": "HSI Short", "inflow (M)": 38.2}, {"rank": 2, "name": "NDX Long", "inflow (M)": 2.4}, {"rank": 3, "name": "1299 Long", "inflow (M)": 2.18}, {"rank": 4, "name": "0388 Short", "inflow (M)": 1.37}, {"rank": 5, "name": "1211 Long", "inflow (M)": 1.32}, {"rank": 6, "name": "0941 Long", "inflow (M)": 1.1}, {"rank": 7, "name": "1810 Long", "inflow (M)": 1.06}, {"rank": 8, "name": "DJI Short", "inflow (M)": 1.04}, {"rank": 9, "name": "1810 Short", "inflow (M)": 1.01}, {"rank": 10, "name": "2382 Short", "inflow (M)": 0.68}, {"rank": 11, "name": "1024 Short", "inflow (M)": 0.63}, {"rank": 12, "name": "0772 Long", "inflow (M)": 0.56}, {"rank": 13, "name": "3690 Short", "inflow (M)": 0.5}, {"rank": 14, "name": "HSCE Long", "inflow (M)": 0.5}, {"rank": 15, "name": "0941 Short", "inflow (M)": 0.42}, {"rank": 16, "name": "2318 Long", "inflow (M)": 0.41}, {"rank": 17, "name": "9868 Short", "inflow (M)": 0.38}, {"rank": 18, "name": "2269 Long", "inflow (M)": 0.37}, {"rank": 19, "name": "2018 Short", "inflow (M)": 0.35}, {"rank": 20, "name": "2822 Long", "inflow (M)": 0.31}], "top20outflow_1d": [{"rank": 1, "name": "HSI Long", "outflow (M)": 36.48}, {"rank": 2, "name": "0700 Long", "outflow (M)": 11.06}, {"rank": 3, "name": "0388 Long", "outflow (M)": 3.51}, {"rank": 4, "name": "9988 Long", "outflow (M)": 2.29}, {"rank": 5, "name": "3690 Long", "outflow (M)": 2.28}, {"rank": 6, "name": "9999 Short", "outflow (M)": 1.51}, {"rank": 7, "name": "9618 Long", "outflow (M)": 1.13}, {"rank": 8, "name": "2018 Long", "outflow (M)": 0.91}, {"rank": 9, "name": "1024 Long", "outflow (M)": 0.83}, {"rank": 10, "name": "0005 Long", "outflow (M)": 0.69}, {"rank": 11, "name": "1211 Short", "outflow (M)": 0.58}, {"rank": 12, "name": "2015 Short", "outflow (M)": 0.57}, {"rank": 13, "name": "9999 Long", "outflow (M)": 0.54}, {"rank": 14, "name": "0823 Long", "outflow (M)": 0.53}, {"rank": 15, "name": "2020 Long", "outflow (M)": 0.46}, {"rank": 16, "name": "9988 Short", "outflow (M)": 0.36}, {"rank": 17, "name": "0027 Long", "outflow (M)": 0.33}, {"rank": 18, "name": "0017 Long", "outflow (M)": 0.3}, {"rank": 19, "name": "9618 Short", "outflow (M)": 0.26}, {"rank": 20, "name": "9888 Short", "outflow (M)": 0.22}], "stats": {"hsi long pos": "-36.48M", "hsi short pos:": "+38.20M", "stocks long pos": "-16.39M", "stocks short pos": "+2.07M"}}