{"top20inflow_5d": [{"rank": 1, "name": "HSI Short", "inflow (M)": 216.84}, {"rank": 2, "name": "0700 Short", "inflow (M)": 16.24}, {"rank": 3, "name": "NDX Long", "inflow (M)": 13.85}, {"rank": 4, "name": "1211 Short", "inflow (M)": 9.23}, {"rank": 5, "name": "9618 Short", "inflow (M)": 8.56}, {"rank": 6, "name": "0941 Long", "inflow (M)": 7.4}, {"rank": 7, "name": "9988 Long", "inflow (M)": 6.45}, {"rank": 8, "name": "0883 Long", "inflow (M)": 6.37}, {"rank": 9, "name": "0388 Short", "inflow (M)": 5.67}, {"rank": 10, "name": "1810 Long", "inflow (M)": 5.14}, {"rank": 11, "name": "2269 Long", "inflow (M)": 4.85}, {"rank": 12, "name": "SPX Long", "inflow (M)": 3.47}, {"rank": 13, "name": "1810 Short", "inflow (M)": 3.42}, {"rank": 14, "name": "3690 Short", "inflow (M)": 3.41}, {"rank": 15, "name": "0823 Long", "inflow (M)": 2.34}, {"rank": 16, "name": "2015 Long", "inflow (M)": 1.87}, {"rank": 17, "name": "2318 Short", "inflow (M)": 1.86}, {"rank": 18, "name": "NDX Short", "inflow (M)": 1.84}, {"rank": 19, "name": "0788 Long", "inflow (M)": 1.63}, {"rank": 20, "name": "9999 Long", "inflow (M)": 1.62}], "top20outflow_5d": [{"rank": 1, "name": "HSI Long", "outflow (M)": 208.52}, {"rank": 2, "name": "3690 Long", "outflow (M)": 43.74}, {"rank": 3, "name": "0700 Long", "outflow (M)": 38.98}, {"rank": 4, "name": "1299 Long", "outflow (M)": 12.7}, {"rank": 5, "name": "1211 Long", "outflow (M)": 8.32}, {"rank": 6, "name": "0388 Long", "outflow (M)": 5.97}, {"rank": 7, "name": "2318 Long", "outflow (M)": 5.96}, {"rank": 8, "name": "3968 Long", "outflow (M)": 3.03}, {"rank": 9, "name": "1109 Long", "outflow (M)": 2.37}, {"rank": 10, "name": "2020 Long", "outflow (M)": 1.9}, {"rank": 11, "name": "HSTECH Long", "outflow (M)": 1.77}, {"rank": 12, "name": "1024 Long", "outflow (M)": 1.67}, {"rank": 13, "name": "3988 Long", "outflow (M)": 1.57}, {"rank": 14, "name": "2015 Short", "outflow (M)": 1.23}, {"rank": 15, "name": "9626 Long", "outflow (M)": 1.23}, {"rank": 16, "name": "0857 Long", "outflow (M)": 1.14}, {"rank": 17, "name": "2331 Long", "outflow (M)": 1.1}, {"rank": 18, "name": "2822 Long", "outflow (M)": 1.03}, {"rank": 19, "name": "2840 Long", "outflow (M)": 1.01}, {"rank": 20, "name": "2628 Long", "outflow (M)": 0.96}], "stats": {"hsi long pos": "-214.39M", "hsi short pos:": "+230.62M", "stocks long pos": "-103.17M", "stocks short pos": "+60.95M"}}