{"top20inflow_20d": [{"rank": 1, "name": "HSI Long", "inflow (M)": 739.25}, {"rank": 2, "name": "3690 Long", "inflow (M)": 64.01}, {"rank": 3, "name": "0700 Long", "inflow (M)": 52.45}, {"rank": 4, "name": "9988 Long", "inflow (M)": 36.83}, {"rank": 5, "name": "1211 Short", "inflow (M)": 26.94}, {"rank": 6, "name": "1810 Long", "inflow (M)": 22.11}, {"rank": 7, "name": "0388 Long", "inflow (M)": 18.31}, {"rank": 8, "name": "1299 Long", "inflow (M)": 11.52}, {"rank": 9, "name": "2318 Long", "inflow (M)": 11.47}, {"rank": 10, "name": "DJI Short", "inflow (M)": 10.53}, {"rank": 11, "name": "9618 Long", "inflow (M)": 9.3}, {"rank": 12, "name": "0005 Long", "inflow (M)": 7.88}, {"rank": 13, "name": "1024 Long", "inflow (M)": 7.6}, {"rank": 14, "name": "HSTECH Long", "inflow (M)": 6.2}, {"rank": 15, "name": "3690 Short", "inflow (M)": 5.51}, {"rank": 16, "name": "9868 Long", "inflow (M)": 5.49}, {"rank": 17, "name": "1211 Long", "inflow (M)": 5.42}, {"rank": 18, "name": "0981 Long", "inflow (M)": 5.11}, {"rank": 19, "name": "NDX Short", "inflow (M)": 5.09}, {"rank": 20, "name": "9888 Long", "inflow (M)": 4.68}], "top20outflow_20d": [{"rank": 1, "name": "HSI Short", "outflow (M)": 238.98}, {"rank": 2, "name": "0700 Short", "outflow (M)": 73.23}, {"rank": 3, "name": "9999 Short", "outflow (M)": 19.27}, {"rank": 4, "name": "0388 Short", "outflow (M)": 8.35}, {"rank": 5, "name": "1810 Short", "outflow (M)": 6.95}, {"rank": 6, "name": "1024 Short", "outflow (M)": 6.08}, {"rank": 7, "name": "9618 Short", "outflow (M)": 4.46}, {"rank": 8, "name": "9999 Long", "outflow (M)": 3.95}, {"rank": 9, "name": "9988 Short", "outflow (M)": 3.75}, {"rank": 10, "name": "9868 Short", "outflow (M)": 2.55}, {"rank": 11, "name": "0941 Long", "outflow (M)": 2.04}, {"rank": 12, "name": "2382 Short", "outflow (M)": 1.85}, {"rank": 13, "name": "0902 Long", "outflow (M)": 1.52}, {"rank": 14, "name": "0981 Short", "outflow (M)": 1.47}, {"rank": 15, "name": "2269 Short", "outflow (M)": 1.46}, {"rank": 16, "name": "1797 Short", "outflow (M)": 1.23}, {"rank": 17, "name": "9888 Short", "outflow (M)": 1.22}, {"rank": 18, "name": "2318 Short", "outflow (M)": 0.92}, {"rank": 19, "name": "0823 Long", "outflow (M)": 0.7}, {"rank": 20, "name": "2018 Short", "outflow (M)": 0.63}], "stats": {"hsi long pos": "+683.94M", "hsi short pos:": "-173.26M", "stocks long pos": "+303.03M", "stocks short pos": "-88.64M"}}