{"top20inflow_1d": [{"rank": 1, "name": "HSI Long", "inflow (M)": 94.8}, {"rank": 2, "name": "0700 Long", "inflow (M)": 12.14}, {"rank": 3, "name": "3690 Long", "inflow (M)": 8.5}, {"rank": 4, "name": "9988 Short", "inflow (M)": 6.25}, {"rank": 5, "name": "9988 Long", "inflow (M)": 3.91}, {"rank": 6, "name": "1818 Long", "inflow (M)": 2.49}, {"rank": 7, "name": "3690 Short", "inflow (M)": 2.41}, {"rank": 8, "name": "0388 Long", "inflow (M)": 2.02}, {"rank": 9, "name": "0941 Long", "inflow (M)": 1.8}, {"rank": 10, "name": "1810 Long", "inflow (M)": 1.6}, {"rank": 11, "name": "9999 Short", "inflow (M)": 1.11}, {"rank": 12, "name": "9868 Long", "inflow (M)": 1.09}, {"rank": 13, "name": "0005 Short", "inflow (M)": 0.98}, {"rank": 14, "name": "0992 Long", "inflow (M)": 0.77}, {"rank": 15, "name": "0388 Short", "inflow (M)": 0.66}, {"rank": 16, "name": "1299 Long", "inflow (M)": 0.65}, {"rank": 17, "name": "0823 Long", "inflow (M)": 0.59}, {"rank": 18, "name": "0027 Long", "inflow (M)": 0.48}, {"rank": 19, "name": "2269 Long", "inflow (M)": 0.47}, {"rank": 20, "name": "JPYD Long", "inflow (M)": 0.44}], "top20outflow_1d": [{"rank": 1, "name": "HSI Short", "outflow (M)": 58.0}, {"rank": 2, "name": "0700 Short", "outflow (M)": 11.65}, {"rank": 3, "name": "1211 Short", "outflow (M)": 2.61}, {"rank": 4, "name": "0941 Short", "outflow (M)": 1.09}, {"rank": 5, "name": "9888 Short", "outflow (M)": 1.08}, {"rank": 6, "name": "0981 Short", "outflow (M)": 0.97}, {"rank": 7, "name": "N225 Long", "outflow (M)": 0.73}, {"rank": 8, "name": "0857 Short", "outflow (M)": 0.69}, {"rank": 9, "name": "0005 Long", "outflow (M)": 0.59}, {"rank": 10, "name": "1024 Long", "outflow (M)": 0.5}, {"rank": 11, "name": "1299 Short", "outflow (M)": 0.48}, {"rank": 12, "name": "DJI Short", "outflow (M)": 0.45}, {"rank": 13, "name": "1024 Short", "outflow (M)": 0.43}, {"rank": 14, "name": "2018 Short", "outflow (M)": 0.38}, {"rank": 15, "name": "9868 Short", "outflow (M)": 0.21}, {"rank": 16, "name": "2840 Long", "outflow (M)": 0.2}, {"rank": 17, "name": "3988 Short", "outflow (M)": 0.19}, {"rank": 18, "name": "9698 Long", "outflow (M)": 0.18}, {"rank": 19, "name": "0883 Long", "outflow (M)": 0.16}, {"rank": 20, "name": "1177 Long", "outflow (M)": 0.15}], "stats": {"hsi long pos": "+150.57M", "hsi short pos:": "-74.42M", "stocks long pos": "+41.71M", "stocks short pos": "-7.31M"}}