{"top20inflow_1d": [{"rank": 1, "name": "HSI Long", "inflow (M)": 9.07}, {"rank": 2, "name": "9988 Long", "inflow (M)": 4.31}, {"rank": 3, "name": "0700 Long", "inflow (M)": 4.09}, {"rank": 4, "name": "9618 Long", "inflow (M)": 2.1}, {"rank": 5, "name": "0388 Short", "inflow (M)": 1.97}, {"rank": 6, "name": "3690 Short", "inflow (M)": 1.86}, {"rank": 7, "name": "HSI Short", "inflow (M)": 1.13}, {"rank": 8, "name": "0941 Long", "inflow (M)": 1.07}, {"rank": 9, "name": "0175 Long", "inflow (M)": 0.79}, {"rank": 10, "name": "0700 Short", "inflow (M)": 0.74}, {"rank": 11, "name": "0981 Long", "inflow (M)": 0.71}, {"rank": 12, "name": "0293 Long", "inflow (M)": 0.65}, {"rank": 13, "name": "6969 Long", "inflow (M)": 0.64}, {"rank": 14, "name": "0788 Long", "inflow (M)": 0.64}, {"rank": 15, "name": "1357 Long", "inflow (M)": 0.61}, {"rank": 16, "name": "1299 Short", "inflow (M)": 0.6}, {"rank": 17, "name": "2015 Short", "inflow (M)": 0.59}, {"rank": 18, "name": "0354 Long", "inflow (M)": 0.58}, {"rank": 19, "name": "0386 Long", "inflow (M)": 0.57}, {"rank": 20, "name": "2331 Long", "inflow (M)": 0.48}], "top20outflow_1d": [{"rank": 1, "name": "0388 Long", "outflow (M)": 7.43}, {"rank": 2, "name": "2015 Long", "outflow (M)": 3.52}, {"rank": 3, "name": "9888 Long", "outflow (M)": 2.24}, {"rank": 4, "name": "0005 Long", "outflow (M)": 2.2}, {"rank": 5, "name": "3690 Long", "outflow (M)": 1.67}, {"rank": 6, "name": "1211 Long", "outflow (M)": 0.94}, {"rank": 7, "name": "1299 Long", "outflow (M)": 0.59}, {"rank": 8, "name": "2333 Long", "outflow (M)": 0.55}, {"rank": 9, "name": "0992 Long", "outflow (M)": 0.48}, {"rank": 10, "name": "NDX Short", "outflow (M)": 0.41}, {"rank": 11, "name": "9868 Short", "outflow (M)": 0.4}, {"rank": 12, "name": "0019 Long", "outflow (M)": 0.33}, {"rank": 13, "name": "DJI Short", "outflow (M)": 0.33}, {"rank": 14, "name": "2020 Long", "outflow (M)": 0.25}, {"rank": 15, "name": "9626 Long", "outflow (M)": 0.22}, {"rank": 16, "name": "0968 Long", "outflow (M)": 0.2}, {"rank": 17, "name": "1288 Long", "outflow (M)": 0.18}, {"rank": 18, "name": "0700 Long", "outflow (M)": 0.18}, {"rank": 19, "name": "2388 Long", "outflow (M)": 0.16}, {"rank": 20, "name": "1797 Long", "outflow (M)": 0.15}], "stats": {"hsi long pos": "-0.72M", "hsi short pos:": "+20.18M", "stocks long pos": "-9.73M", "stocks short pos": "+14.83M"}}