{"top20inflow_1d": [{"rank": 1, "name": "HSI Long", "inflow (M)": 84.01}, {"rank": 2, "name": "0700 Long", "inflow (M)": 14.75}, {"rank": 3, "name": "1211 Long", "inflow (M)": 10.93}, {"rank": 4, "name": "1299 Long", "inflow (M)": 8.82}, {"rank": 5, "name": "0700 Short", "inflow (M)": 7.09}, {"rank": 6, "name": "9988 Long", "inflow (M)": 6.69}, {"rank": 7, "name": "1810 Long", "inflow (M)": 4.54}, {"rank": 8, "name": "0388 Long", "inflow (M)": 2.89}, {"rank": 9, "name": "0941 Long", "inflow (M)": 2.86}, {"rank": 10, "name": "0883 Long", "inflow (M)": 2.73}, {"rank": 11, "name": "9888 Long", "inflow (M)": 1.89}, {"rank": 12, "name": "0916 Long", "inflow (M)": 1.35}, {"rank": 13, "name": "9698 Long", "inflow (M)": 1.31}, {"rank": 14, "name": "2883 Long", "inflow (M)": 1.12}, {"rank": 15, "name": "3690 Long", "inflow (M)": 1.1}, {"rank": 16, "name": "2382 Long", "inflow (M)": 0.86}, {"rank": 17, "name": "9618 Short", "inflow (M)": 0.8}, {"rank": 18, "name": "9868 Long", "inflow (M)": 0.76}, {"rank": 19, "name": "JPY Long", "inflow (M)": 0.75}, {"rank": 20, "name": "0386 Long", "inflow (M)": 0.72}], "top20outflow_1d": [{"rank": 1, "name": "HSI Short", "outflow (M)": 83.58}, {"rank": 2, "name": "1211 Short", "outflow (M)": 2.71}, {"rank": 3, "name": "2899 Long", "outflow (M)": 1.74}, {"rank": 4, "name": "0981 Short", "outflow (M)": 1.61}, {"rank": 5, "name": "3690 Short", "outflow (M)": 1.16}, {"rank": 6, "name": "0883 Short", "outflow (M)": 1.07}, {"rank": 7, "name": "2269 Short", "outflow (M)": 0.87}, {"rank": 8, "name": "9988 Short", "outflow (M)": 0.73}, {"rank": 9, "name": "JPYD= Long", "outflow (M)": 0.66}, {"rank": 10, "name": "9868 Short", "outflow (M)": 0.55}, {"rank": 11, "name": "0388 Short", "outflow (M)": 0.53}, {"rank": 12, "name": "0688 Long", "outflow (M)": 0.52}, {"rank": 13, "name": "0857 Short", "outflow (M)": 0.31}, {"rank": 14, "name": "3968 Short", "outflow (M)": 0.27}, {"rank": 15, "name": "0823 Long", "outflow (M)": 0.26}, {"rank": 16, "name": "3968 Long", "outflow (M)": 0.26}, {"rank": 17, "name": "2018 Long", "outflow (M)": 0.26}, {"rank": 18, "name": "2015 Short", "outflow (M)": 0.25}, {"rank": 19, "name": "2318 Short", "outflow (M)": 0.24}, {"rank": 20, "name": "1818 Long", "outflow (M)": 0.22}], "stats": {"hsi long pos": "-70.96M", "hsi short pos:": "+42.95M", "stocks long pos": "-6.76M", "stocks short pos": "+13.58M"}}