{"top20inflow_5d": [{"rank": 1, "name": "HSI Long", "inflow (M)": 531.21}, {"rank": 2, "name": "3690 Long", "inflow (M)": 107.7}, {"rank": 3, "name": "1211 Long", "inflow (M)": 38.78}, {"rank": 4, "name": "0700 Long", "inflow (M)": 25.65}, {"rank": 5, "name": "9988 Long", "inflow (M)": 23.55}, {"rank": 6, "name": "0388 Long", "inflow (M)": 21.72}, {"rank": 7, "name": "2318 Long", "inflow (M)": 9.0}, {"rank": 8, "name": "1299 Long", "inflow (M)": 8.32}, {"rank": 9, "name": "2269 Long", "inflow (M)": 4.17}, {"rank": 10, "name": "0981 Long", "inflow (M)": 3.96}, {"rank": 11, "name": "1024 Long", "inflow (M)": 3.82}, {"rank": 12, "name": "0175 Long", "inflow (M)": 3.48}, {"rank": 13, "name": "HSTECH Long", "inflow (M)": 3.33}, {"rank": 14, "name": "2800 Long", "inflow (M)": 2.48}, {"rank": 15, "name": "DJI Short", "inflow (M)": 2.33}, {"rank": 16, "name": "0027 Long", "inflow (M)": 2.15}, {"rank": 17, "name": "0939 Long", "inflow (M)": 1.98}, {"rank": 18, "name": "9868 Long", "inflow (M)": 1.81}, {"rank": 19, "name": "0005 Long", "inflow (M)": 1.57}, {"rank": 20, "name": "3968 Long", "inflow (M)": 1.52}], "top20outflow_5d": [{"rank": 1, "name": "HSI Short", "outflow (M)": 175.58}, {"rank": 2, "name": "9988 Short", "outflow (M)": 27.52}, {"rank": 3, "name": "0700 Short", "outflow (M)": 10.34}, {"rank": 4, "name": "3690 Short", "outflow (M)": 10.09}, {"rank": 5, "name": "1211 Short", "outflow (M)": 5.54}, {"rank": 6, "name": "0388 Short", "outflow (M)": 4.18}, {"rank": 7, "name": "1810 Short", "outflow (M)": 2.19}, {"rank": 8, "name": "1024 Short", "outflow (M)": 1.67}, {"rank": 9, "name": "1171 Long", "outflow (M)": 1.55}, {"rank": 10, "name": "HSTECH Short", "outflow (M)": 1.11}, {"rank": 11, "name": "1801 Long", "outflow (M)": 1.08}, {"rank": 12, "name": "2018 Long", "outflow (M)": 1.01}, {"rank": 13, "name": "2015 Short", "outflow (M)": 0.99}, {"rank": 14, "name": "0883 Long", "outflow (M)": 0.87}, {"rank": 15, "name": "2318 Short", "outflow (M)": 0.74}, {"rank": 16, "name": "2020 Long", "outflow (M)": 0.65}, {"rank": 17, "name": "0902 Long", "outflow (M)": 0.65}, {"rank": 18, "name": "1797 Long", "outflow (M)": 0.63}, {"rank": 19, "name": "0005 Short", "outflow (M)": 0.56}, {"rank": 20, "name": "3988 Short", "outflow (M)": 0.46}], "stats": {"hsi long pos": "+531.21M", "hsi short pos:": "-175.58M", "stocks long pos": "+273.96M", "stocks short pos": "-64.07M"}}