{"top20inflow_10d": [{"rank": 1, "name": "HSI Long", "inflow (M)": 530.08}, {"rank": 2, "name": "0700 Long", "inflow (M)": 40.08}, {"rank": 3, "name": "9988 Long", "inflow (M)": 27.62}, {"rank": 4, "name": "3690 Long", "inflow (M)": 19.38}, {"rank": 5, "name": "9988 Short", "inflow (M)": 15.47}, {"rank": 6, "name": "0388 Long", "inflow (M)": 15.32}, {"rank": 7, "name": "0883 Long", "inflow (M)": 7.78}, {"rank": 8, "name": "0005 Long", "inflow (M)": 7.77}, {"rank": 9, "name": "2318 Long", "inflow (M)": 6.42}, {"rank": 10, "name": "9618 Long", "inflow (M)": 6.1}, {"rank": 11, "name": "1211 Short", "inflow (M)": 5.91}, {"rank": 12, "name": "HSTECH Long", "inflow (M)": 5.61}, {"rank": 13, "name": "0981 Long", "inflow (M)": 5.11}, {"rank": 14, "name": "3968 Long", "inflow (M)": 5.09}, {"rank": 15, "name": "NDX Short", "inflow (M)": 4.39}, {"rank": 16, "name": "9888 Long", "inflow (M)": 4.3}, {"rank": 17, "name": "1810 Long", "inflow (M)": 4.2}, {"rank": 18, "name": "1211 Long", "inflow (M)": 4.02}, {"rank": 19, "name": "2269 Long", "inflow (M)": 3.24}, {"rank": 20, "name": "9868 Long", "inflow (M)": 3.16}], "top20outflow_10d": [{"rank": 1, "name": "HSI Short", "outflow (M)": 251.67}, {"rank": 2, "name": "0700 Short", "outflow (M)": 30.71}, {"rank": 3, "name": "0388 Short", "outflow (M)": 12.48}, {"rank": 4, "name": "1810 Short", "outflow (M)": 3.08}, {"rank": 5, "name": "2382 Long", "outflow (M)": 2.07}, {"rank": 6, "name": "3988 Short", "outflow (M)": 2.0}, {"rank": 7, "name": "0981 Short", "outflow (M)": 1.51}, {"rank": 8, "name": "9868 Short", "outflow (M)": 1.19}, {"rank": 9, "name": "DJI Short", "outflow (M)": 1.14}, {"rank": 10, "name": "1024 Short", "outflow (M)": 1.09}, {"rank": 11, "name": "9618 Short", "outflow (M)": 1.08}, {"rank": 12, "name": "2269 Short", "outflow (M)": 0.96}, {"rank": 13, "name": "3690 Short", "outflow (M)": 0.84}, {"rank": 14, "name": "9888 Short", "outflow (M)": 0.77}, {"rank": 15, "name": "HSTECH Short", "outflow (M)": 0.67}, {"rank": 16, "name": "NDX Long", "outflow (M)": 0.6}, {"rank": 17, "name": "2382 Short", "outflow (M)": 0.54}, {"rank": 18, "name": "0762 Long", "outflow (M)": 0.34}, {"rank": 19, "name": "2015 Short", "outflow (M)": 0.29}, {"rank": 20, "name": "0902 Long", "outflow (M)": 0.29}], "stats": {"hsi long pos": "+404.15M", "hsi short pos:": "-163.60M", "stocks long pos": "+192.21M", "stocks short pos": "-15.74M"}}