{"top20inflow_1d": [{"rank": 1, "name": "HSI Long", "inflow (M)": 19.39}, {"rank": 2, "name": "0700 Long", "inflow (M)": 12.65}, {"rank": 3, "name": "9988 Long", "inflow (M)": 7.17}, {"rank": 4, "name": "1810 Long", "inflow (M)": 2.45}, {"rank": 5, "name": "0388 Short", "inflow (M)": 1.27}, {"rank": 6, "name": "DJI Short", "inflow (M)": 1.09}, {"rank": 7, "name": "9868 Short", "inflow (M)": 0.89}, {"rank": 8, "name": "9868 Long", "inflow (M)": 0.8}, {"rank": 9, "name": "HSTECH Long", "inflow (M)": 0.77}, {"rank": 10, "name": "JPYD Long", "inflow (M)": 0.7}, {"rank": 11, "name": "1211 Long", "inflow (M)": 0.7}, {"rank": 12, "name": "0941 Short", "inflow (M)": 0.68}, {"rank": 13, "name": "2382 Short", "inflow (M)": 0.54}, {"rank": 14, "name": "0388 Long", "inflow (M)": 0.42}, {"rank": 15, "name": "2015 Short", "inflow (M)": 0.39}, {"rank": 16, "name": "0291 Long", "inflow (M)": 0.38}, {"rank": 17, "name": "9866 Long", "inflow (M)": 0.34}, {"rank": 18, "name": "0883 Short", "inflow (M)": 0.31}, {"rank": 19, "name": "2269 Long", "inflow (M)": 0.29}, {"rank": 20, "name": "2331 Long", "inflow (M)": 0.23}], "top20outflow_1d": [{"rank": 1, "name": "0700 Short", "outflow (M)": 7.68}, {"rank": 2, "name": "0941 Long", "outflow (M)": 1.93}, {"rank": 3, "name": "3690 Short", "outflow (M)": 1.35}, {"rank": 4, "name": "9988 Short", "outflow (M)": 0.9}, {"rank": 5, "name": "1299 Long", "outflow (M)": 0.78}, {"rank": 6, "name": "1211 Short", "outflow (M)": 0.69}, {"rank": 7, "name": "2018 Long", "outflow (M)": 0.66}, {"rank": 8, "name": "HSI Short", "outflow (M)": 0.66}, {"rank": 9, "name": "2319 Long", "outflow (M)": 0.6}, {"rank": 10, "name": "NDX Short", "outflow (M)": 0.6}, {"rank": 11, "name": "9961 Long", "outflow (M)": 0.55}, {"rank": 12, "name": "JPYD= Short", "outflow (M)": 0.54}, {"rank": 13, "name": "1797 Long", "outflow (M)": 0.43}, {"rank": 14, "name": "1128 Long", "outflow (M)": 0.41}, {"rank": 15, "name": "1171 Long", "outflow (M)": 0.37}, {"rank": 16, "name": "0316 Long", "outflow (M)": 0.31}, {"rank": 17, "name": "1810 Short", "outflow (M)": 0.31}, {"rank": 18, "name": "0883 Long", "outflow (M)": 0.25}, {"rank": 19, "name": "9866 Short", "outflow (M)": 0.22}, {"rank": 20, "name": "1919 Long", "outflow (M)": 0.18}], "stats": {"hsi long pos": "+27.66M", "hsi short pos:": "-1.79M", "stocks long pos": "+23.12M", "stocks short pos": "-6.35M"}}