{"top20inflow_5d": [{"rank": 1, "name": "9988 Long", "inflow (M)": 86.16}, {"rank": 2, "name": "9988 Short", "inflow (M)": 76.03}, {"rank": 3, "name": "HSI Short", "inflow (M)": 48.56}, {"rank": 4, "name": "0700 Short", "inflow (M)": 29.39}, {"rank": 5, "name": "1810 Long", "inflow (M)": 11.2}, {"rank": 6, "name": "3690 Long", "inflow (M)": 10.84}, {"rank": 7, "name": "DJI Short", "inflow (M)": 4.33}, {"rank": 8, "name": "3690 Short", "inflow (M)": 4.08}, {"rank": 9, "name": "9618 Short", "inflow (M)": 3.36}, {"rank": 10, "name": "1801 Long", "inflow (M)": 2.02}, {"rank": 11, "name": "1171 Long", "inflow (M)": 1.91}, {"rank": 12, "name": "1299 Short", "inflow (M)": 1.84}, {"rank": 13, "name": "2013 Long", "inflow (M)": 1.48}, {"rank": 14, "name": "NDX Short", "inflow (M)": 1.46}, {"rank": 15, "name": "0005 Short", "inflow (M)": 1.37}, {"rank": 16, "name": "9888 Long", "inflow (M)": 1.28}, {"rank": 17, "name": "3800 Long", "inflow (M)": 1.25}, {"rank": 18, "name": "2331 Long", "inflow (M)": 1.23}, {"rank": 19, "name": "2020 Long", "inflow (M)": 1.18}, {"rank": 20, "name": "1024 Short", "inflow (M)": 1.17}], "top20outflow_5d": [{"rank": 1, "name": "HSI Long", "outflow (M)": 54.46}, {"rank": 2, "name": "0700 Long", "outflow (M)": 18.14}, {"rank": 3, "name": "0005 Long", "outflow (M)": 4.65}, {"rank": 4, "name": "0941 Long", "outflow (M)": 4.24}, {"rank": 5, "name": "9618 Long", "outflow (M)": 3.61}, {"rank": 6, "name": "1299 Long", "outflow (M)": 3.61}, {"rank": 7, "name": "0823 Long", "outflow (M)": 3.1}, {"rank": 8, "name": "2318 Long", "outflow (M)": 3.06}, {"rank": 9, "name": "0857 Long", "outflow (M)": 2.71}, {"rank": 10, "name": "1211 Short", "outflow (M)": 2.41}, {"rank": 11, "name": "HSTECH Long", "outflow (M)": 1.5}, {"rank": 12, "name": "0388 Long", "outflow (M)": 1.5}, {"rank": 13, "name": "0027 Long", "outflow (M)": 1.48}, {"rank": 14, "name": "0981 Short", "outflow (M)": 1.24}, {"rank": 15, "name": "6862 Long", "outflow (M)": 1.17}, {"rank": 16, "name": "EUR= Short", "outflow (M)": 1.14}, {"rank": 17, "name": "0939 Long", "outflow (M)": 1.09}, {"rank": 18, "name": "9992 Long", "outflow (M)": 1.06}, {"rank": 19, "name": "9999 Long", "outflow (M)": 1.02}, {"rank": 20, "name": "2269 Short", "outflow (M)": 1.0}], "stats": {"hsi long pos": "-54.46M", "hsi short pos:": "+48.56M", "stocks long pos": "+73.12M", "stocks short pos": "+115.37M"}}