{"top20inflow_20d": [{"rank": 1, "name": "HSI Long", "inflow (M)": 136.23}, {"rank": 2, "name": "0700 Long", "inflow (M)": 72.98}, {"rank": 3, "name": "9988 Long", "inflow (M)": 62.09}, {"rank": 4, "name": "1299 Long", "inflow (M)": 57.05}, {"rank": 5, "name": "HSI Short", "inflow (M)": 46.29}, {"rank": 6, "name": "0388 Long", "inflow (M)": 33.24}, {"rank": 7, "name": "3690 Short", "inflow (M)": 27.76}, {"rank": 8, "name": "2318 Long", "inflow (M)": 19.35}, {"rank": 9, "name": "9888 Long", "inflow (M)": 18.19}, {"rank": 10, "name": "0941 Long", "inflow (M)": 17.22}, {"rank": 11, "name": "2269 Long", "inflow (M)": 15.65}, {"rank": 12, "name": "1810 Long", "inflow (M)": 14.37}, {"rank": 13, "name": "NDX Long", "inflow (M)": 13.43}, {"rank": 14, "name": "1211 Short", "inflow (M)": 11.84}, {"rank": 15, "name": "2015 Long", "inflow (M)": 10.06}, {"rank": 16, "name": "JPYD Long", "inflow (M)": 8.64}, {"rank": 17, "name": "1024 Long", "inflow (M)": 8.05}, {"rank": 18, "name": "9618 Short", "inflow (M)": 6.94}, {"rank": 19, "name": "2382 Long", "inflow (M)": 6.11}, {"rank": 20, "name": "0005 Short", "inflow (M)": 5.87}], "top20outflow_20d": [{"rank": 1, "name": "3690 Long", "outflow (M)": 52.28}, {"rank": 2, "name": "0005 Long", "outflow (M)": 25.34}, {"rank": 3, "name": "1211 Long", "outflow (M)": 10.63}, {"rank": 4, "name": "9988 Short", "outflow (M)": 5.38}, {"rank": 5, "name": "3968 Short", "outflow (M)": 5.34}, {"rank": 6, "name": "0388 Short", "outflow (M)": 4.95}, {"rank": 7, "name": "9961 Short", "outflow (M)": 4.56}, {"rank": 8, "name": "2015 Short", "outflow (M)": 4.22}, {"rank": 9, "name": "9618 Long", "outflow (M)": 4.12}, {"rank": 10, "name": "2840 Long", "outflow (M)": 4.0}, {"rank": 11, "name": "1299 Short", "outflow (M)": 3.51}, {"rank": 12, "name": "2269 Short", "outflow (M)": 2.92}, {"rank": 13, "name": "0027 Short", "outflow (M)": 2.61}, {"rank": 14, "name": "3968 Long", "outflow (M)": 2.6}, {"rank": 15, "name": "2318 Short", "outflow (M)": 2.3}, {"rank": 16, "name": "0992 Long", "outflow (M)": 1.94}, {"rank": 17, "name": "0939 Short", "outflow (M)": 1.53}, {"rank": 18, "name": "3988 Long", "outflow (M)": 1.38}, {"rank": 19, "name": "2333 Long", "outflow (M)": 1.34}, {"rank": 20, "name": "2380 Long", "outflow (M)": 1.19}], "stats": {"hsi long pos": "+102.84M", "hsi short pos:": "+99.42M", "stocks long pos": "+230.84M", "stocks short pos": "+53.09M"}}