{"top20inflow_10d": [{"rank": 1, "name": "HSI Short", "inflow (M)": 164.92}, {"rank": 2, "name": "3690 Long", "inflow (M)": 18.94}, {"rank": 3, "name": "2269 Long", "inflow (M)": 17.51}, {"rank": 4, "name": "1211 Long", "inflow (M)": 13.92}, {"rank": 5, "name": "2269 Short", "inflow (M)": 12.79}, {"rank": 6, "name": "9988 Short", "inflow (M)": 12.45}, {"rank": 7, "name": "3968 Long", "inflow (M)": 12.4}, {"rank": 8, "name": "2318 Long", "inflow (M)": 11.04}, {"rank": 9, "name": "0883 Long", "inflow (M)": 9.4}, {"rank": 10, "name": "0700 Short", "inflow (M)": 9.33}, {"rank": 11, "name": "0388 Short", "inflow (M)": 9.1}, {"rank": 12, "name": "3690 Short", "inflow (M)": 8.88}, {"rank": 13, "name": "SPX Short", "inflow (M)": 5.68}, {"rank": 14, "name": "0981 Long", "inflow (M)": 5.45}, {"rank": 15, "name": "1810 Long", "inflow (M)": 5.33}, {"rank": 16, "name": "0388 Long", "inflow (M)": 4.22}, {"rank": 17, "name": "0992 Long", "inflow (M)": 4.17}, {"rank": 18, "name": "0175 Long", "inflow (M)": 4.12}, {"rank": 19, "name": "9868 Short", "inflow (M)": 3.92}, {"rank": 20, "name": "9999 Short", "inflow (M)": 3.72}], "top20outflow_10d": [{"rank": 1, "name": "1211 Short", "outflow (M)": 48.53}, {"rank": 2, "name": "HSI Long", "outflow (M)": 32.92}, {"rank": 3, "name": "0700 Long", "outflow (M)": 21.69}, {"rank": 4, "name": "9988 Long", "outflow (M)": 15.91}, {"rank": 5, "name": "0005 Long", "outflow (M)": 3.26}, {"rank": 6, "name": "9888 Long", "outflow (M)": 3.17}, {"rank": 7, "name": "0992 Short", "outflow (M)": 2.55}, {"rank": 8, "name": "1299 Long", "outflow (M)": 2.24}, {"rank": 9, "name": "2015 Short", "outflow (M)": 1.12}, {"rank": 10, "name": "2331 Long", "outflow (M)": 0.86}, {"rank": 11, "name": "1398 Long", "outflow (M)": 0.84}, {"rank": 12, "name": "0941 Short", "outflow (M)": 0.79}, {"rank": 13, "name": "0941 Long", "outflow (M)": 0.74}, {"rank": 14, "name": "0857 Long", "outflow (M)": 0.71}, {"rank": 15, "name": "0027 Long", "outflow (M)": 0.56}, {"rank": 16, "name": "9961 Long", "outflow (M)": 0.46}, {"rank": 17, "name": "2018 Short", "outflow (M)": 0.45}, {"rank": 18, "name": "1171 Long", "outflow (M)": 0.4}, {"rank": 19, "name": "0788 Long", "outflow (M)": 0.37}, {"rank": 20, "name": "1658 Long", "outflow (M)": 0.35}], "stats": {"hsi long pos": "-31.75M", "hsi short pos:": "+172.67M", "stocks long pos": "+79.65M", "stocks short pos": "+33.78M"}}