{"top20inflow_1d": [{"rank": 1, "name": "HSI Short", "inflow (M)": 22.62}, {"rank": 2, "name": "0700 Long", "inflow (M)": 14.69}, {"rank": 3, "name": "3690 Long", "inflow (M)": 8.73}, {"rank": 4, "name": "0941 Long", "inflow (M)": 5.05}, {"rank": 5, "name": "9961 Long", "inflow (M)": 4.38}, {"rank": 6, "name": "9888 Long", "inflow (M)": 2.16}, {"rank": 7, "name": "1211 Short", "inflow (M)": 1.85}, {"rank": 8, "name": "1299 Long", "inflow (M)": 1.8}, {"rank": 9, "name": "1211 Long", "inflow (M)": 1.6}, {"rank": 10, "name": "9999 Short", "inflow (M)": 1.06}, {"rank": 11, "name": "0883 Short", "inflow (M)": 1.06}, {"rank": 12, "name": "1810 Long", "inflow (M)": 1.01}, {"rank": 13, "name": "9988 Long", "inflow (M)": 0.79}, {"rank": 14, "name": "9961 Short", "inflow (M)": 0.76}, {"rank": 15, "name": "2015 Long", "inflow (M)": 0.59}, {"rank": 16, "name": "2318 Long", "inflow (M)": 0.56}, {"rank": 17, "name": "0316 Long", "inflow (M)": 0.54}, {"rank": 18, "name": "DJI Short", "inflow (M)": 0.53}, {"rank": 19, "name": "2015 Short", "inflow (M)": 0.53}, {"rank": 20, "name": "N225 Long", "inflow (M)": 0.5}], "top20outflow_1d": [{"rank": 1, "name": "HSI Long", "outflow (M)": 12.85}, {"rank": 2, "name": "0700 Short", "outflow (M)": 10.62}, {"rank": 3, "name": "3690 Short", "outflow (M)": 4.98}, {"rank": 4, "name": "9988 Short", "outflow (M)": 1.9}, {"rank": 5, "name": "0388 Long", "outflow (M)": 1.59}, {"rank": 6, "name": "0388 Short", "outflow (M)": 1.4}, {"rank": 7, "name": "2269 Short", "outflow (M)": 1.34}, {"rank": 8, "name": "9618 Long", "outflow (M)": 1.03}, {"rank": 9, "name": "0992 Long", "outflow (M)": 0.99}, {"rank": 10, "name": "2318 Short", "outflow (M)": 0.84}, {"rank": 11, "name": "0941 Short", "outflow (M)": 0.81}, {"rank": 12, "name": "2382 Short", "outflow (M)": 0.75}, {"rank": 13, "name": "1398 Long", "outflow (M)": 0.74}, {"rank": 14, "name": "1299 Short", "outflow (M)": 0.71}, {"rank": 15, "name": "1024 Long", "outflow (M)": 0.54}, {"rank": 16, "name": "0939 Long", "outflow (M)": 0.54}, {"rank": 17, "name": "1810 Short", "outflow (M)": 0.48}, {"rank": 18, "name": "0883 Long", "outflow (M)": 0.46}, {"rank": 19, "name": "HSTECH Long", "outflow (M)": 0.42}, {"rank": 20, "name": "0857 Short", "outflow (M)": 0.38}], "stats": {"hsi long pos": "-12.85M", "hsi short pos:": "+22.62M", "stocks long pos": "+40.78M", "stocks short pos": "-19.23M"}}