{"top20inflow_1d": [{"rank": 1, "name": "HSI Short", "inflow (M)": 147.72}, {"rank": 2, "name": "3690 Short", "inflow (M)": 21.06}, {"rank": 3, "name": "0700 Short", "inflow (M)": 18.61}, {"rank": 4, "name": "0388 Short", "inflow (M)": 4.81}, {"rank": 5, "name": "1211 Long", "inflow (M)": 4.34}, {"rank": 6, "name": "2899 Long", "inflow (M)": 2.51}, {"rank": 7, "name": "9988 Short", "inflow (M)": 1.98}, {"rank": 8, "name": "1299 Short", "inflow (M)": 1.67}, {"rank": 9, "name": "9988 Long", "inflow (M)": 1.63}, {"rank": 10, "name": "1024 Short", "inflow (M)": 1.4}, {"rank": 11, "name": "9618 Short", "inflow (M)": 1.38}, {"rank": 12, "name": "1810 Short", "inflow (M)": 1.26}, {"rank": 13, "name": "0358 Long", "inflow (M)": 1.19}, {"rank": 14, "name": "2318 Short", "inflow (M)": 0.95}, {"rank": 15, "name": "2331 Long", "inflow (M)": 0.76}, {"rank": 16, "name": "0005 Short", "inflow (M)": 0.76}, {"rank": 17, "name": "9999 Short", "inflow (M)": 0.66}, {"rank": 18, "name": "2015 Long", "inflow (M)": 0.61}, {"rank": 19, "name": "DJI Short", "inflow (M)": 0.6}, {"rank": 20, "name": "3968 Long", "inflow (M)": 0.56}], "top20outflow_1d": [{"rank": 1, "name": "HSI Long", "outflow (M)": 105.37}, {"rank": 2, "name": "0700 Long", "outflow (M)": 21.53}, {"rank": 3, "name": "3690 Long", "outflow (M)": 9.37}, {"rank": 4, "name": "0388 Long", "outflow (M)": 6.0}, {"rank": 5, "name": "2318 Long", "outflow (M)": 2.59}, {"rank": 6, "name": "0941 Long", "outflow (M)": 2.58}, {"rank": 7, "name": "2840 Long", "outflow (M)": 2.41}, {"rank": 8, "name": "0005 Long", "outflow (M)": 2.33}, {"rank": 9, "name": "1211 Short", "outflow (M)": 1.33}, {"rank": 10, "name": "1810 Long", "outflow (M)": 1.16}, {"rank": 11, "name": "1818 Long", "outflow (M)": 0.96}, {"rank": 12, "name": "1299 Long", "outflow (M)": 0.88}, {"rank": 13, "name": "HSTECH Long", "outflow (M)": 0.88}, {"rank": 14, "name": "9868 Long", "outflow (M)": 0.68}, {"rank": 15, "name": "2800 Long", "outflow (M)": 0.61}, {"rank": 16, "name": "9961 Long", "outflow (M)": 0.58}, {"rank": 17, "name": "0823 Long", "outflow (M)": 0.51}, {"rank": 18, "name": "N225 Long", "outflow (M)": 0.42}, {"rank": 19, "name": "N225 Short", "outflow (M)": 0.37}, {"rank": 20, "name": "2018 Long", "outflow (M)": 0.37}], "stats": {"hsi long pos": "-105.37M", "hsi short pos:": "+147.72M", "stocks long pos": "-38.47M", "stocks short pos": "+54.55M"}}