{"top20inflow_10d": [{"rank": 1, "name": "HSI Short", "inflow (M)": 634.62}, {"rank": 2, "name": "0700 Short", "inflow (M)": 63.32}, {"rank": 3, "name": "3690 Short", "inflow (M)": 43.39}, {"rank": 4, "name": "0388 Short", "inflow (M)": 19.89}, {"rank": 5, "name": "1928 Long", "inflow (M)": 15.62}, {"rank": 6, "name": "2015 Long", "inflow (M)": 7.67}, {"rank": 7, "name": "9618 Long", "inflow (M)": 6.24}, {"rank": 8, "name": "0027 Long", "inflow (M)": 6.01}, {"rank": 9, "name": "9618 Short", "inflow (M)": 5.72}, {"rank": 10, "name": "0857 Long", "inflow (M)": 5.37}, {"rank": 11, "name": "1024 Short", "inflow (M)": 5.34}, {"rank": 12, "name": "HSTECH Long", "inflow (M)": 4.94}, {"rank": 13, "name": "9988 Short", "inflow (M)": 4.81}, {"rank": 14, "name": "1211 Long", "inflow (M)": 3.99}, {"rank": 15, "name": "0268 Long", "inflow (M)": 3.93}, {"rank": 16, "name": "1211 Short", "inflow (M)": 3.92}, {"rank": 17, "name": "1818 Long", "inflow (M)": 3.48}, {"rank": 18, "name": "2382 Long", "inflow (M)": 3.16}, {"rank": 19, "name": "2269 Long", "inflow (M)": 3.12}, {"rank": 20, "name": "0902 Long", "inflow (M)": 2.89}], "top20outflow_10d": [{"rank": 1, "name": "HSI Long", "outflow (M)": 295.5}, {"rank": 2, "name": "3690 Long", "outflow (M)": 60.29}, {"rank": 3, "name": "0700 Long", "outflow (M)": 28.28}, {"rank": 4, "name": "0388 Long", "outflow (M)": 18.23}, {"rank": 5, "name": "0941 Long", "outflow (M)": 14.79}, {"rank": 6, "name": "2318 Long", "outflow (M)": 12.82}, {"rank": 7, "name": "1810 Long", "outflow (M)": 8.25}, {"rank": 8, "name": "9988 Long", "outflow (M)": 7.15}, {"rank": 9, "name": "3968 Long", "outflow (M)": 6.01}, {"rank": 10, "name": "1024 Long", "outflow (M)": 3.96}, {"rank": 11, "name": "1299 Long", "outflow (M)": 3.91}, {"rank": 12, "name": "0005 Long", "outflow (M)": 3.82}, {"rank": 13, "name": "HSCE Long", "outflow (M)": 2.99}, {"rank": 14, "name": "0386 Long", "outflow (M)": 2.64}, {"rank": 15, "name": "2628 Long", "outflow (M)": 2.43}, {"rank": 16, "name": "SPX Short", "outflow (M)": 2.38}, {"rank": 17, "name": "NDX Short", "outflow (M)": 2.11}, {"rank": 18, "name": "0939 Long", "outflow (M)": 1.96}, {"rank": 19, "name": "N225 Short", "outflow (M)": 1.35}, {"rank": 20, "name": "9868 Short", "outflow (M)": 1.33}], "stats": {"hsi long pos": "-354.84M", "hsi short pos:": "+744.49M", "stocks long pos": "-160.60M", "stocks short pos": "+177.81M"}}