{"top20inflow_10d": [{"rank": 1, "name": "HSI Long", "inflow (M)": 748.46}, {"rank": 2, "name": "3690 Long", "inflow (M)": 118.03}, {"rank": 3, "name": "1211 Long", "inflow (M)": 46.36}, {"rank": 4, "name": "0388 Long", "inflow (M)": 41.12}, {"rank": 5, "name": "0700 Long", "inflow (M)": 21.96}, {"rank": 6, "name": "9988 Long", "inflow (M)": 20.32}, {"rank": 7, "name": "2318 Long", "inflow (M)": 16.54}, {"rank": 8, "name": "1299 Long", "inflow (M)": 12.74}, {"rank": 9, "name": "2269 Long", "inflow (M)": 8.25}, {"rank": 10, "name": "1810 Long", "inflow (M)": 7.58}, {"rank": 11, "name": "DJI Short", "inflow (M)": 6.31}, {"rank": 12, "name": "HSTECH Long", "inflow (M)": 5.94}, {"rank": 13, "name": "1024 Long", "inflow (M)": 5.56}, {"rank": 14, "name": "0175 Long", "inflow (M)": 5.37}, {"rank": 15, "name": "0027 Long", "inflow (M)": 3.79}, {"rank": 16, "name": "3968 Long", "inflow (M)": 3.28}, {"rank": 17, "name": "2800 Long", "inflow (M)": 3.12}, {"rank": 18, "name": "0981 Long", "inflow (M)": 2.66}, {"rank": 19, "name": "9999 Short", "inflow (M)": 2.57}, {"rank": 20, "name": "2269 Short", "inflow (M)": 2.51}], "top20outflow_10d": [{"rank": 1, "name": "HSI Short", "outflow (M)": 140.7}, {"rank": 2, "name": "9988 Short", "outflow (M)": 49.44}, {"rank": 3, "name": "3690 Short", "outflow (M)": 13.56}, {"rank": 4, "name": "1810 Short", "outflow (M)": 11.84}, {"rank": 5, "name": "1211 Short", "outflow (M)": 10.1}, {"rank": 6, "name": "2318 Short", "outflow (M)": 4.63}, {"rank": 7, "name": "0700 Short", "outflow (M)": 4.57}, {"rank": 8, "name": "1299 Short", "outflow (M)": 4.14}, {"rank": 9, "name": "0388 Short", "outflow (M)": 3.8}, {"rank": 10, "name": "9888 Long", "outflow (M)": 3.68}, {"rank": 11, "name": "0883 Long", "outflow (M)": 2.83}, {"rank": 12, "name": "1024 Short", "outflow (M)": 2.27}, {"rank": 13, "name": "9618 Long", "outflow (M)": 2.18}, {"rank": 14, "name": "9618 Short", "outflow (M)": 2.14}, {"rank": 15, "name": "1171 Long", "outflow (M)": 1.73}, {"rank": 16, "name": "2013 Long", "outflow (M)": 1.41}, {"rank": 17, "name": "0857 Long", "outflow (M)": 1.24}, {"rank": 18, "name": "0941 Long", "outflow (M)": 1.21}, {"rank": 19, "name": "HSTECH Short", "outflow (M)": 1.21}, {"rank": 20, "name": "2015 Short", "outflow (M)": 1.14}], "stats": {"hsi long pos": "+748.46M", "hsi short pos:": "-140.70M", "stocks long pos": "+328.47M", "stocks short pos": "-104.01M"}}