{"top20inflow_10d": [{"rank": 1, "name": "HSI Long", "inflow (M)": 781.28}, {"rank": 2, "name": "3690 Long", "inflow (M)": 127.12}, {"rank": 3, "name": "0388 Long", "inflow (M)": 53.78}, {"rank": 4, "name": "9988 Long", "inflow (M)": 42.77}, {"rank": 5, "name": "0700 Long", "inflow (M)": 37.22}, {"rank": 6, "name": "1211 Long", "inflow (M)": 24.17}, {"rank": 7, "name": "1299 Long", "inflow (M)": 12.18}, {"rank": 8, "name": "2318 Long", "inflow (M)": 12.11}, {"rank": 9, "name": "2269 Long", "inflow (M)": 7.53}, {"rank": 10, "name": "DJI Short", "inflow (M)": 7.37}, {"rank": 11, "name": "1024 Long", "inflow (M)": 6.61}, {"rank": 12, "name": "HSTECH Long", "inflow (M)": 5.85}, {"rank": 13, "name": "0175 Long", "inflow (M)": 3.78}, {"rank": 14, "name": "3968 Long", "inflow (M)": 3.28}, {"rank": 15, "name": "0027 Long", "inflow (M)": 2.68}, {"rank": 16, "name": "0753 Long", "inflow (M)": 2.4}, {"rank": 17, "name": "9868 Long", "inflow (M)": 2.27}, {"rank": 18, "name": "0823 Long", "inflow (M)": 2.22}, {"rank": 19, "name": "9999 Short", "inflow (M)": 2.01}, {"rank": 20, "name": "2800 Long", "inflow (M)": 1.86}], "top20outflow_10d": [{"rank": 1, "name": "HSI Short", "outflow (M)": 235.9}, {"rank": 2, "name": "9988 Short", "outflow (M)": 37.78}, {"rank": 3, "name": "1211 Short", "outflow (M)": 22.07}, {"rank": 4, "name": "3690 Short", "outflow (M)": 16.21}, {"rank": 5, "name": "1810 Long", "outflow (M)": 7.54}, {"rank": 6, "name": "1810 Short", "outflow (M)": 7.32}, {"rank": 7, "name": "0388 Short", "outflow (M)": 6.87}, {"rank": 8, "name": "1299 Short", "outflow (M)": 3.93}, {"rank": 9, "name": "0981 Long", "outflow (M)": 2.62}, {"rank": 10, "name": "1024 Short", "outflow (M)": 2.41}, {"rank": 11, "name": "2382 Short", "outflow (M)": 1.73}, {"rank": 12, "name": "9888 Long", "outflow (M)": 1.57}, {"rank": 13, "name": "HSTECH Short", "outflow (M)": 1.45}, {"rank": 14, "name": "0883 Long", "outflow (M)": 1.32}, {"rank": 15, "name": "0902 Long", "outflow (M)": 1.12}, {"rank": 16, "name": "2318 Short", "outflow (M)": 1.11}, {"rank": 17, "name": "3968 Short", "outflow (M)": 1.03}, {"rank": 18, "name": "3988 Short", "outflow (M)": 0.78}, {"rank": 19, "name": "0857 Short", "outflow (M)": 0.66}, {"rank": 20, "name": "1093 Long", "outflow (M)": 0.56}], "stats": {"hsi long pos": "+789.37M", "hsi short pos:": "-235.95M", "stocks long pos": "+350.87M", "stocks short pos": "-98.61M"}}