{"top20inflow_5d": [{"rank": 1, "name": "HSI Long", "inflow (M)": 301.27}, {"rank": 2, "name": "0700 Long", "inflow (M)": 37.01}, {"rank": 3, "name": "0388 Long", "inflow (M)": 34.84}, {"rank": 4, "name": "3690 Long", "inflow (M)": 20.21}, {"rank": 5, "name": "9988 Long", "inflow (M)": 17.68}, {"rank": 6, "name": "1299 Long", "inflow (M)": 8.52}, {"rank": 7, "name": "1211 Long", "inflow (M)": 5.96}, {"rank": 8, "name": "DJI Short", "inflow (M)": 5.87}, {"rank": 9, "name": "2269 Long", "inflow (M)": 5.16}, {"rank": 10, "name": "9999 Short", "inflow (M)": 4.49}, {"rank": 11, "name": "2318 Long", "inflow (M)": 4.37}, {"rank": 12, "name": "HSTECH Long", "inflow (M)": 3.59}, {"rank": 13, "name": "0823 Long", "inflow (M)": 1.89}, {"rank": 14, "name": "0388 Short", "inflow (M)": 1.83}, {"rank": 15, "name": "3968 Long", "inflow (M)": 1.74}, {"rank": 16, "name": "1024 Long", "inflow (M)": 1.66}, {"rank": 17, "name": "0175 Long", "inflow (M)": 1.61}, {"rank": 18, "name": "2018 Long", "inflow (M)": 1.37}, {"rank": 19, "name": "0753 Long", "inflow (M)": 1.21}, {"rank": 20, "name": "2822 Long", "inflow (M)": 1.0}], "top20outflow_5d": [{"rank": 1, "name": "HSI Short", "outflow (M)": 110.54}, {"rank": 2, "name": "9988 Short", "outflow (M)": 20.27}, {"rank": 3, "name": "0700 Short", "outflow (M)": 11.93}, {"rank": 4, "name": "1211 Short", "outflow (M)": 6.77}, {"rank": 5, "name": "1810 Long", "outflow (M)": 6.2}, {"rank": 6, "name": "1299 Short", "outflow (M)": 5.41}, {"rank": 7, "name": "3690 Short", "outflow (M)": 5.17}, {"rank": 8, "name": "1810 Short", "outflow (M)": 4.62}, {"rank": 9, "name": "2382 Short", "outflow (M)": 3.67}, {"rank": 10, "name": "0883 Long", "outflow (M)": 1.69}, {"rank": 11, "name": "9618 Long", "outflow (M)": 1.47}, {"rank": 12, "name": "2015 Short", "outflow (M)": 1.08}, {"rank": 13, "name": "1024 Short", "outflow (M)": 1.06}, {"rank": 14, "name": "NDX Long", "outflow (M)": 1.01}, {"rank": 15, "name": "2020 Short", "outflow (M)": 0.87}, {"rank": 16, "name": "1093 Long", "outflow (M)": 0.82}, {"rank": 17, "name": "0981 Short", "outflow (M)": 0.79}, {"rank": 18, "name": "3968 Short", "outflow (M)": 0.75}, {"rank": 19, "name": "0939 Long", "outflow (M)": 0.66}, {"rank": 20, "name": "1928 Long", "outflow (M)": 0.54}], "stats": {"hsi long pos": "+301.27M", "hsi short pos:": "-110.54M", "stocks long pos": "+141.92M", "stocks short pos": "-54.08M"}}