{"top20inflow_20d": [{"rank": 1, "name": "HSI Short", "inflow (M)": 457.24}, {"rank": 2, "name": "0700 Long", "inflow (M)": 91.77}, {"rank": 3, "name": "9988 Long", "inflow (M)": 29.74}, {"rank": 4, "name": "3690 Short", "inflow (M)": 24.62}, {"rank": 5, "name": "9888 Long", "inflow (M)": 22.22}, {"rank": 6, "name": "1211 Short", "inflow (M)": 22.09}, {"rank": 7, "name": "0388 Long", "inflow (M)": 14.52}, {"rank": 8, "name": "NDX Long", "inflow (M)": 12.68}, {"rank": 9, "name": "1299 Long", "inflow (M)": 7.78}, {"rank": 10, "name": "9618 Short", "inflow (M)": 7.7}, {"rank": 11, "name": "2015 Long", "inflow (M)": 7.38}, {"rank": 12, "name": "1810 Long", "inflow (M)": 6.29}, {"rank": 13, "name": "1810 Short", "inflow (M)": 5.72}, {"rank": 14, "name": "0883 Short", "inflow (M)": 5.51}, {"rank": 15, "name": "NDX Short", "inflow (M)": 5.44}, {"rank": 16, "name": "0005 Long", "inflow (M)": 5.2}, {"rank": 17, "name": "0981 Long", "inflow (M)": 4.82}, {"rank": 18, "name": "9999 Long", "inflow (M)": 4.7}, {"rank": 19, "name": "0941 Long", "inflow (M)": 4.59}, {"rank": 20, "name": "0883 Long", "inflow (M)": 4.47}], "top20outflow_20d": [{"rank": 1, "name": "HSI Long", "outflow (M)": 226.34}, {"rank": 2, "name": "3690 Long", "outflow (M)": 43.75}, {"rank": 3, "name": "9988 Short", "outflow (M)": 8.85}, {"rank": 4, "name": "3968 Long", "outflow (M)": 8.71}, {"rank": 5, "name": "0700 Short", "outflow (M)": 7.74}, {"rank": 6, "name": "2269 Short", "outflow (M)": 5.78}, {"rank": 7, "name": "1211 Long", "outflow (M)": 3.72}, {"rank": 8, "name": "0992 Long", "outflow (M)": 2.89}, {"rank": 9, "name": "2822 Long", "outflow (M)": 2.74}, {"rank": 10, "name": "HSTECH Long", "outflow (M)": 2.54}, {"rank": 11, "name": "1928 Long", "outflow (M)": 2.09}, {"rank": 12, "name": "9868 Short", "outflow (M)": 1.8}, {"rank": 13, "name": "3988 Long", "outflow (M)": 1.73}, {"rank": 14, "name": "0027 Short", "outflow (M)": 1.59}, {"rank": 15, "name": "2840 Long", "outflow (M)": 1.56}, {"rank": 16, "name": "0175 Long", "outflow (M)": 1.51}, {"rank": 17, "name": "2899 Long", "outflow (M)": 1.48}, {"rank": 18, "name": "2018 Long", "outflow (M)": 1.46}, {"rank": 19, "name": "SPX Short", "outflow (M)": 1.43}, {"rank": 20, "name": "3968 Short", "outflow (M)": 1.08}], "stats": {"hsi long pos": "-336.55M", "hsi short pos:": "+553.54M", "stocks long pos": "+146.72M", "stocks short pos": "+70.77M"}}