{"top20inflow_10d": [{"rank": 1, "name": "HSI Short", "inflow (M)": 225.68}, {"rank": 2, "name": "0700 Long", "inflow (M)": 55.0}, {"rank": 3, "name": "3690 Short", "inflow (M)": 21.94}, {"rank": 4, "name": "3690 Long", "inflow (M)": 16.44}, {"rank": 5, "name": "9999 Short", "inflow (M)": 14.35}, {"rank": 6, "name": "DJI Short", "inflow (M)": 7.02}, {"rank": 7, "name": "9618 Short", "inflow (M)": 6.66}, {"rank": 8, "name": "1024 Long", "inflow (M)": 5.9}, {"rank": 9, "name": "1810 Short", "inflow (M)": 4.28}, {"rank": 10, "name": "1797 Long", "inflow (M)": 3.62}, {"rank": 11, "name": "0981 Long", "inflow (M)": 3.6}, {"rank": 12, "name": "1211 Short", "inflow (M)": 3.36}, {"rank": 13, "name": "0941 Short", "inflow (M)": 3.12}, {"rank": 14, "name": "9999 Long", "inflow (M)": 2.88}, {"rank": 15, "name": "NDX Short", "inflow (M)": 2.82}, {"rank": 16, "name": "HSTECH Long", "inflow (M)": 2.18}, {"rank": 17, "name": "2319 Long", "inflow (M)": 2.13}, {"rank": 18, "name": "0883 Long", "inflow (M)": 2.08}, {"rank": 19, "name": "2269 Long", "inflow (M)": 1.7}, {"rank": 20, "name": "2015 Short", "inflow (M)": 1.57}], "top20outflow_10d": [{"rank": 1, "name": "HSI Long", "outflow (M)": 106.53}, {"rank": 2, "name": "0700 Short", "outflow (M)": 21.6}, {"rank": 3, "name": "9988 Long", "outflow (M)": 16.21}, {"rank": 4, "name": "0388 Long", "outflow (M)": 16.1}, {"rank": 5, "name": "1299 Long", "outflow (M)": 9.05}, {"rank": 6, "name": "0823 Long", "outflow (M)": 5.48}, {"rank": 7, "name": "0941 Long", "outflow (M)": 3.42}, {"rank": 8, "name": "0005 Long", "outflow (M)": 3.1}, {"rank": 9, "name": "NDX Long", "outflow (M)": 2.87}, {"rank": 10, "name": "2318 Short", "outflow (M)": 2.58}, {"rank": 11, "name": "1211 Long", "outflow (M)": 2.07}, {"rank": 12, "name": "9868 Long", "outflow (M)": 2.04}, {"rank": 13, "name": "0992 Long", "outflow (M)": 1.89}, {"rank": 14, "name": "9618 Long", "outflow (M)": 1.78}, {"rank": 15, "name": "9988 Short", "outflow (M)": 1.68}, {"rank": 16, "name": "0027 Long", "outflow (M)": 1.25}, {"rank": 17, "name": "2331 Long", "outflow (M)": 1.02}, {"rank": 18, "name": "1928 Long", "outflow (M)": 0.95}, {"rank": 19, "name": "0939 Long", "outflow (M)": 0.86}, {"rank": 20, "name": "2018 Long", "outflow (M)": 0.84}], "stats": {"hsi long pos": "-106.53M", "hsi short pos:": "+225.68M", "stocks long pos": "+34.03M", "stocks short pos": "+35.61M"}}