{"top20inflow_5d": [{"rank": 1, "name": "9988 Long", "inflow (M)": 75.47}, {"rank": 2, "name": "9988 Short", "inflow (M)": 73.49}, {"rank": 3, "name": "HSI Short", "inflow (M)": 65.59}, {"rank": 4, "name": "0700 Short", "inflow (M)": 28.13}, {"rank": 5, "name": "1810 Long", "inflow (M)": 9.37}, {"rank": 6, "name": "1810 Short", "inflow (M)": 6.53}, {"rank": 7, "name": "3690 Long", "inflow (M)": 5.85}, {"rank": 8, "name": "DJI Short", "inflow (M)": 4.96}, {"rank": 9, "name": "9618 Short", "inflow (M)": 2.57}, {"rank": 10, "name": "1299 Short", "inflow (M)": 2.39}, {"rank": 11, "name": "1024 Short", "inflow (M)": 2.35}, {"rank": 12, "name": "1801 Long", "inflow (M)": 1.94}, {"rank": 13, "name": "0005 Short", "inflow (M)": 1.81}, {"rank": 14, "name": "1171 Long", "inflow (M)": 1.75}, {"rank": 15, "name": "9888 Long", "inflow (M)": 1.74}, {"rank": 16, "name": "2013 Long", "inflow (M)": 1.48}, {"rank": 17, "name": "0388 Short", "inflow (M)": 1.43}, {"rank": 18, "name": "2269 Long", "inflow (M)": 1.22}, {"rank": 19, "name": "2020 Long", "inflow (M)": 1.2}, {"rank": 20, "name": "3800 Long", "inflow (M)": 1.18}], "top20outflow_5d": [{"rank": 1, "name": "HSI Long", "outflow (M)": 86.35}, {"rank": 2, "name": "0700 Long", "outflow (M)": 33.52}, {"rank": 3, "name": "0388 Long", "outflow (M)": 5.48}, {"rank": 4, "name": "0005 Long", "outflow (M)": 5.24}, {"rank": 5, "name": "2318 Long", "outflow (M)": 5.08}, {"rank": 6, "name": "0823 Long", "outflow (M)": 3.94}, {"rank": 7, "name": "1299 Long", "outflow (M)": 3.83}, {"rank": 8, "name": "0941 Long", "outflow (M)": 3.58}, {"rank": 9, "name": "0354 Long", "outflow (M)": 3.43}, {"rank": 10, "name": "9618 Long", "outflow (M)": 3.32}, {"rank": 11, "name": "0027 Long", "outflow (M)": 1.72}, {"rank": 12, "name": "2015 Long", "outflow (M)": 1.68}, {"rank": 13, "name": "2382 Long", "outflow (M)": 1.62}, {"rank": 14, "name": "0939 Long", "outflow (M)": 1.55}, {"rank": 15, "name": "0857 Long", "outflow (M)": 1.49}, {"rank": 16, "name": "2800 Long", "outflow (M)": 1.4}, {"rank": 17, "name": "1211 Short", "outflow (M)": 1.37}, {"rank": 18, "name": "HSTECH Long", "outflow (M)": 1.19}, {"rank": 19, "name": "0902 Long", "outflow (M)": 1.13}, {"rank": 20, "name": "9992 Long", "outflow (M)": 1.06}], "stats": {"hsi long pos": "-86.35M", "hsi short pos:": "+65.59M", "stocks long pos": "+25.14M", "stocks short pos": "+120.32M"}}