{"top20inflow_10d": [{"rank": 1, "name": "HSI Short", "inflow (M)": 84.17}, {"rank": 2, "name": "1299 Long", "inflow (M)": 29.85}, {"rank": 3, "name": "9988 Long", "inflow (M)": 25.81}, {"rank": 4, "name": "0941 Long", "inflow (M)": 20.99}, {"rank": 5, "name": "2269 Long", "inflow (M)": 19.87}, {"rank": 6, "name": "1810 Long", "inflow (M)": 13.89}, {"rank": 7, "name": "NDX Long", "inflow (M)": 12.0}, {"rank": 8, "name": "1211 Short", "inflow (M)": 9.12}, {"rank": 9, "name": "0700 Short", "inflow (M)": 6.94}, {"rank": 10, "name": "JPYD Long", "inflow (M)": 4.72}, {"rank": 11, "name": "0268 Long", "inflow (M)": 4.61}, {"rank": 12, "name": "0788 Long", "inflow (M)": 4.38}, {"rank": 13, "name": "9618 Short", "inflow (M)": 3.93}, {"rank": 14, "name": "0763 Long", "inflow (M)": 3.72}, {"rank": 15, "name": "2015 Long", "inflow (M)": 3.31}, {"rank": 16, "name": "SPX Long", "inflow (M)": 3.29}, {"rank": 17, "name": "1810 Short", "inflow (M)": 2.89}, {"rank": 18, "name": "2318 Long", "inflow (M)": 2.81}, {"rank": 19, "name": "1024 Long", "inflow (M)": 2.74}, {"rank": 20, "name": "DJI Short", "inflow (M)": 2.64}], "top20outflow_10d": [{"rank": 1, "name": "HSI Long", "outflow (M)": 52.73}, {"rank": 2, "name": "3690 Long", "outflow (M)": 51.49}, {"rank": 3, "name": "0700 Long", "outflow (M)": 19.69}, {"rank": 4, "name": "1211 Long", "outflow (M)": 10.58}, {"rank": 5, "name": "3690 Short", "outflow (M)": 6.2}, {"rank": 6, "name": "1109 Long", "outflow (M)": 5.21}, {"rank": 7, "name": "0005 Long", "outflow (M)": 3.42}, {"rank": 8, "name": "2015 Short", "outflow (M)": 3.21}, {"rank": 9, "name": "3968 Long", "outflow (M)": 3.07}, {"rank": 10, "name": "9618 Long", "outflow (M)": 2.94}, {"rank": 11, "name": "9626 Long", "outflow (M)": 2.25}, {"rank": 12, "name": "2840 Long", "outflow (M)": 2.2}, {"rank": 13, "name": "0857 Long", "outflow (M)": 2.04}, {"rank": 14, "name": "HSTECH Long", "outflow (M)": 1.96}, {"rank": 15, "name": "2020 Long", "outflow (M)": 1.78}, {"rank": 16, "name": "0386 Long", "outflow (M)": 1.7}, {"rank": 17, "name": "3988 Long", "outflow (M)": 1.69}, {"rank": 18, "name": "2269 Short", "outflow (M)": 1.49}, {"rank": 19, "name": "9888 Long", "outflow (M)": 1.44}, {"rank": 20, "name": "9999 Short", "outflow (M)": 1.31}], "stats": {"hsi long pos": "-46.76M", "hsi short pos:": "+77.47M", "stocks long pos": "+57.92M", "stocks short pos": "+13.28M"}}