{"top20inflow_10d": [{"rank": 1, "name": "HSI Short", "inflow (M)": 151.54}, {"rank": 2, "name": "1211 Long", "inflow (M)": 20.28}, {"rank": 3, "name": "2269 Long", "inflow (M)": 19.59}, {"rank": 4, "name": "3690 Long", "inflow (M)": 16.25}, {"rank": 5, "name": "3968 Long", "inflow (M)": 14.32}, {"rank": 6, "name": "2269 Short", "inflow (M)": 13.46}, {"rank": 7, "name": "0883 Long", "inflow (M)": 11.86}, {"rank": 8, "name": "0700 Short", "inflow (M)": 9.97}, {"rank": 9, "name": "2318 Long", "inflow (M)": 9.85}, {"rank": 10, "name": "0388 Long", "inflow (M)": 8.16}, {"rank": 11, "name": "9988 Short", "inflow (M)": 8.02}, {"rank": 12, "name": "SPX Short", "inflow (M)": 6.98}, {"rank": 13, "name": "0981 Long", "inflow (M)": 6.14}, {"rank": 14, "name": "1810 Long", "inflow (M)": 6.02}, {"rank": 15, "name": "0992 Long", "inflow (M)": 5.15}, {"rank": 16, "name": "0175 Long", "inflow (M)": 4.64}, {"rank": 17, "name": "JPYD Long", "inflow (M)": 4.61}, {"rank": 18, "name": "3690 Short", "inflow (M)": 4.1}, {"rank": 19, "name": "NDX Short", "inflow (M)": 3.94}, {"rank": 20, "name": "HSTECH Long", "inflow (M)": 3.92}], "top20outflow_10d": [{"rank": 1, "name": "HSI Long", "outflow (M)": 60.54}, {"rank": 2, "name": "1211 Short", "outflow (M)": 39.53}, {"rank": 3, "name": "0700 Long", "outflow (M)": 24.29}, {"rank": 4, "name": "0005 Long", "outflow (M)": 4.63}, {"rank": 5, "name": "9888 Long", "outflow (M)": 4.08}, {"rank": 6, "name": "0941 Long", "outflow (M)": 3.37}, {"rank": 7, "name": "0992 Short", "outflow (M)": 3.13}, {"rank": 8, "name": "9988 Long", "outflow (M)": 2.93}, {"rank": 9, "name": "0027 Long", "outflow (M)": 1.95}, {"rank": 10, "name": "2382 Short", "outflow (M)": 1.73}, {"rank": 11, "name": "2331 Long", "outflow (M)": 1.31}, {"rank": 12, "name": "1299 Long", "outflow (M)": 1.31}, {"rank": 13, "name": "1810 Short", "outflow (M)": 0.64}, {"rank": 14, "name": "HSTECH Short", "outflow (M)": 0.59}, {"rank": 15, "name": "9868 Long", "outflow (M)": 0.5}, {"rank": 16, "name": "1658 Long", "outflow (M)": 0.46}, {"rank": 17, "name": "0788 Long", "outflow (M)": 0.41}, {"rank": 18, "name": "2018 Short", "outflow (M)": 0.36}, {"rank": 19, "name": "0688 Long", "outflow (M)": 0.32}, {"rank": 20, "name": "2338 Long", "outflow (M)": 0.24}], "stats": {"hsi long pos": "-49.25M", "hsi short pos:": "+158.19M", "stocks long pos": "+108.57M", "stocks short pos": "+14.08M"}}