{"top20inflow_5d": [{"rank": 1, "name": "HSI Short", "inflow (M)": 249.75}, {"rank": 2, "name": "1211 Short", "inflow (M)": 12.8}, {"rank": 3, "name": "3690 Short", "inflow (M)": 11.71}, {"rank": 4, "name": "9988 Long", "inflow (M)": 10.17}, {"rank": 5, "name": "0700 Long", "inflow (M)": 7.22}, {"rank": 6, "name": "0005 Long", "inflow (M)": 6.04}, {"rank": 7, "name": "9961 Short", "inflow (M)": 6.0}, {"rank": 8, "name": "1299 Short", "inflow (M)": 3.78}, {"rank": 9, "name": "2318 Short", "inflow (M)": 3.66}, {"rank": 10, "name": "0981 Long", "inflow (M)": 3.15}, {"rank": 11, "name": "0388 Short", "inflow (M)": 2.71}, {"rank": 12, "name": "1810 Short", "inflow (M)": 2.44}, {"rank": 13, "name": "DJI Short", "inflow (M)": 2.04}, {"rank": 14, "name": "0700 Short", "inflow (M)": 1.95}, {"rank": 15, "name": "3968 Short", "inflow (M)": 1.91}, {"rank": 16, "name": "0939 Short", "inflow (M)": 1.84}, {"rank": 17, "name": "1024 Short", "inflow (M)": 1.6}, {"rank": 18, "name": "0005 Short", "inflow (M)": 1.49}, {"rank": 19, "name": "0883 Short", "inflow (M)": 1.46}, {"rank": 20, "name": "9618 Short", "inflow (M)": 1.26}], "top20outflow_5d": [{"rank": 1, "name": "HSI Long", "outflow (M)": 248.97}, {"rank": 2, "name": "3690 Long", "outflow (M)": 11.93}, {"rank": 3, "name": "2318 Long", "outflow (M)": 4.37}, {"rank": 4, "name": "1928 Long", "outflow (M)": 4.13}, {"rank": 5, "name": "1299 Long", "outflow (M)": 3.59}, {"rank": 6, "name": "SPX Short", "outflow (M)": 2.97}, {"rank": 7, "name": "0388 Long", "outflow (M)": 2.81}, {"rank": 8, "name": "0788 Long", "outflow (M)": 2.41}, {"rank": 9, "name": "2628 Long", "outflow (M)": 2.26}, {"rank": 10, "name": "1109 Long", "outflow (M)": 2.23}, {"rank": 11, "name": "0027 Long", "outflow (M)": 2.07}, {"rank": 12, "name": "1810 Long", "outflow (M)": 1.9}, {"rank": 13, "name": "3968 Long", "outflow (M)": 1.84}, {"rank": 14, "name": "2015 Long", "outflow (M)": 1.76}, {"rank": 15, "name": "NDX Long", "outflow (M)": 1.57}, {"rank": 16, "name": "2269 Short", "outflow (M)": 1.53}, {"rank": 17, "name": "HSTECH Long", "outflow (M)": 1.5}, {"rank": 18, "name": "2822 Long", "outflow (M)": 1.5}, {"rank": 19, "name": "9988 Short", "outflow (M)": 1.42}, {"rank": 20, "name": "9961 Long", "outflow (M)": 1.29}], "stats": {"hsi long pos": "-248.97M", "hsi short pos:": "+249.75M", "stocks long pos": "-25.42M", "stocks short pos": "+57.69M"}}