{"top20inflow_1d": [{"rank": 1, "name": "HSI Long", "inflow (M)": 9.41}, {"rank": 2, "name": "3690 Long", "inflow (M)": 3.49}, {"rank": 3, "name": "9988 Long", "inflow (M)": 3.09}, {"rank": 4, "name": "0388 Long", "inflow (M)": 2.5}, {"rank": 5, "name": "2318 Long", "inflow (M)": 1.61}, {"rank": 6, "name": "1299 Long", "inflow (M)": 1.49}, {"rank": 7, "name": "0700 Short", "inflow (M)": 1.37}, {"rank": 8, "name": "1211 Long", "inflow (M)": 1.14}, {"rank": 9, "name": "9618 Long", "inflow (M)": 1.0}, {"rank": 10, "name": "DJI Short", "inflow (M)": 0.95}, {"rank": 11, "name": "9999 Short", "inflow (M)": 0.94}, {"rank": 12, "name": "2382 Long", "inflow (M)": 0.5}, {"rank": 13, "name": "1024 Long", "inflow (M)": 0.49}, {"rank": 14, "name": "0939 Long", "inflow (M)": 0.43}, {"rank": 15, "name": "0941 Long", "inflow (M)": 0.36}, {"rank": 16, "name": "2331 Long", "inflow (M)": 0.32}, {"rank": 17, "name": "0175 Long", "inflow (M)": 0.3}, {"rank": 18, "name": "NDX Short", "inflow (M)": 0.3}, {"rank": 19, "name": "0883 Short", "inflow (M)": 0.28}, {"rank": 20, "name": "0788 Long", "inflow (M)": 0.27}], "top20outflow_1d": [{"rank": 1, "name": "HSI Short", "outflow (M)": 14.46}, {"rank": 2, "name": "0700 Long", "outflow (M)": 6.71}, {"rank": 3, "name": "3690 Short", "outflow (M)": 3.73}, {"rank": 4, "name": "0388 Short", "outflow (M)": 2.15}, {"rank": 5, "name": "1398 Short", "outflow (M)": 1.58}, {"rank": 6, "name": "1810 Short", "outflow (M)": 1.41}, {"rank": 7, "name": "9618 Short", "outflow (M)": 1.35}, {"rank": 8, "name": "9988 Short", "outflow (M)": 0.87}, {"rank": 9, "name": "2318 Short", "outflow (M)": 0.61}, {"rank": 10, "name": "9999 Long", "outflow (M)": 0.48}, {"rank": 11, "name": "1128 Long", "outflow (M)": 0.36}, {"rank": 12, "name": "0823 Long", "outflow (M)": 0.33}, {"rank": 13, "name": "HSTECH Short", "outflow (M)": 0.29}, {"rank": 14, "name": "0939 Short", "outflow (M)": 0.23}, {"rank": 15, "name": "1177 Long", "outflow (M)": 0.22}, {"rank": 16, "name": "1928 Long", "outflow (M)": 0.21}, {"rank": 17, "name": "HSCE Long", "outflow (M)": 0.21}, {"rank": 18, "name": "0941 Short", "outflow (M)": 0.21}, {"rank": 19, "name": "0883 Long", "outflow (M)": 0.2}, {"rank": 20, "name": "0728 Long", "outflow (M)": 0.13}], "stats": {"hsi long pos": "+27.67M", "hsi short pos:": "-17.96M", "stocks long pos": "+22.99M", "stocks short pos": "-3.92M"}}