{"top20inflow_1d": [{"rank": 1, "name": "HSI Long", "inflow (M)": 154.3}, {"rank": 2, "name": "0700 Long", "inflow (M)": 23.1}, {"rank": 3, "name": "3690 Long", "inflow (M)": 10.74}, {"rank": 4, "name": "9988 Long", "inflow (M)": 7.74}, {"rank": 5, "name": "1109 Long", "inflow (M)": 4.13}, {"rank": 6, "name": "1299 Long", "inflow (M)": 3.64}, {"rank": 7, "name": "2015 Long", "inflow (M)": 2.73}, {"rank": 8, "name": "0388 Long", "inflow (M)": 2.2}, {"rank": 9, "name": "SPX Short", "inflow (M)": 1.95}, {"rank": 10, "name": "2318 Long", "inflow (M)": 1.91}, {"rank": 11, "name": "0883 Long", "inflow (M)": 1.41}, {"rank": 12, "name": "2899 Long", "inflow (M)": 1.34}, {"rank": 13, "name": "2382 Long", "inflow (M)": 1.27}, {"rank": 14, "name": "1211 Long", "inflow (M)": 1.17}, {"rank": 15, "name": "0386 Long", "inflow (M)": 0.76}, {"rank": 16, "name": "2840 Long", "inflow (M)": 0.7}, {"rank": 17, "name": "2318 Short", "inflow (M)": 0.6}, {"rank": 18, "name": "DJI Short", "inflow (M)": 0.6}, {"rank": 19, "name": "1113 Long", "inflow (M)": 0.6}, {"rank": 20, "name": "2331 Long", "inflow (M)": 0.6}], "top20outflow_1d": [{"rank": 1, "name": "HSI Short", "outflow (M)": 44.86}, {"rank": 2, "name": "0700 Short", "outflow (M)": 11.17}, {"rank": 3, "name": "0941 Long", "outflow (M)": 4.62}, {"rank": 4, "name": "3690 Short", "outflow (M)": 3.53}, {"rank": 5, "name": "9618 Short", "outflow (M)": 3.0}, {"rank": 6, "name": "2600 Long", "outflow (M)": 1.53}, {"rank": 7, "name": "2018 Long", "outflow (M)": 1.5}, {"rank": 8, "name": "9618 Long", "outflow (M)": 1.28}, {"rank": 9, "name": "0939 Long", "outflow (M)": 1.14}, {"rank": 10, "name": "1211 Short", "outflow (M)": 1.05}, {"rank": 11, "name": "3968 Long", "outflow (M)": 0.97}, {"rank": 12, "name": "0388 Short", "outflow (M)": 0.71}, {"rank": 13, "name": "0857 Short", "outflow (M)": 0.67}, {"rank": 14, "name": "HSTECH Short", "outflow (M)": 0.62}, {"rank": 15, "name": "0358 Long", "outflow (M)": 0.6}, {"rank": 16, "name": "9988 Short", "outflow (M)": 0.58}, {"rank": 17, "name": "9888 Long", "outflow (M)": 0.47}, {"rank": 18, "name": "NVDAO Long", "outflow (M)": 0.46}, {"rank": 19, "name": "2015 Short", "outflow (M)": 0.46}, {"rank": 20, "name": "1398 Long", "outflow (M)": 0.36}], "stats": {"hsi long pos": "-54.60M", "hsi short pos:": "+41.59M", "stocks long pos": "+5.94M", "stocks short pos": "+9.18M"}}