{"top20inflow_10d": [{"rank": 1, "name": "HSI Long", "inflow (M)": 751.98}, {"rank": 2, "name": "3690 Long", "inflow (M)": 126.76}, {"rank": 3, "name": "0388 Long", "inflow (M)": 52.83}, {"rank": 4, "name": "0700 Long", "inflow (M)": 39.93}, {"rank": 5, "name": "9988 Long", "inflow (M)": 39.63}, {"rank": 6, "name": "1211 Long", "inflow (M)": 32.61}, {"rank": 7, "name": "2318 Long", "inflow (M)": 15.33}, {"rank": 8, "name": "1299 Long", "inflow (M)": 12.56}, {"rank": 9, "name": "DJI Short", "inflow (M)": 8.01}, {"rank": 10, "name": "2269 Long", "inflow (M)": 7.24}, {"rank": 11, "name": "HSTECH Long", "inflow (M)": 5.44}, {"rank": 12, "name": "1024 Long", "inflow (M)": 5.35}, {"rank": 13, "name": "0175 Long", "inflow (M)": 4.11}, {"rank": 14, "name": "9999 Short", "inflow (M)": 3.82}, {"rank": 15, "name": "3968 Long", "inflow (M)": 3.31}, {"rank": 16, "name": "0823 Long", "inflow (M)": 2.79}, {"rank": 17, "name": "9868 Long", "inflow (M)": 2.75}, {"rank": 18, "name": "0027 Long", "inflow (M)": 2.72}, {"rank": 19, "name": "0753 Long", "inflow (M)": 2.39}, {"rank": 20, "name": "2800 Long", "inflow (M)": 2.21}], "top20outflow_10d": [{"rank": 1, "name": "HSI Short", "outflow (M)": 200.03}, {"rank": 2, "name": "9988 Short", "outflow (M)": 51.91}, {"rank": 3, "name": "1211 Short", "outflow (M)": 16.81}, {"rank": 4, "name": "3690 Short", "outflow (M)": 16.1}, {"rank": 5, "name": "1810 Long", "outflow (M)": 9.57}, {"rank": 6, "name": "1810 Short", "outflow (M)": 6.93}, {"rank": 7, "name": "1299 Short", "outflow (M)": 4.12}, {"rank": 8, "name": "0700 Short", "outflow (M)": 2.47}, {"rank": 9, "name": "0981 Long", "outflow (M)": 2.24}, {"rank": 10, "name": "0883 Long", "outflow (M)": 2.12}, {"rank": 11, "name": "2015 Short", "outflow (M)": 2.11}, {"rank": 12, "name": "1024 Short", "outflow (M)": 2.1}, {"rank": 13, "name": "0388 Short", "outflow (M)": 1.77}, {"rank": 14, "name": "2318 Short", "outflow (M)": 1.51}, {"rank": 15, "name": "HSTECH Short", "outflow (M)": 1.46}, {"rank": 16, "name": "2382 Short", "outflow (M)": 1.18}, {"rank": 17, "name": "1171 Long", "outflow (M)": 1.17}, {"rank": 18, "name": "0902 Long", "outflow (M)": 1.1}, {"rank": 19, "name": "2013 Long", "outflow (M)": 0.94}, {"rank": 20, "name": "3968 Short", "outflow (M)": 0.93}], "stats": {"hsi long pos": "+751.98M", "hsi short pos:": "-200.03M", "stocks long pos": "+356.19M", "stocks short pos": "-104.97M"}}