{"top20inflow_5d": [{"rank": 1, "name": "HSI Short", "inflow (M)": 248.67}, {"rank": 2, "name": "0700 Short", "inflow (M)": 18.35}, {"rank": 3, "name": "NDX Long", "inflow (M)": 13.0}, {"rank": 4, "name": "1211 Short", "inflow (M)": 12.47}, {"rank": 5, "name": "0941 Long", "inflow (M)": 8.84}, {"rank": 6, "name": "0883 Long", "inflow (M)": 7.56}, {"rank": 7, "name": "9988 Long", "inflow (M)": 5.78}, {"rank": 8, "name": "9618 Short", "inflow (M)": 5.24}, {"rank": 9, "name": "1810 Short", "inflow (M)": 4.62}, {"rank": 10, "name": "1810 Long", "inflow (M)": 4.53}, {"rank": 11, "name": "0388 Short", "inflow (M)": 4.29}, {"rank": 12, "name": "2269 Long", "inflow (M)": 3.9}, {"rank": 13, "name": "SPX Long", "inflow (M)": 3.41}, {"rank": 14, "name": "0788 Long", "inflow (M)": 2.61}, {"rank": 15, "name": "0981 Long", "inflow (M)": 2.31}, {"rank": 16, "name": "0763 Long", "inflow (M)": 2.29}, {"rank": 17, "name": "9999 Long", "inflow (M)": 1.81}, {"rank": 18, "name": "0011 Long", "inflow (M)": 1.59}, {"rank": 19, "name": "2318 Short", "inflow (M)": 1.45}, {"rank": 20, "name": "3988 Short", "inflow (M)": 1.34}], "top20outflow_5d": [{"rank": 1, "name": "HSI Long", "outflow (M)": 265.1}, {"rank": 2, "name": "3690 Long", "outflow (M)": 58.71}, {"rank": 3, "name": "0700 Long", "outflow (M)": 43.84}, {"rank": 4, "name": "0388 Long", "outflow (M)": 13.41}, {"rank": 5, "name": "1211 Long", "outflow (M)": 11.72}, {"rank": 6, "name": "1299 Long", "outflow (M)": 6.44}, {"rank": 7, "name": "1109 Long", "outflow (M)": 5.29}, {"rank": 8, "name": "9626 Long", "outflow (M)": 2.9}, {"rank": 9, "name": "9888 Long", "outflow (M)": 2.8}, {"rank": 10, "name": "HSTECH Long", "outflow (M)": 2.75}, {"rank": 11, "name": "2840 Long", "outflow (M)": 1.9}, {"rank": 12, "name": "0386 Long", "outflow (M)": 1.75}, {"rank": 13, "name": "0857 Long", "outflow (M)": 1.63}, {"rank": 14, "name": "9618 Long", "outflow (M)": 1.55}, {"rank": 15, "name": "3690 Short", "outflow (M)": 1.48}, {"rank": 16, "name": "2015 Long", "outflow (M)": 1.41}, {"rank": 17, "name": "2331 Long", "outflow (M)": 1.36}, {"rank": 18, "name": "2628 Long", "outflow (M)": 1.17}, {"rank": 19, "name": "3988 Long", "outflow (M)": 1.14}, {"rank": 20, "name": "0005 Short", "outflow (M)": 1.09}], "stats": {"hsi long pos": "-258.55M", "hsi short pos:": "+241.73M", "stocks long pos": "-115.94M", "stocks short pos": "+50.27M"}}