{"top20inflow_1d": [{"rank": 1, "name": "HSI Short", "inflow (M)": 86.44}, {"rank": 2, "name": "0700 Short", "inflow (M)": 12.56}, {"rank": 3, "name": "1211 Short", "inflow (M)": 5.92}, {"rank": 4, "name": "1810 Short", "inflow (M)": 3.49}, {"rank": 5, "name": "0388 Short", "inflow (M)": 3.46}, {"rank": 6, "name": "9618 Short", "inflow (M)": 2.37}, {"rank": 7, "name": "0005 Long", "inflow (M)": 1.25}, {"rank": 8, "name": "N225 Long", "inflow (M)": 0.65}, {"rank": 9, "name": "0902 Long", "inflow (M)": 0.59}, {"rank": 10, "name": "0960 Long", "inflow (M)": 0.54}, {"rank": 11, "name": "0788 Long", "inflow (M)": 0.53}, {"rank": 12, "name": "1024 Short", "inflow (M)": 0.53}, {"rank": 13, "name": "2318 Short", "inflow (M)": 0.5}, {"rank": 14, "name": "2015 Long", "inflow (M)": 0.48}, {"rank": 15, "name": "0883 Long", "inflow (M)": 0.34}, {"rank": 16, "name": "0019 Long", "inflow (M)": 0.32}, {"rank": 17, "name": "9698 Long", "inflow (M)": 0.3}, {"rank": 18, "name": "3968 Short", "inflow (M)": 0.27}, {"rank": 19, "name": "HSTECH Short", "inflow (M)": 0.26}, {"rank": 20, "name": "2020 Short", "inflow (M)": 0.24}], "top20outflow_1d": [{"rank": 1, "name": "HSI Long", "outflow (M)": 86.83}, {"rank": 2, "name": "0700 Long", "outflow (M)": 16.55}, {"rank": 3, "name": "2318 Long", "outflow (M)": 4.72}, {"rank": 4, "name": "1211 Long", "outflow (M)": 4.42}, {"rank": 5, "name": "1299 Long", "outflow (M)": 4.22}, {"rank": 6, "name": "3690 Long", "outflow (M)": 3.01}, {"rank": 7, "name": "2331 Long", "outflow (M)": 1.85}, {"rank": 8, "name": "0388 Long", "outflow (M)": 1.68}, {"rank": 9, "name": "9618 Long", "outflow (M)": 1.64}, {"rank": 10, "name": "NDX Short", "outflow (M)": 1.27}, {"rank": 11, "name": "1109 Long", "outflow (M)": 1.1}, {"rank": 12, "name": "9888 Long", "outflow (M)": 1.08}, {"rank": 13, "name": "0005 Short", "outflow (M)": 0.9}, {"rank": 14, "name": "9988 Long", "outflow (M)": 0.87}, {"rank": 15, "name": "3690 Short", "outflow (M)": 0.69}, {"rank": 16, "name": "2840 Long", "outflow (M)": 0.53}, {"rank": 17, "name": "2628 Long", "outflow (M)": 0.52}, {"rank": 18, "name": "9999 Long", "outflow (M)": 0.51}, {"rank": 19, "name": "0939 Long", "outflow (M)": 0.43}, {"rank": 20, "name": "1799 Long", "outflow (M)": 0.41}], "stats": {"hsi long pos": "-197.04M", "hsi short pos:": "+182.74M", "stocks long pos": "-69.96M", "stocks short pos": "+42.92M"}}