{"top20inflow_1d": [{"rank": 1, "name": "HSI Long", "inflow (M)": 22.12}, {"rank": 2, "name": "0700 Long", "inflow (M)": 6.52}, {"rank": 3, "name": "3690 Long", "inflow (M)": 4.57}, {"rank": 4, "name": "3690 Short", "inflow (M)": 3.92}, {"rank": 5, "name": "9988 Long", "inflow (M)": 2.96}, {"rank": 6, "name": "1211 Long", "inflow (M)": 2.48}, {"rank": 7, "name": "0388 Short", "inflow (M)": 1.63}, {"rank": 8, "name": "1810 Short", "inflow (M)": 1.49}, {"rank": 9, "name": "2269 Long", "inflow (M)": 1.28}, {"rank": 10, "name": "0005 Long", "inflow (M)": 1.09}, {"rank": 11, "name": "0388 Long", "inflow (M)": 1.03}, {"rank": 12, "name": "1299 Long", "inflow (M)": 0.97}, {"rank": 13, "name": "2318 Short", "inflow (M)": 0.96}, {"rank": 14, "name": "9988 Short", "inflow (M)": 0.92}, {"rank": 15, "name": "1810 Long", "inflow (M)": 0.77}, {"rank": 16, "name": "2382 Long", "inflow (M)": 0.68}, {"rank": 17, "name": "0992 Long", "inflow (M)": 0.57}, {"rank": 18, "name": "0941 Long", "inflow (M)": 0.55}, {"rank": 19, "name": "9618 Long", "inflow (M)": 0.54}, {"rank": 20, "name": "1928 Long", "inflow (M)": 0.48}], "top20outflow_1d": [{"rank": 1, "name": "1211 Short", "outflow (M)": 5.94}, {"rank": 2, "name": "0700 Short", "outflow (M)": 5.14}, {"rank": 3, "name": "0883 Long", "outflow (M)": 4.19}, {"rank": 4, "name": "HSI Short", "outflow (M)": 3.71}, {"rank": 5, "name": "1299 Short", "outflow (M)": 1.16}, {"rank": 6, "name": "N225 Long", "outflow (M)": 0.47}, {"rank": 7, "name": "0960 Long", "outflow (M)": 0.39}, {"rank": 8, "name": "9618 Short", "outflow (M)": 0.38}, {"rank": 9, "name": "0941 Short", "outflow (M)": 0.31}, {"rank": 10, "name": "2015 Short", "outflow (M)": 0.3}, {"rank": 11, "name": "0386 Long", "outflow (M)": 0.29}, {"rank": 12, "name": "0857 Long", "outflow (M)": 0.25}, {"rank": 13, "name": "2333 Long", "outflow (M)": 0.23}, {"rank": 14, "name": "3800 Long", "outflow (M)": 0.22}, {"rank": 15, "name": "0939 Long", "outflow (M)": 0.22}, {"rank": 16, "name": "0762 Long", "outflow (M)": 0.17}, {"rank": 17, "name": "1024 Short", "outflow (M)": 0.16}, {"rank": 18, "name": "9868 Long", "outflow (M)": 0.16}, {"rank": 19, "name": "9888 Short", "outflow (M)": 0.14}, {"rank": 20, "name": "0669 Short", "outflow (M)": 0.13}], "stats": {"hsi long pos": "+44.46M", "hsi short pos:": "-25.67M", "stocks long pos": "+34.99M", "stocks short pos": "-6.76M"}}