{"top20inflow_1d": [{"rank": 1, "name": "HSI Short", "inflow (M)": 47.71}, {"rank": 2, "name": "1024 Long", "inflow (M)": 0.91}, {"rank": 3, "name": "1810 Short", "inflow (M)": 0.87}, {"rank": 4, "name": "1211 Short", "inflow (M)": 0.82}, {"rank": 5, "name": "JPYD Long", "inflow (M)": 0.68}, {"rank": 6, "name": "9999 Short", "inflow (M)": 0.66}, {"rank": 7, "name": "NDX Long", "inflow (M)": 0.6}, {"rank": 8, "name": "0941 Short", "inflow (M)": 0.51}, {"rank": 9, "name": "3988 Short", "inflow (M)": 0.32}, {"rank": 10, "name": "0857 Short", "inflow (M)": 0.31}, {"rank": 11, "name": "1797 Long", "inflow (M)": 0.3}, {"rank": 12, "name": "0005 Short", "inflow (M)": 0.29}, {"rank": 13, "name": "9866 Short", "inflow (M)": 0.28}, {"rank": 14, "name": "N225 Short", "inflow (M)": 0.24}, {"rank": 15, "name": "1299 Short", "inflow (M)": 0.19}, {"rank": 16, "name": "NDX Short", "inflow (M)": 0.18}, {"rank": 17, "name": "DJI Short", "inflow (M)": 0.17}, {"rank": 18, "name": "2015 Short", "inflow (M)": 0.16}, {"rank": 19, "name": "1177 Long", "inflow (M)": 0.15}, {"rank": 20, "name": "0883 Short", "inflow (M)": 0.13}], "top20outflow_1d": [{"rank": 1, "name": "HSI Long", "outflow (M)": 36.84}, {"rank": 2, "name": "0700 Short", "outflow (M)": 27.71}, {"rank": 3, "name": "0700 Long", "outflow (M)": 16.39}, {"rank": 4, "name": "1024 Short", "outflow (M)": 3.19}, {"rank": 5, "name": "9988 Long", "outflow (M)": 2.86}, {"rank": 6, "name": "3690 Long", "outflow (M)": 2.16}, {"rank": 7, "name": "1810 Long", "outflow (M)": 1.65}, {"rank": 8, "name": "0941 Long", "outflow (M)": 1.48}, {"rank": 9, "name": "3690 Short", "outflow (M)": 1.1}, {"rank": 10, "name": "0388 Long", "outflow (M)": 1.04}, {"rank": 11, "name": "0992 Long", "outflow (M)": 0.79}, {"rank": 12, "name": "1797 Short", "outflow (M)": 0.74}, {"rank": 13, "name": "9868 Short", "outflow (M)": 0.65}, {"rank": 14, "name": "0005 Long", "outflow (M)": 0.65}, {"rank": 15, "name": "HSTECH Long", "outflow (M)": 0.54}, {"rank": 16, "name": "9999 Long", "outflow (M)": 0.46}, {"rank": 17, "name": "1211 Long", "outflow (M)": 0.39}, {"rank": 18, "name": "9888 Short", "outflow (M)": 0.38}, {"rank": 19, "name": "9988 Short", "outflow (M)": 0.36}, {"rank": 20, "name": "9618 Long", "outflow (M)": 0.35}], "stats": {"hsi long pos": "-36.84M", "hsi short pos:": "+47.71M", "stocks long pos": "-28.79M", "stocks short pos": "-30.35M"}}