{"top20inflow_10d": [{"rank": 1, "name": "HSI Short", "inflow (M)": 98.72}, {"rank": 2, "name": "9988 Long", "inflow (M)": 28.97}, {"rank": 3, "name": "1299 Long", "inflow (M)": 23.79}, {"rank": 4, "name": "2269 Long", "inflow (M)": 17.3}, {"rank": 5, "name": "NDX Long", "inflow (M)": 13.52}, {"rank": 6, "name": "0941 Long", "inflow (M)": 12.2}, {"rank": 7, "name": "1211 Short", "inflow (M)": 11.56}, {"rank": 8, "name": "0700 Short", "inflow (M)": 11.26}, {"rank": 9, "name": "9618 Short", "inflow (M)": 10.54}, {"rank": 10, "name": "1810 Long", "inflow (M)": 7.97}, {"rank": 11, "name": "JPYD Long", "inflow (M)": 6.63}, {"rank": 12, "name": "0883 Long", "inflow (M)": 6.05}, {"rank": 13, "name": "0763 Long", "inflow (M)": 4.64}, {"rank": 14, "name": "0788 Long", "inflow (M)": 4.5}, {"rank": 15, "name": "9999 Long", "inflow (M)": 4.38}, {"rank": 16, "name": "SPX Long", "inflow (M)": 3.34}, {"rank": 17, "name": "2015 Long", "inflow (M)": 3.11}, {"rank": 18, "name": "0005 Short", "inflow (M)": 2.26}, {"rank": 19, "name": "0388 Short", "inflow (M)": 2.08}, {"rank": 20, "name": "2318 Long", "inflow (M)": 1.91}], "top20outflow_10d": [{"rank": 1, "name": "3690 Long", "outflow (M)": 55.39}, {"rank": 2, "name": "HSI Long", "outflow (M)": 52.37}, {"rank": 3, "name": "0700 Long", "outflow (M)": 12.5}, {"rank": 4, "name": "1211 Long", "outflow (M)": 10.79}, {"rank": 5, "name": "3690 Short", "outflow (M)": 8.24}, {"rank": 6, "name": "3968 Long", "outflow (M)": 7.54}, {"rank": 7, "name": "0005 Long", "outflow (M)": 5.87}, {"rank": 8, "name": "1109 Long", "outflow (M)": 4.47}, {"rank": 9, "name": "2015 Short", "outflow (M)": 4.23}, {"rank": 10, "name": "9618 Long", "outflow (M)": 3.81}, {"rank": 11, "name": "1299 Short", "outflow (M)": 3.47}, {"rank": 12, "name": "2840 Long", "outflow (M)": 3.33}, {"rank": 13, "name": "HSTECH Long", "outflow (M)": 2.82}, {"rank": 14, "name": "9988 Short", "outflow (M)": 2.6}, {"rank": 15, "name": "9961 Short", "outflow (M)": 1.92}, {"rank": 16, "name": "0857 Long", "outflow (M)": 1.82}, {"rank": 17, "name": "3988 Long", "outflow (M)": 1.71}, {"rank": 18, "name": "2822 Long", "outflow (M)": 1.56}, {"rank": 19, "name": "0992 Long", "outflow (M)": 1.43}, {"rank": 20, "name": "0388 Long", "outflow (M)": 1.28}], "stats": {"hsi long pos": "-54.11M", "hsi short pos:": "+104.88M", "stocks long pos": "+26.44M", "stocks short pos": "+20.15M"}}