{"top20inflow_10d": [{"rank": 1, "name": "HSI Short", "inflow (M)": 188.61}, {"rank": 2, "name": "HSI Long", "inflow (M)": 99.67}, {"rank": 3, "name": "0700 Short", "inflow (M)": 51.33}, {"rank": 4, "name": "9988 Long", "inflow (M)": 38.83}, {"rank": 5, "name": "3690 Short", "inflow (M)": 34.12}, {"rank": 6, "name": "1299 Long", "inflow (M)": 21.0}, {"rank": 7, "name": "2015 Long", "inflow (M)": 8.27}, {"rank": 8, "name": "1211 Long", "inflow (M)": 8.11}, {"rank": 9, "name": "0388 Short", "inflow (M)": 8.09}, {"rank": 10, "name": "0857 Long", "inflow (M)": 7.48}, {"rank": 11, "name": "HSTECH Long", "inflow (M)": 7.1}, {"rank": 12, "name": "0388 Long", "inflow (M)": 6.38}, {"rank": 13, "name": "0027 Long", "inflow (M)": 6.08}, {"rank": 14, "name": "0883 Long", "inflow (M)": 5.65}, {"rank": 15, "name": "9618 Long", "inflow (M)": 5.13}, {"rank": 16, "name": "1928 Long", "inflow (M)": 4.99}, {"rank": 17, "name": "0268 Long", "inflow (M)": 4.04}, {"rank": 18, "name": "1024 Short", "inflow (M)": 3.69}, {"rank": 19, "name": "9999 Long", "inflow (M)": 3.34}, {"rank": 20, "name": "2899 Long", "inflow (M)": 3.32}], "top20outflow_10d": [{"rank": 1, "name": "0700 Long", "outflow (M)": 45.87}, {"rank": 2, "name": "1810 Long", "outflow (M)": 7.85}, {"rank": 3, "name": "3968 Long", "outflow (M)": 6.14}, {"rank": 4, "name": "0941 Long", "outflow (M)": 5.95}, {"rank": 5, "name": "1211 Short", "outflow (M)": 4.77}, {"rank": 6, "name": "NDX Short", "outflow (M)": 4.16}, {"rank": 7, "name": "N225 Short", "outflow (M)": 3.88}, {"rank": 8, "name": "SPX Short", "outflow (M)": 2.93}, {"rank": 9, "name": "0175 Long", "outflow (M)": 2.63}, {"rank": 10, "name": "2020 Short", "outflow (M)": 2.31}, {"rank": 11, "name": "1024 Long", "outflow (M)": 2.23}, {"rank": 12, "name": "0386 Long", "outflow (M)": 2.03}, {"rank": 13, "name": "9961 Short", "outflow (M)": 1.95}, {"rank": 14, "name": "9868 Short", "outflow (M)": 1.28}, {"rank": 15, "name": "DJI Short", "outflow (M)": 1.21}, {"rank": 16, "name": "0005 Long", "outflow (M)": 1.15}, {"rank": 17, "name": "2628 Long", "outflow (M)": 1.07}, {"rank": 18, "name": "0883 Short", "outflow (M)": 1.06}, {"rank": 19, "name": "0175 Short", "outflow (M)": 0.87}, {"rank": 20, "name": "2840 Long", "outflow (M)": 0.84}], "stats": {"hsi long pos": "+99.67M", "hsi short pos:": "+188.61M", "stocks long pos": "+86.53M", "stocks short pos": "+94.61M"}}