{"top20inflow_20d": [{"rank": 1, "name": "HSI Short", "inflow (M)": 456.92}, {"rank": 2, "name": "2269 Long", "inflow (M)": 22.17}, {"rank": 3, "name": "9988 Long", "inflow (M)": 17.33}, {"rank": 4, "name": "1211 Long", "inflow (M)": 14.28}, {"rank": 5, "name": "0005 Long", "inflow (M)": 13.12}, {"rank": 6, "name": "3690 Short", "inflow (M)": 12.82}, {"rank": 7, "name": "0981 Long", "inflow (M)": 10.83}, {"rank": 8, "name": "2269 Short", "inflow (M)": 10.81}, {"rank": 9, "name": "3968 Long", "inflow (M)": 10.32}, {"rank": 10, "name": "0883 Long", "inflow (M)": 7.95}, {"rank": 11, "name": "2318 Long", "inflow (M)": 7.88}, {"rank": 12, "name": "9961 Short", "inflow (M)": 7.78}, {"rank": 13, "name": "0700 Short", "inflow (M)": 6.93}, {"rank": 14, "name": "DJI Short", "inflow (M)": 6.19}, {"rank": 15, "name": "0388 Long", "inflow (M)": 6.09}, {"rank": 16, "name": "1810 Long", "inflow (M)": 6.02}, {"rank": 17, "name": "3968 Short", "inflow (M)": 5.99}, {"rank": 18, "name": "NDX Short", "inflow (M)": 5.38}, {"rank": 19, "name": "SPX Short", "inflow (M)": 5.0}, {"rank": 20, "name": "0992 Long", "inflow (M)": 4.78}], "top20outflow_20d": [{"rank": 1, "name": "HSI Long", "outflow (M)": 246.87}, {"rank": 2, "name": "1211 Short", "outflow (M)": 43.06}, {"rank": 3, "name": "0700 Long", "outflow (M)": 17.05}, {"rank": 4, "name": "3690 Long", "outflow (M)": 8.66}, {"rank": 5, "name": "1299 Long", "outflow (M)": 5.11}, {"rank": 6, "name": "0941 Long", "outflow (M)": 4.37}, {"rank": 7, "name": "9888 Long", "outflow (M)": 2.76}, {"rank": 8, "name": "0788 Long", "outflow (M)": 2.62}, {"rank": 9, "name": "0992 Short", "outflow (M)": 2.56}, {"rank": 10, "name": "1928 Long", "outflow (M)": 2.26}, {"rank": 11, "name": "0027 Long", "outflow (M)": 1.96}, {"rank": 12, "name": "1398 Long", "outflow (M)": 1.84}, {"rank": 13, "name": "2822 Long", "outflow (M)": 1.38}, {"rank": 14, "name": "2800 Long", "outflow (M)": 1.06}, {"rank": 15, "name": "NDX Long", "outflow (M)": 0.75}, {"rank": 16, "name": "1171 Long", "outflow (M)": 0.73}, {"rank": 17, "name": "N225 Long", "outflow (M)": 0.72}, {"rank": 18, "name": "2338 Long", "outflow (M)": 0.59}, {"rank": 19, "name": "1801 Long", "outflow (M)": 0.56}, {"rank": 20, "name": "1658 Long", "outflow (M)": 0.51}], "stats": {"hsi long pos": "-246.87M", "hsi short pos:": "+456.92M", "stocks long pos": "+109.55M", "stocks short pos": "+43.83M"}}