{"top20inflow_10d": [{"rank": 1, "name": "1299 Long", "inflow (M)": 54.8}, {"rank": 2, "name": "HSI Short", "inflow (M)": 47.37}, {"rank": 3, "name": "0700 Short", "inflow (M)": 36.84}, {"rank": 4, "name": "0388 Long", "inflow (M)": 30.9}, {"rank": 5, "name": "3690 Short", "inflow (M)": 20.9}, {"rank": 6, "name": "9988 Long", "inflow (M)": 17.62}, {"rank": 7, "name": "1211 Long", "inflow (M)": 10.31}, {"rank": 8, "name": "1810 Short", "inflow (M)": 7.4}, {"rank": 9, "name": "2318 Long", "inflow (M)": 7.25}, {"rank": 10, "name": "2382 Long", "inflow (M)": 6.94}, {"rank": 11, "name": "2015 Long", "inflow (M)": 5.58}, {"rank": 12, "name": "1810 Long", "inflow (M)": 5.12}, {"rank": 13, "name": "0981 Long", "inflow (M)": 5.05}, {"rank": 14, "name": "9868 Long", "inflow (M)": 4.4}, {"rank": 15, "name": "0268 Long", "inflow (M)": 4.25}, {"rank": 16, "name": "1024 Long", "inflow (M)": 4.24}, {"rank": 17, "name": "2883 Long", "inflow (M)": 3.84}, {"rank": 18, "name": "N225 Short", "inflow (M)": 3.1}, {"rank": 19, "name": "0883 Short", "inflow (M)": 2.9}, {"rank": 20, "name": "DJI Short", "inflow (M)": 2.19}], "top20outflow_10d": [{"rank": 1, "name": "3690 Long", "outflow (M)": 35.26}, {"rank": 2, "name": "HSI Long", "outflow (M)": 24.48}, {"rank": 3, "name": "0005 Long", "outflow (M)": 14.02}, {"rank": 4, "name": "0700 Long", "outflow (M)": 8.86}, {"rank": 5, "name": "0388 Short", "outflow (M)": 8.39}, {"rank": 6, "name": "0883 Long", "outflow (M)": 7.23}, {"rank": 7, "name": "1211 Short", "outflow (M)": 6.6}, {"rank": 8, "name": "9618 Long", "outflow (M)": 3.67}, {"rank": 9, "name": "2015 Short", "outflow (M)": 2.68}, {"rank": 10, "name": "0386 Long", "outflow (M)": 2.22}, {"rank": 11, "name": "1357 Long", "outflow (M)": 2.22}, {"rank": 12, "name": "2269 Short", "outflow (M)": 1.57}, {"rank": 13, "name": "2840 Long", "outflow (M)": 1.51}, {"rank": 14, "name": "0175 Long", "outflow (M)": 1.5}, {"rank": 15, "name": "2318 Short", "outflow (M)": 1.37}, {"rank": 16, "name": "9618 Short", "outflow (M)": 1.07}, {"rank": 17, "name": "9698 Long", "outflow (M)": 0.99}, {"rank": 18, "name": "3888 Long", "outflow (M)": 0.95}, {"rank": 19, "name": "9868 Short", "outflow (M)": 0.95}, {"rank": 20, "name": "2600 Long", "outflow (M)": 0.94}], "stats": {"hsi long pos": "+74.93M", "hsi short pos:": "-33.70M", "stocks long pos": "+105.50M", "stocks short pos": "+39.63M"}}