{"top20inflow_10d": [{"rank": 1, "name": "HSI Short", "inflow (M)": 213.26}, {"rank": 2, "name": "9988 Long", "inflow (M)": 27.36}, {"rank": 3, "name": "3690 Short", "inflow (M)": 13.64}, {"rank": 4, "name": "2269 Long", "inflow (M)": 13.24}, {"rank": 5, "name": "0700 Short", "inflow (M)": 9.0}, {"rank": 6, "name": "HSTECH Long", "inflow (M)": 7.01}, {"rank": 7, "name": "0981 Long", "inflow (M)": 3.93}, {"rank": 8, "name": "0700 Long", "inflow (M)": 3.65}, {"rank": 9, "name": "0175 Long", "inflow (M)": 3.59}, {"rank": 10, "name": "DJI Short", "inflow (M)": 3.22}, {"rank": 11, "name": "3968 Short", "inflow (M)": 2.88}, {"rank": 12, "name": "1299 Short", "inflow (M)": 2.75}, {"rank": 13, "name": "1109 Long", "inflow (M)": 2.73}, {"rank": 14, "name": "0883 Long", "inflow (M)": 2.31}, {"rank": 15, "name": "0823 Long", "inflow (M)": 2.25}, {"rank": 16, "name": "9999 Short", "inflow (M)": 2.2}, {"rank": 17, "name": "N225 Short", "inflow (M)": 2.18}, {"rank": 18, "name": "0005 Short", "inflow (M)": 2.16}, {"rank": 19, "name": "NDX Short", "inflow (M)": 2.06}, {"rank": 20, "name": "0941 Long", "inflow (M)": 1.91}], "top20outflow_10d": [{"rank": 1, "name": "HSI Long", "outflow (M)": 56.67}, {"rank": 2, "name": "1211 Short", "outflow (M)": 17.75}, {"rank": 3, "name": "9868 Short", "outflow (M)": 3.94}, {"rank": 4, "name": "9988 Short", "outflow (M)": 3.93}, {"rank": 5, "name": "1928 Long", "outflow (M)": 2.53}, {"rank": 6, "name": "3968 Long", "outflow (M)": 2.51}, {"rank": 7, "name": "1299 Long", "outflow (M)": 2.49}, {"rank": 8, "name": "NDX Long", "outflow (M)": 2.43}, {"rank": 9, "name": "1211 Long", "outflow (M)": 1.77}, {"rank": 10, "name": "1810 Short", "outflow (M)": 1.35}, {"rank": 11, "name": "0027 Long", "outflow (M)": 1.21}, {"rank": 12, "name": "0388 Long", "outflow (M)": 1.06}, {"rank": 13, "name": "0005 Long", "outflow (M)": 1.05}, {"rank": 14, "name": "1398 Long", "outflow (M)": 1.03}, {"rank": 15, "name": "2318 Long", "outflow (M)": 1.02}, {"rank": 16, "name": "9961 Long", "outflow (M)": 0.89}, {"rank": 17, "name": "2020 Long", "outflow (M)": 0.76}, {"rank": 18, "name": "SPX Short", "outflow (M)": 0.72}, {"rank": 19, "name": "N225 Long", "outflow (M)": 0.66}, {"rank": 20, "name": "2318 Short", "outflow (M)": 0.61}], "stats": {"hsi long pos": "-56.67M", "hsi short pos:": "+213.26M", "stocks long pos": "+60.08M", "stocks short pos": "+12.43M"}}