{"top20inflow_20d": [{"rank": 1, "name": "HSI Short", "inflow (M)": 107.29}, {"rank": 2, "name": "0700 Long", "inflow (M)": 87.48}, {"rank": 3, "name": "HSI Long", "inflow (M)": 70.43}, {"rank": 4, "name": "1299 Long", "inflow (M)": 54.78}, {"rank": 5, "name": "9988 Long", "inflow (M)": 48.66}, {"rank": 6, "name": "0941 Long", "inflow (M)": 24.49}, {"rank": 7, "name": "9888 Long", "inflow (M)": 19.32}, {"rank": 8, "name": "1810 Long", "inflow (M)": 18.88}, {"rank": 9, "name": "0388 Long", "inflow (M)": 18.72}, {"rank": 10, "name": "2318 Long", "inflow (M)": 15.07}, {"rank": 11, "name": "2269 Long", "inflow (M)": 14.13}, {"rank": 12, "name": "NDX Long", "inflow (M)": 13.1}, {"rank": 13, "name": "1211 Short", "inflow (M)": 11.8}, {"rank": 14, "name": "2015 Long", "inflow (M)": 8.36}, {"rank": 15, "name": "0027 Long", "inflow (M)": 6.45}, {"rank": 16, "name": "9618 Short", "inflow (M)": 6.39}, {"rank": 17, "name": "JPYD Long", "inflow (M)": 6.36}, {"rank": 18, "name": "0788 Long", "inflow (M)": 5.62}, {"rank": 19, "name": "9961 Long", "inflow (M)": 5.55}, {"rank": 20, "name": "1024 Long", "inflow (M)": 5.23}], "top20outflow_20d": [{"rank": 1, "name": "3690 Long", "outflow (M)": 44.19}, {"rank": 2, "name": "0700 Short", "outflow (M)": 13.59}, {"rank": 3, "name": "1211 Long", "outflow (M)": 8.94}, {"rank": 4, "name": "0005 Long", "outflow (M)": 7.29}, {"rank": 5, "name": "1299 Short", "outflow (M)": 6.56}, {"rank": 6, "name": "3968 Long", "outflow (M)": 6.05}, {"rank": 7, "name": "9988 Short", "outflow (M)": 5.97}, {"rank": 8, "name": "0388 Short", "outflow (M)": 5.55}, {"rank": 9, "name": "3968 Short", "outflow (M)": 5.16}, {"rank": 10, "name": "2269 Short", "outflow (M)": 5.07}, {"rank": 11, "name": "2840 Long", "outflow (M)": 3.65}, {"rank": 12, "name": "0992 Long", "outflow (M)": 3.1}, {"rank": 13, "name": "0027 Short", "outflow (M)": 2.88}, {"rank": 14, "name": "9961 Short", "outflow (M)": 2.84}, {"rank": 15, "name": "1109 Long", "outflow (M)": 2.8}, {"rank": 16, "name": "2318 Short", "outflow (M)": 2.7}, {"rank": 17, "name": "HSTECH Long", "outflow (M)": 1.84}, {"rank": 18, "name": "0939 Short", "outflow (M)": 1.78}, {"rank": 19, "name": "2015 Short", "outflow (M)": 1.63}, {"rank": 20, "name": "0941 Short", "outflow (M)": 1.44}], "stats": {"hsi long pos": "+6.11M", "hsi short pos:": "+109.84M", "stocks long pos": "+286.08M", "stocks short pos": "+13.66M"}}