{"top20inflow_5d": [{"rank": 1, "name": "HSI Short", "inflow (M)": 144.48}, {"rank": 2, "name": "0700 Long", "inflow (M)": 23.0}, {"rank": 3, "name": "0005 Long", "inflow (M)": 20.26}, {"rank": 4, "name": "1211 Short", "inflow (M)": 15.2}, {"rank": 5, "name": "9888 Long", "inflow (M)": 6.89}, {"rank": 6, "name": "2015 Short", "inflow (M)": 6.3}, {"rank": 7, "name": "9961 Short", "inflow (M)": 5.12}, {"rank": 8, "name": "0027 Long", "inflow (M)": 4.46}, {"rank": 9, "name": "0883 Short", "inflow (M)": 4.23}, {"rank": 10, "name": "0941 Long", "inflow (M)": 3.52}, {"rank": 11, "name": "9961 Long", "inflow (M)": 2.32}, {"rank": 12, "name": "1299 Long", "inflow (M)": 2.07}, {"rank": 13, "name": "0388 Long", "inflow (M)": 2.01}, {"rank": 14, "name": "1810 Long", "inflow (M)": 2.0}, {"rank": 15, "name": "2318 Short", "inflow (M)": 1.89}, {"rank": 16, "name": "9618 Long", "inflow (M)": 1.63}, {"rank": 17, "name": "2015 Long", "inflow (M)": 1.56}, {"rank": 18, "name": "0293 Long", "inflow (M)": 1.4}, {"rank": 19, "name": "3968 Short", "inflow (M)": 1.38}, {"rank": 20, "name": "0939 Short", "inflow (M)": 1.26}], "top20outflow_5d": [{"rank": 1, "name": "HSI Long", "outflow (M)": 156.08}, {"rank": 2, "name": "3690 Long", "outflow (M)": 11.15}, {"rank": 3, "name": "3690 Short", "outflow (M)": 8.5}, {"rank": 4, "name": "0005 Short", "outflow (M)": 5.71}, {"rank": 5, "name": "3968 Long", "outflow (M)": 5.25}, {"rank": 6, "name": "0700 Short", "outflow (M)": 5.23}, {"rank": 7, "name": "9988 Long", "outflow (M)": 4.28}, {"rank": 8, "name": "1109 Long", "outflow (M)": 4.07}, {"rank": 9, "name": "0883 Long", "outflow (M)": 3.25}, {"rank": 10, "name": "2269 Short", "outflow (M)": 2.98}, {"rank": 11, "name": "2269 Long", "outflow (M)": 2.83}, {"rank": 12, "name": "0992 Long", "outflow (M)": 2.73}, {"rank": 13, "name": "HSTECH Long", "outflow (M)": 2.64}, {"rank": 14, "name": "1211 Long", "outflow (M)": 2.6}, {"rank": 15, "name": "JPYD= Long", "outflow (M)": 2.23}, {"rank": 16, "name": "0939 Long", "outflow (M)": 1.97}, {"rank": 17, "name": "2822 Long", "outflow (M)": 1.61}, {"rank": 18, "name": "0788 Long", "outflow (M)": 1.2}, {"rank": 19, "name": "0388 Short", "outflow (M)": 1.2}, {"rank": 20, "name": "1398 Long", "outflow (M)": 1.11}], "stats": {"hsi long pos": "-156.08M", "hsi short pos:": "+144.48M", "stocks long pos": "+35.51M", "stocks short pos": "+9.55M"}}