{"top20inflow_10d": [{"rank": 1, "name": "HSI Short", "inflow (M)": 337.47}, {"rank": 2, "name": "0700 Long", "inflow (M)": 31.38}, {"rank": 3, "name": "0005 Long", "inflow (M)": 20.58}, {"rank": 4, "name": "1211 Short", "inflow (M)": 8.51}, {"rank": 5, "name": "9961 Short", "inflow (M)": 8.0}, {"rank": 6, "name": "9888 Long", "inflow (M)": 5.83}, {"rank": 7, "name": "0941 Long", "inflow (M)": 4.91}, {"rank": 8, "name": "0981 Long", "inflow (M)": 4.84}, {"rank": 9, "name": "0883 Short", "inflow (M)": 4.81}, {"rank": 10, "name": "9988 Long", "inflow (M)": 4.24}, {"rank": 11, "name": "3968 Short", "inflow (M)": 3.73}, {"rank": 12, "name": "1211 Long", "inflow (M)": 2.98}, {"rank": 13, "name": "2318 Short", "inflow (M)": 2.93}, {"rank": 14, "name": "9618 Long", "inflow (M)": 2.83}, {"rank": 15, "name": "DJI Short", "inflow (M)": 2.68}, {"rank": 16, "name": "2015 Short", "inflow (M)": 2.55}, {"rank": 17, "name": "1299 Long", "inflow (M)": 2.32}, {"rank": 18, "name": "9999 Short", "inflow (M)": 1.97}, {"rank": 19, "name": "1810 Long", "inflow (M)": 1.89}, {"rank": 20, "name": "0386 Long", "inflow (M)": 1.76}], "top20outflow_10d": [{"rank": 1, "name": "HSI Long", "outflow (M)": 253.37}, {"rank": 2, "name": "3690 Long", "outflow (M)": 21.02}, {"rank": 3, "name": "0700 Short", "outflow (M)": 12.51}, {"rank": 4, "name": "9988 Short", "outflow (M)": 11.3}, {"rank": 5, "name": "3968 Long", "outflow (M)": 6.79}, {"rank": 6, "name": "0388 Long", "outflow (M)": 5.17}, {"rank": 7, "name": "2318 Long", "outflow (M)": 4.38}, {"rank": 8, "name": "2269 Short", "outflow (M)": 3.6}, {"rank": 9, "name": "1928 Long", "outflow (M)": 3.06}, {"rank": 10, "name": "1109 Long", "outflow (M)": 2.83}, {"rank": 11, "name": "0883 Long", "outflow (M)": 2.71}, {"rank": 12, "name": "0939 Long", "outflow (M)": 1.9}, {"rank": 13, "name": "0788 Long", "outflow (M)": 1.71}, {"rank": 14, "name": "0005 Short", "outflow (M)": 1.64}, {"rank": 15, "name": "SPX Short", "outflow (M)": 1.55}, {"rank": 16, "name": "JPYD= Long", "outflow (M)": 1.51}, {"rank": 17, "name": "2628 Long", "outflow (M)": 1.43}, {"rank": 18, "name": "0388 Short", "outflow (M)": 1.4}, {"rank": 19, "name": "1398 Long", "outflow (M)": 1.3}, {"rank": 20, "name": "9868 Short", "outflow (M)": 1.27}], "stats": {"hsi long pos": "-253.37M", "hsi short pos:": "+337.47M", "stocks long pos": "+35.42M", "stocks short pos": "+2.11M"}}