{"top20inflow_10d": [{"rank": 1, "name": "HSI Short", "inflow (M)": 50.64}, {"rank": 2, "name": "0388 Long", "inflow (M)": 35.62}, {"rank": 3, "name": "1299 Long", "inflow (M)": 31.61}, {"rank": 4, "name": "9988 Long", "inflow (M)": 27.51}, {"rank": 5, "name": "3690 Short", "inflow (M)": 20.1}, {"rank": 6, "name": "2318 Long", "inflow (M)": 17.95}, {"rank": 7, "name": "HSI Long", "inflow (M)": 14.98}, {"rank": 8, "name": "9999 Long", "inflow (M)": 7.24}, {"rank": 9, "name": "0981 Long", "inflow (M)": 5.81}, {"rank": 10, "name": "1810 Short", "inflow (M)": 5.7}, {"rank": 11, "name": "0857 Long", "inflow (M)": 5.01}, {"rank": 12, "name": "3993 Long", "inflow (M)": 5.0}, {"rank": 13, "name": "0700 Short", "inflow (M)": 4.63}, {"rank": 14, "name": "0027 Long", "inflow (M)": 4.52}, {"rank": 15, "name": "9988 Short", "inflow (M)": 4.45}, {"rank": 16, "name": "0268 Long", "inflow (M)": 3.99}, {"rank": 17, "name": "2883 Long", "inflow (M)": 3.28}, {"rank": 18, "name": "0883 Short", "inflow (M)": 2.7}, {"rank": 19, "name": "9888 Long", "inflow (M)": 2.62}, {"rank": 20, "name": "2899 Long", "inflow (M)": 2.57}], "top20outflow_10d": [{"rank": 1, "name": "0700 Long", "outflow (M)": 52.27}, {"rank": 2, "name": "3690 Long", "outflow (M)": 13.3}, {"rank": 3, "name": "1810 Long", "outflow (M)": 9.25}, {"rank": 4, "name": "0941 Long", "outflow (M)": 8.85}, {"rank": 5, "name": "0175 Long", "outflow (M)": 6.89}, {"rank": 6, "name": "0005 Long", "outflow (M)": 4.67}, {"rank": 7, "name": "1211 Short", "outflow (M)": 4.29}, {"rank": 8, "name": "1211 Long", "outflow (M)": 3.52}, {"rank": 9, "name": "0358 Long", "outflow (M)": 3.44}, {"rank": 10, "name": "0883 Long", "outflow (M)": 3.14}, {"rank": 11, "name": "0388 Short", "outflow (M)": 2.29}, {"rank": 12, "name": "9698 Long", "outflow (M)": 1.82}, {"rank": 13, "name": "9868 Short", "outflow (M)": 1.81}, {"rank": 14, "name": "0386 Long", "outflow (M)": 1.76}, {"rank": 15, "name": "2840 Long", "outflow (M)": 1.71}, {"rank": 16, "name": "0916 Long", "outflow (M)": 1.69}, {"rank": 17, "name": "2382 Short", "outflow (M)": 1.59}, {"rank": 18, "name": "1024 Short", "outflow (M)": 1.38}, {"rank": 19, "name": "9618 Short", "outflow (M)": 1.36}, {"rank": 20, "name": "2269 Long", "outflow (M)": 1.36}], "stats": {"hsi long pos": "+14.98M", "hsi short pos:": "+50.64M", "stocks long pos": "+65.74M", "stocks short pos": "+33.15M"}}