{"top20inflow_5d": [{"rank": 1, "name": "HSI Short", "inflow (M)": 109.67}, {"rank": 2, "name": "0388 Long", "inflow (M)": 16.07}, {"rank": 3, "name": "2318 Long", "inflow (M)": 6.25}, {"rank": 4, "name": "1299 Long", "inflow (M)": 6.0}, {"rank": 5, "name": "0700 Short", "inflow (M)": 5.76}, {"rank": 6, "name": "3993 Long", "inflow (M)": 5.04}, {"rank": 7, "name": "1810 Long", "inflow (M)": 4.84}, {"rank": 8, "name": "3690 Short", "inflow (M)": 4.35}, {"rank": 9, "name": "9888 Long", "inflow (M)": 3.51}, {"rank": 10, "name": "0005 Short", "inflow (M)": 3.03}, {"rank": 11, "name": "9961 Short", "inflow (M)": 2.87}, {"rank": 12, "name": "0027 Long", "inflow (M)": 2.81}, {"rank": 13, "name": "1211 Short", "inflow (M)": 2.64}, {"rank": 14, "name": "2020 Short", "inflow (M)": 2.56}, {"rank": 15, "name": "DJI Short", "inflow (M)": 2.37}, {"rank": 16, "name": "0981 Long", "inflow (M)": 2.35}, {"rank": 17, "name": "2382 Long", "inflow (M)": 2.22}, {"rank": 18, "name": "0883 Long", "inflow (M)": 2.08}, {"rank": 19, "name": "0268 Long", "inflow (M)": 2.02}, {"rank": 20, "name": "9988 Short", "inflow (M)": 1.97}], "top20outflow_5d": [{"rank": 1, "name": "HSI Long", "outflow (M)": 95.55}, {"rank": 2, "name": "0700 Long", "outflow (M)": 27.86}, {"rank": 3, "name": "3690 Long", "outflow (M)": 10.32}, {"rank": 4, "name": "0941 Long", "outflow (M)": 7.07}, {"rank": 5, "name": "0005 Long", "outflow (M)": 5.41}, {"rank": 6, "name": "1211 Long", "outflow (M)": 4.58}, {"rank": 7, "name": "0175 Long", "outflow (M)": 3.07}, {"rank": 8, "name": "0358 Long", "outflow (M)": 1.9}, {"rank": 9, "name": "1810 Short", "outflow (M)": 1.78}, {"rank": 10, "name": "0939 Long", "outflow (M)": 1.74}, {"rank": 11, "name": "9868 Short", "outflow (M)": 1.73}, {"rank": 12, "name": "2840 Long", "outflow (M)": 1.62}, {"rank": 13, "name": "1299 Short", "outflow (M)": 1.55}, {"rank": 14, "name": "2899 Long", "outflow (M)": 1.51}, {"rank": 15, "name": "3968 Long", "outflow (M)": 1.43}, {"rank": 16, "name": "9961 Long", "outflow (M)": 0.87}, {"rank": 17, "name": "2333 Long", "outflow (M)": 0.85}, {"rank": 18, "name": "0011 Long", "outflow (M)": 0.82}, {"rank": 19, "name": "1818 Long", "outflow (M)": 0.78}, {"rank": 20, "name": "2382 Short", "outflow (M)": 0.65}], "stats": {"hsi long pos": "-95.55M", "hsi short pos:": "+109.67M", "stocks long pos": "+0.90M", "stocks short pos": "+25.89M"}}