{"top20inflow_20d": [{"rank": 1, "name": "HSI Short", "inflow (M)": 143.43}, {"rank": 2, "name": "9988 Long", "inflow (M)": 112.9}, {"rank": 3, "name": "HSI Long", "inflow (M)": 102.88}, {"rank": 4, "name": "9988 Short", "inflow (M)": 77.26}, {"rank": 5, "name": "0700 Short", "inflow (M)": 48.61}, {"rank": 6, "name": "1810 Long", "inflow (M)": 34.51}, {"rank": 7, "name": "2318 Long", "inflow (M)": 29.46}, {"rank": 8, "name": "1810 Short", "inflow (M)": 23.75}, {"rank": 9, "name": "3690 Long", "inflow (M)": 16.21}, {"rank": 10, "name": "DJI Short", "inflow (M)": 9.79}, {"rank": 11, "name": "1211 Long", "inflow (M)": 8.21}, {"rank": 12, "name": "0388 Long", "inflow (M)": 7.67}, {"rank": 13, "name": "0941 Long", "inflow (M)": 7.29}, {"rank": 14, "name": "9888 Long", "inflow (M)": 7.01}, {"rank": 15, "name": "2331 Long", "inflow (M)": 4.4}, {"rank": 16, "name": "6862 Long", "inflow (M)": 4.29}, {"rank": 17, "name": "0883 Long", "inflow (M)": 3.91}, {"rank": 18, "name": "0175 Long", "inflow (M)": 3.62}, {"rank": 19, "name": "0857 Long", "inflow (M)": 2.97}, {"rank": 20, "name": "1801 Long", "inflow (M)": 2.75}], "top20outflow_20d": [{"rank": 1, "name": "0700 Long", "outflow (M)": 27.28}, {"rank": 2, "name": "3690 Short", "outflow (M)": 16.65}, {"rank": 3, "name": "1211 Short", "outflow (M)": 7.63}, {"rank": 4, "name": "9618 Long", "outflow (M)": 7.14}, {"rank": 5, "name": "0388 Short", "outflow (M)": 3.57}, {"rank": 6, "name": "NDX Short", "outflow (M)": 2.84}, {"rank": 7, "name": "1299 Long", "outflow (M)": 2.54}, {"rank": 8, "name": "0005 Short", "outflow (M)": 2.4}, {"rank": 9, "name": "0981 Long", "outflow (M)": 2.34}, {"rank": 10, "name": "0939 Short", "outflow (M)": 2.12}, {"rank": 11, "name": "9992 Long", "outflow (M)": 2.07}, {"rank": 12, "name": "1177 Long", "outflow (M)": 1.96}, {"rank": 13, "name": "0941 Short", "outflow (M)": 1.9}, {"rank": 14, "name": "0823 Long", "outflow (M)": 1.7}, {"rank": 15, "name": "2899 Long", "outflow (M)": 1.64}, {"rank": 16, "name": "0669 Long", "outflow (M)": 1.31}, {"rank": 17, "name": "0857 Short", "outflow (M)": 1.27}, {"rank": 18, "name": "2800 Long", "outflow (M)": 1.15}, {"rank": 19, "name": "0135 Long", "outflow (M)": 0.95}, {"rank": 20, "name": "0005 Long", "outflow (M)": 0.88}], "stats": {"hsi long pos": "+102.88M", "hsi short pos:": "+143.43M", "stocks long pos": "+232.17M", "stocks short pos": "+122.77M"}}