{"top20inflow_10d": [{"rank": 1, "name": "9988 Long", "inflow (M)": 76.79}, {"rank": 2, "name": "9988 Short", "inflow (M)": 62.05}, {"rank": 3, "name": "0700 Short", "inflow (M)": 31.55}, {"rank": 4, "name": "HSI Long", "inflow (M)": 22.07}, {"rank": 5, "name": "1810 Long", "inflow (M)": 19.93}, {"rank": 6, "name": "HSI Short", "inflow (M)": 15.02}, {"rank": 7, "name": "2318 Long", "inflow (M)": 6.54}, {"rank": 8, "name": "DJI Short", "inflow (M)": 5.64}, {"rank": 9, "name": "1810 Short", "inflow (M)": 5.61}, {"rank": 10, "name": "3690 Long", "inflow (M)": 4.77}, {"rank": 11, "name": "NDX Short", "inflow (M)": 3.54}, {"rank": 12, "name": "9618 Short", "inflow (M)": 3.25}, {"rank": 13, "name": "1024 Short", "inflow (M)": 2.96}, {"rank": 14, "name": "0388 Long", "inflow (M)": 2.78}, {"rank": 15, "name": "1801 Long", "inflow (M)": 2.63}, {"rank": 16, "name": "2020 Long", "inflow (M)": 2.17}, {"rank": 17, "name": "2331 Long", "inflow (M)": 1.96}, {"rank": 18, "name": "3968 Long", "inflow (M)": 1.75}, {"rank": 19, "name": "SPX Short", "inflow (M)": 1.62}, {"rank": 20, "name": "1171 Long", "inflow (M)": 1.6}], "top20outflow_10d": [{"rank": 1, "name": "0700 Long", "outflow (M)": 33.24}, {"rank": 2, "name": "9618 Long", "outflow (M)": 5.49}, {"rank": 3, "name": "0005 Long", "outflow (M)": 5.42}, {"rank": 4, "name": "0823 Long", "outflow (M)": 4.67}, {"rank": 5, "name": "1211 Short", "outflow (M)": 4.37}, {"rank": 6, "name": "3690 Short", "outflow (M)": 3.8}, {"rank": 7, "name": "0981 Short", "outflow (M)": 2.99}, {"rank": 8, "name": "0941 Long", "outflow (M)": 2.45}, {"rank": 9, "name": "1299 Long", "outflow (M)": 2.15}, {"rank": 10, "name": "6862 Long", "outflow (M)": 2.13}, {"rank": 11, "name": "2269 Short", "outflow (M)": 1.9}, {"rank": 12, "name": "0857 Long", "outflow (M)": 1.72}, {"rank": 13, "name": "2269 Long", "outflow (M)": 1.57}, {"rank": 14, "name": "0388 Short", "outflow (M)": 1.32}, {"rank": 15, "name": "0135 Long", "outflow (M)": 1.12}, {"rank": 16, "name": "9992 Long", "outflow (M)": 1.1}, {"rank": 17, "name": "0902 Long", "outflow (M)": 1.02}, {"rank": 18, "name": "2015 Short", "outflow (M)": 1.02}, {"rank": 19, "name": "0669 Long", "outflow (M)": 0.89}, {"rank": 20, "name": "0939 Long", "outflow (M)": 0.87}], "stats": {"hsi long pos": "+22.07M", "hsi short pos:": "+15.02M", "stocks long pos": "+77.18M", "stocks short pos": "+93.00M"}}