{"top20inflow_5d": [{"rank": 1, "name": "HSI Short", "inflow (M)": 157.2}, {"rank": 2, "name": "0700 Short", "inflow (M)": 20.99}, {"rank": 3, "name": "3690 Short", "inflow (M)": 12.63}, {"rank": 4, "name": "9988 Short", "inflow (M)": 11.4}, {"rank": 5, "name": "3690 Long", "inflow (M)": 8.69}, {"rank": 6, "name": "2269 Long", "inflow (M)": 6.59}, {"rank": 7, "name": "0388 Long", "inflow (M)": 4.26}, {"rank": 8, "name": "0175 Long", "inflow (M)": 3.61}, {"rank": 9, "name": "9618 Long", "inflow (M)": 3.3}, {"rank": 10, "name": "SPX Short", "inflow (M)": 3.02}, {"rank": 11, "name": "2318 Long", "inflow (M)": 2.93}, {"rank": 12, "name": "1299 Short", "inflow (M)": 1.96}, {"rank": 13, "name": "2269 Short", "inflow (M)": 1.95}, {"rank": 14, "name": "0981 Long", "inflow (M)": 1.87}, {"rank": 15, "name": "NDX Short", "inflow (M)": 1.51}, {"rank": 16, "name": "3968 Short", "inflow (M)": 1.49}, {"rank": 17, "name": "9618 Short", "inflow (M)": 1.43}, {"rank": 18, "name": "1024 Short", "inflow (M)": 1.32}, {"rank": 19, "name": "1109 Long", "inflow (M)": 1.21}, {"rank": 20, "name": "1088 Long", "inflow (M)": 1.11}], "top20outflow_5d": [{"rank": 1, "name": "0700 Long", "outflow (M)": 35.67}, {"rank": 2, "name": "0883 Long", "outflow (M)": 27.96}, {"rank": 3, "name": "1211 Short", "outflow (M)": 20.54}, {"rank": 4, "name": "HSI Long", "outflow (M)": 15.71}, {"rank": 5, "name": "1211 Long", "outflow (M)": 5.19}, {"rank": 6, "name": "9999 Short", "outflow (M)": 3.18}, {"rank": 7, "name": "0005 Long", "outflow (M)": 2.68}, {"rank": 8, "name": "2318 Short", "outflow (M)": 1.84}, {"rank": 9, "name": "1299 Long", "outflow (M)": 1.66}, {"rank": 10, "name": "1024 Long", "outflow (M)": 1.53}, {"rank": 11, "name": "9988 Long", "outflow (M)": 1.48}, {"rank": 12, "name": "HSTECH Long", "outflow (M)": 1.37}, {"rank": 13, "name": "9961 Long", "outflow (M)": 0.84}, {"rank": 14, "name": "0992 Short", "outflow (M)": 0.83}, {"rank": 15, "name": "AAPLO Short", "outflow (M)": 0.73}, {"rank": 16, "name": "2331 Long", "outflow (M)": 0.69}, {"rank": 17, "name": "1810 Short", "outflow (M)": 0.68}, {"rank": 18, "name": "0941 Short", "outflow (M)": 0.66}, {"rank": 19, "name": "1810 Long", "outflow (M)": 0.62}, {"rank": 20, "name": "0027 Long", "outflow (M)": 0.58}], "stats": {"hsi long pos": "-14.55M", "hsi short pos:": "+164.95M", "stocks long pos": "-42.26M", "stocks short pos": "+35.37M"}}