{"top20inflow_20d": [{"rank": 1, "name": "HSI Long", "inflow (M)": 667.06}, {"rank": 2, "name": "3690 Long", "inflow (M)": 68.76}, {"rank": 3, "name": "0700 Long", "inflow (M)": 54.19}, {"rank": 4, "name": "9988 Long", "inflow (M)": 41.38}, {"rank": 5, "name": "0883 Long", "inflow (M)": 37.62}, {"rank": 6, "name": "0388 Long", "inflow (M)": 26.63}, {"rank": 7, "name": "1810 Long", "inflow (M)": 22.98}, {"rank": 8, "name": "1211 Short", "inflow (M)": 20.46}, {"rank": 9, "name": "2318 Long", "inflow (M)": 16.66}, {"rank": 10, "name": "1211 Long", "inflow (M)": 13.49}, {"rank": 11, "name": "JPYD Long", "inflow (M)": 11.21}, {"rank": 12, "name": "HSTECH Long", "inflow (M)": 10.22}, {"rank": 13, "name": "1299 Long", "inflow (M)": 8.49}, {"rank": 14, "name": "DJI Short", "inflow (M)": 8.45}, {"rank": 15, "name": "0981 Long", "inflow (M)": 7.68}, {"rank": 16, "name": "2269 Short", "inflow (M)": 7.62}, {"rank": 17, "name": "9618 Long", "inflow (M)": 7.44}, {"rank": 18, "name": "1024 Long", "inflow (M)": 7.02}, {"rank": 19, "name": "0005 Long", "inflow (M)": 6.82}, {"rank": 20, "name": "2269 Long", "inflow (M)": 6.59}], "top20outflow_20d": [{"rank": 1, "name": "HSI Short", "outflow (M)": 267.27}, {"rank": 2, "name": "0700 Short", "outflow (M)": 25.71}, {"rank": 3, "name": "1810 Short", "outflow (M)": 11.07}, {"rank": 4, "name": "9618 Short", "outflow (M)": 9.19}, {"rank": 5, "name": "9999 Short", "outflow (M)": 8.89}, {"rank": 6, "name": "0388 Short", "outflow (M)": 8.34}, {"rank": 7, "name": "3690 Short", "outflow (M)": 7.68}, {"rank": 8, "name": "1024 Short", "outflow (M)": 4.1}, {"rank": 9, "name": "2382 Short", "outflow (M)": 2.64}, {"rank": 10, "name": "2015 Short", "outflow (M)": 1.69}, {"rank": 11, "name": "0981 Short", "outflow (M)": 1.68}, {"rank": 12, "name": "0902 Long", "outflow (M)": 1.64}, {"rank": 13, "name": "3988 Short", "outflow (M)": 1.32}, {"rank": 14, "name": "1398 Short", "outflow (M)": 1.11}, {"rank": 15, "name": "0857 Long", "outflow (M)": 0.88}, {"rank": 16, "name": "2319 Long", "outflow (M)": 0.61}, {"rank": 17, "name": "JPYD= Short", "outflow (M)": 0.59}, {"rank": 18, "name": "HSTECH Short", "outflow (M)": 0.57}, {"rank": 19, "name": "2018 Short", "outflow (M)": 0.53}, {"rank": 20, "name": "1288 Long", "outflow (M)": 0.38}], "stats": {"hsi long pos": "+673.99M", "hsi short pos:": "-282.90M", "stocks long pos": "+416.09M", "stocks short pos": "-25.26M"}}