{"top20inflow_1d": [{"rank": 1, "name": "HSI Long", "inflow (M)": 14.12}, {"rank": 2, "name": "9888 Long", "inflow (M)": 6.18}, {"rank": 3, "name": "9988 Long", "inflow (M)": 5.17}, {"rank": 4, "name": "0941 Long", "inflow (M)": 1.83}, {"rank": 5, "name": "0700 Long", "inflow (M)": 1.66}, {"rank": 6, "name": "0700 Short", "inflow (M)": 1.46}, {"rank": 7, "name": "2318 Long", "inflow (M)": 1.44}, {"rank": 8, "name": "0981 Long", "inflow (M)": 1.16}, {"rank": 9, "name": "0388 Long", "inflow (M)": 1.13}, {"rank": 10, "name": "1385 Long", "inflow (M)": 0.83}, {"rank": 11, "name": "0005 Short", "inflow (M)": 0.65}, {"rank": 12, "name": "9999 Long", "inflow (M)": 0.48}, {"rank": 13, "name": "0981 Short", "inflow (M)": 0.47}, {"rank": 14, "name": "0017 Long", "inflow (M)": 0.43}, {"rank": 15, "name": "1211 Long", "inflow (M)": 0.42}, {"rank": 16, "name": "2800 Long", "inflow (M)": 0.39}, {"rank": 17, "name": "HSTECH Long", "inflow (M)": 0.27}, {"rank": 18, "name": "HSCE Long", "inflow (M)": 0.25}, {"rank": 19, "name": "1357 Long", "inflow (M)": 0.25}, {"rank": 20, "name": "1299 Short", "inflow (M)": 0.24}], "top20outflow_1d": [{"rank": 1, "name": "HSI Short", "outflow (M)": 4.14}, {"rank": 2, "name": "0005 Long", "outflow (M)": 3.28}, {"rank": 3, "name": "0388 Short", "outflow (M)": 2.23}, {"rank": 4, "name": "3690 Short", "outflow (M)": 2.13}, {"rank": 5, "name": "3690 Long", "outflow (M)": 1.32}, {"rank": 6, "name": "0883 Short", "outflow (M)": 1.03}, {"rank": 7, "name": "3968 Short", "outflow (M)": 0.96}, {"rank": 8, "name": "0027 Long", "outflow (M)": 0.71}, {"rank": 9, "name": "2318 Short", "outflow (M)": 0.61}, {"rank": 10, "name": "1299 Long", "outflow (M)": 0.54}, {"rank": 11, "name": "0175 Long", "outflow (M)": 0.49}, {"rank": 12, "name": "9988 Short", "outflow (M)": 0.37}, {"rank": 13, "name": "0992 Long", "outflow (M)": 0.36}, {"rank": 14, "name": "9868 Short", "outflow (M)": 0.35}, {"rank": 15, "name": "2800 Short", "outflow (M)": 0.33}, {"rank": 16, "name": "9618 Long", "outflow (M)": 0.32}, {"rank": 17, "name": "1024 Short", "outflow (M)": 0.27}, {"rank": 18, "name": "2015 Short", "outflow (M)": 0.24}, {"rank": 19, "name": "NDX Short", "outflow (M)": 0.23}, {"rank": 20, "name": "0016 Long", "outflow (M)": 0.23}], "stats": {"hsi long pos": "+14.12M", "hsi short pos:": "-4.14M", "stocks long pos": "+15.07M", "stocks short pos": "-5.46M"}}