{"top20inflow_1d": [{"rank": 1, "name": "3968 Long", "inflow (M)": 4.94}, {"rank": 2, "name": "HSI Short", "inflow (M)": 3.66}, {"rank": 3, "name": "0700 Long", "inflow (M)": 2.67}, {"rank": 4, "name": "1211 Short", "inflow (M)": 2.37}, {"rank": 5, "name": "0700 Short", "inflow (M)": 1.56}, {"rank": 6, "name": "0992 Long", "inflow (M)": 1.35}, {"rank": 7, "name": "0981 Long", "inflow (M)": 1.28}, {"rank": 8, "name": "0388 Short", "inflow (M)": 1.12}, {"rank": 9, "name": "2269 Long", "inflow (M)": 1.04}, {"rank": 10, "name": "1211 Long", "inflow (M)": 1.04}, {"rank": 11, "name": "2318 Long", "inflow (M)": 0.76}, {"rank": 12, "name": "0857 Short", "inflow (M)": 0.63}, {"rank": 13, "name": "9988 Short", "inflow (M)": 0.6}, {"rank": 14, "name": "0939 Long", "inflow (M)": 0.57}, {"rank": 15, "name": "0823 Long", "inflow (M)": 0.44}, {"rank": 16, "name": "1299 Short", "inflow (M)": 0.41}, {"rank": 17, "name": "2018 Short", "inflow (M)": 0.41}, {"rank": 18, "name": "0005 Short", "inflow (M)": 0.36}, {"rank": 19, "name": "HSCE Long", "inflow (M)": 0.35}, {"rank": 20, "name": "2382 Long", "inflow (M)": 0.33}], "top20outflow_1d": [{"rank": 1, "name": "9988 Long", "outflow (M)": 6.34}, {"rank": 2, "name": "3690 Long", "outflow (M)": 2.93}, {"rank": 3, "name": "3690 Short", "outflow (M)": 1.8}, {"rank": 4, "name": "0005 Long", "outflow (M)": 1.56}, {"rank": 5, "name": "9888 Long", "outflow (M)": 1.37}, {"rank": 6, "name": "9999 Long", "outflow (M)": 0.9}, {"rank": 7, "name": "0960 Long", "outflow (M)": 0.78}, {"rank": 8, "name": "2269 Short", "outflow (M)": 0.52}, {"rank": 9, "name": "0941 Long", "outflow (M)": 0.48}, {"rank": 10, "name": "9618 Long", "outflow (M)": 0.42}, {"rank": 11, "name": "0992 Short", "outflow (M)": 0.39}, {"rank": 12, "name": "1398 Long", "outflow (M)": 0.27}, {"rank": 13, "name": "1810 Short", "outflow (M)": 0.26}, {"rank": 14, "name": "1928 Long", "outflow (M)": 0.25}, {"rank": 15, "name": "2331 Long", "outflow (M)": 0.22}, {"rank": 16, "name": "9888 Short", "outflow (M)": 0.19}, {"rank": 17, "name": "2318 Short", "outflow (M)": 0.17}, {"rank": 18, "name": "HSCE Long", "outflow (M)": 0.15}, {"rank": 19, "name": "1109 Long", "outflow (M)": 0.15}, {"rank": 20, "name": "3988 Long", "outflow (M)": 0.14}], "stats": {"hsi long pos": "+12.93M", "hsi short pos:": "+16.98M", "stocks long pos": "+2.86M", "stocks short pos": "+9.84M"}}