{"top20inflow_5d": [{"rank": 1, "name": "HSI Short", "inflow (M)": 73.17}, {"rank": 2, "name": "0388 Long", "inflow (M)": 24.34}, {"rank": 3, "name": "3690 Short", "inflow (M)": 17.03}, {"rank": 4, "name": "1810 Long", "inflow (M)": 5.67}, {"rank": 5, "name": "1299 Long", "inflow (M)": 4.83}, {"rank": 6, "name": "9999 Long", "inflow (M)": 4.27}, {"rank": 7, "name": "2318 Long", "inflow (M)": 3.67}, {"rank": 8, "name": "DJI Short", "inflow (M)": 3.06}, {"rank": 9, "name": "1810 Short", "inflow (M)": 3.03}, {"rank": 10, "name": "0981 Long", "inflow (M)": 2.66}, {"rank": 11, "name": "1211 Long", "inflow (M)": 2.62}, {"rank": 12, "name": "0883 Short", "inflow (M)": 2.33}, {"rank": 13, "name": "2883 Long", "inflow (M)": 2.19}, {"rank": 14, "name": "2319 Long", "inflow (M)": 2.13}, {"rank": 15, "name": "9868 Long", "inflow (M)": 2.05}, {"rank": 16, "name": "0939 Short", "inflow (M)": 2.01}, {"rank": 17, "name": "0700 Short", "inflow (M)": 1.91}, {"rank": 18, "name": "9988 Short", "inflow (M)": 1.54}, {"rank": 19, "name": "0005 Short", "inflow (M)": 1.41}, {"rank": 20, "name": "9961 Short", "inflow (M)": 1.22}], "top20outflow_5d": [{"rank": 1, "name": "HSI Long", "outflow (M)": 87.81}, {"rank": 2, "name": "0700 Long", "outflow (M)": 19.69}, {"rank": 3, "name": "3690 Long", "outflow (M)": 19.45}, {"rank": 4, "name": "0883 Long", "outflow (M)": 5.37}, {"rank": 5, "name": "1211 Short", "outflow (M)": 4.35}, {"rank": 6, "name": "0388 Short", "outflow (M)": 4.28}, {"rank": 7, "name": "0005 Long", "outflow (M)": 3.14}, {"rank": 8, "name": "0358 Long", "outflow (M)": 2.88}, {"rank": 9, "name": "9988 Long", "outflow (M)": 2.67}, {"rank": 10, "name": "0941 Long", "outflow (M)": 2.22}, {"rank": 11, "name": "9698 Long", "outflow (M)": 1.83}, {"rank": 12, "name": "0916 Long", "outflow (M)": 1.68}, {"rank": 13, "name": "2382 Short", "outflow (M)": 1.55}, {"rank": 14, "name": "1299 Short", "outflow (M)": 1.45}, {"rank": 15, "name": "2269 Long", "outflow (M)": 1.41}, {"rank": 16, "name": "9868 Short", "outflow (M)": 1.36}, {"rank": 17, "name": "9961 Long", "outflow (M)": 1.2}, {"rank": 18, "name": "0386 Long", "outflow (M)": 1.19}, {"rank": 19, "name": "9888 Long", "outflow (M)": 1.08}, {"rank": 20, "name": "9618 Short", "outflow (M)": 1.03}], "stats": {"hsi long pos": "-87.81M", "hsi short pos:": "+73.17M", "stocks long pos": "-10.41M", "stocks short pos": "+16.17M"}}