{"top20inflow_20d": [{"rank": 1, "name": "HSI Short", "inflow (M)": 389.75}, {"rank": 2, "name": "0700 Long", "inflow (M)": 71.19}, {"rank": 3, "name": "9988 Long", "inflow (M)": 47.03}, {"rank": 4, "name": "3690 Short", "inflow (M)": 35.38}, {"rank": 5, "name": "9888 Long", "inflow (M)": 18.41}, {"rank": 6, "name": "0388 Long", "inflow (M)": 15.02}, {"rank": 7, "name": "2269 Long", "inflow (M)": 9.64}, {"rank": 8, "name": "0941 Long", "inflow (M)": 7.77}, {"rank": 9, "name": "2318 Long", "inflow (M)": 6.81}, {"rank": 10, "name": "0005 Long", "inflow (M)": 6.2}, {"rank": 11, "name": "0981 Long", "inflow (M)": 5.98}, {"rank": 12, "name": "9618 Long", "inflow (M)": 5.66}, {"rank": 13, "name": "2015 Short", "inflow (M)": 5.46}, {"rank": 14, "name": "DJI Short", "inflow (M)": 5.1}, {"rank": 15, "name": "9961 Short", "inflow (M)": 5.03}, {"rank": 16, "name": "NDX Short", "inflow (M)": 4.54}, {"rank": 17, "name": "1810 Long", "inflow (M)": 4.27}, {"rank": 18, "name": "9961 Long", "inflow (M)": 3.98}, {"rank": 19, "name": "9999 Long", "inflow (M)": 3.74}, {"rank": 20, "name": "N225 Short", "inflow (M)": 3.25}], "top20outflow_20d": [{"rank": 1, "name": "HSI Long", "outflow (M)": 123.61}, {"rank": 2, "name": "9988 Short", "outflow (M)": 7.04}, {"rank": 3, "name": "0388 Short", "outflow (M)": 5.27}, {"rank": 4, "name": "1211 Short", "outflow (M)": 3.91}, {"rank": 5, "name": "2269 Short", "outflow (M)": 3.88}, {"rank": 6, "name": "0700 Short", "outflow (M)": 3.62}, {"rank": 7, "name": "9868 Short", "outflow (M)": 3.61}, {"rank": 8, "name": "1211 Long", "outflow (M)": 3.55}, {"rank": 9, "name": "3690 Long", "outflow (M)": 3.32}, {"rank": 10, "name": "0992 Long", "outflow (M)": 3.09}, {"rank": 11, "name": "1398 Long", "outflow (M)": 1.99}, {"rank": 12, "name": "3968 Long", "outflow (M)": 1.88}, {"rank": 13, "name": "0788 Long", "outflow (M)": 1.53}, {"rank": 14, "name": "N225 Long", "outflow (M)": 1.38}, {"rank": 15, "name": "0027 Short", "outflow (M)": 1.35}, {"rank": 16, "name": "1928 Long", "outflow (M)": 1.25}, {"rank": 17, "name": "NDX Long", "outflow (M)": 1.21}, {"rank": 18, "name": "0939 Long", "outflow (M)": 1.02}, {"rank": 19, "name": "2822 Long", "outflow (M)": 1.01}, {"rank": 20, "name": "1801 Long", "outflow (M)": 0.9}], "stats": {"hsi long pos": "-123.61M", "hsi short pos:": "+389.75M", "stocks long pos": "+235.02M", "stocks short pos": "+32.37M"}}