{"top20inflow_1d": [{"rank": 1, "name": "HSI Long", "inflow (M)": 37.13}, {"rank": 2, "name": "9988 Short", "inflow (M)": 3.61}, {"rank": 3, "name": "3690 Short", "inflow (M)": 3.23}, {"rank": 4, "name": "0700 Short", "inflow (M)": 3.12}, {"rank": 5, "name": "0388 Short", "inflow (M)": 1.8}, {"rank": 6, "name": "1810 Short", "inflow (M)": 1.55}, {"rank": 7, "name": "1299 Short", "inflow (M)": 1.48}, {"rank": 8, "name": "1211 Short", "inflow (M)": 1.45}, {"rank": 9, "name": "9868 Short", "inflow (M)": 1.27}, {"rank": 10, "name": "2015 Long", "inflow (M)": 1.17}, {"rank": 11, "name": "0981 Short", "inflow (M)": 0.9}, {"rank": 12, "name": "9618 Short", "inflow (M)": 0.89}, {"rank": 13, "name": "9999 Short", "inflow (M)": 0.88}, {"rank": 14, "name": "0981 Long", "inflow (M)": 0.79}, {"rank": 15, "name": "2382 Long", "inflow (M)": 0.58}, {"rank": 16, "name": "0857 Short", "inflow (M)": 0.49}, {"rank": 17, "name": "2382 Short", "inflow (M)": 0.48}, {"rank": 18, "name": "1109 Long", "inflow (M)": 0.47}, {"rank": 19, "name": "9888 Short", "inflow (M)": 0.33}, {"rank": 20, "name": "2800 Long", "inflow (M)": 0.32}], "top20outflow_1d": [{"rank": 1, "name": "HSI Short", "outflow (M)": 7.05}, {"rank": 2, "name": "0700 Long", "outflow (M)": 6.75}, {"rank": 3, "name": "9988 Long", "outflow (M)": 3.2}, {"rank": 4, "name": "1299 Long", "outflow (M)": 3.18}, {"rank": 5, "name": "1211 Long", "outflow (M)": 2.97}, {"rank": 6, "name": "3690 Long", "outflow (M)": 2.92}, {"rank": 7, "name": "2269 Long", "outflow (M)": 1.96}, {"rank": 8, "name": "0388 Long", "outflow (M)": 1.82}, {"rank": 9, "name": "2318 Long", "outflow (M)": 1.63}, {"rank": 10, "name": "0939 Long", "outflow (M)": 1.34}, {"rank": 11, "name": "0941 Long", "outflow (M)": 1.21}, {"rank": 12, "name": "3968 Long", "outflow (M)": 1.21}, {"rank": 13, "name": "0005 Long", "outflow (M)": 1.16}, {"rank": 14, "name": "JPYD= Long", "outflow (M)": 1.01}, {"rank": 15, "name": "1398 Long", "outflow (M)": 0.9}, {"rank": 16, "name": "1024 Long", "outflow (M)": 0.86}, {"rank": 17, "name": "2269 Short", "outflow (M)": 0.67}, {"rank": 18, "name": "0883 Long", "outflow (M)": 0.58}, {"rank": 19, "name": "2020 Long", "outflow (M)": 0.41}, {"rank": 20, "name": "3988 Long", "outflow (M)": 0.38}], "stats": {"hsi long pos": "+38.30M", "hsi short pos:": "+0.70M", "stocks long pos": "-29.81M", "stocks short pos": "+24.88M"}}