{"top20inflow_5d": [{"rank": 1, "name": "HSI Short", "inflow (M)": 126.57}, {"rank": 2, "name": "0700 Long", "inflow (M)": 63.8}, {"rank": 3, "name": "9999 Short", "inflow (M)": 20.81}, {"rank": 4, "name": "3690 Short", "inflow (M)": 11.02}, {"rank": 5, "name": "1024 Long", "inflow (M)": 9.53}, {"rank": 6, "name": "9618 Short", "inflow (M)": 6.55}, {"rank": 7, "name": "0941 Short", "inflow (M)": 3.77}, {"rank": 8, "name": "1211 Short", "inflow (M)": 3.76}, {"rank": 9, "name": "0388 Short", "inflow (M)": 2.66}, {"rank": 10, "name": "1810 Short", "inflow (M)": 2.22}, {"rank": 11, "name": "DJI Short", "inflow (M)": 2.07}, {"rank": 12, "name": "1797 Long", "inflow (M)": 1.92}, {"rank": 13, "name": "NDX Short", "inflow (M)": 1.88}, {"rank": 14, "name": "2319 Long", "inflow (M)": 1.76}, {"rank": 15, "name": "9888 Long", "inflow (M)": 1.29}, {"rank": 16, "name": "3988 Short", "inflow (M)": 1.26}, {"rank": 17, "name": "1024 Short", "inflow (M)": 1.24}, {"rank": 18, "name": "1398 Short", "inflow (M)": 1.11}, {"rank": 19, "name": "2269 Long", "inflow (M)": 1.05}, {"rank": 20, "name": "JPYD Long", "inflow (M)": 1.03}], "top20outflow_5d": [{"rank": 1, "name": "HSI Long", "outflow (M)": 44.9}, {"rank": 2, "name": "9988 Long", "outflow (M)": 14.37}, {"rank": 3, "name": "0700 Short", "outflow (M)": 12.29}, {"rank": 4, "name": "3690 Long", "outflow (M)": 6.97}, {"rank": 5, "name": "9988 Short", "outflow (M)": 6.71}, {"rank": 6, "name": "0388 Long", "outflow (M)": 6.37}, {"rank": 7, "name": "0941 Long", "outflow (M)": 6.36}, {"rank": 8, "name": "0005 Long", "outflow (M)": 4.12}, {"rank": 9, "name": "0992 Long", "outflow (M)": 1.98}, {"rank": 10, "name": "1211 Long", "outflow (M)": 1.82}, {"rank": 11, "name": "0823 Long", "outflow (M)": 1.6}, {"rank": 12, "name": "9868 Short", "outflow (M)": 1.5}, {"rank": 13, "name": "2318 Short", "outflow (M)": 1.36}, {"rank": 14, "name": "1299 Long", "outflow (M)": 1.24}, {"rank": 15, "name": "1928 Long", "outflow (M)": 1.08}, {"rank": 16, "name": "2331 Long", "outflow (M)": 0.81}, {"rank": 17, "name": "2269 Short", "outflow (M)": 0.8}, {"rank": 18, "name": "1810 Long", "outflow (M)": 0.76}, {"rank": 19, "name": "0027 Long", "outflow (M)": 0.74}, {"rank": 20, "name": "2331 Short", "outflow (M)": 0.66}], "stats": {"hsi long pos": "-44.90M", "hsi short pos:": "+126.57M", "stocks long pos": "+31.48M", "stocks short pos": "+34.44M"}}