{"top20inflow_5d": [{"rank": 1, "name": "HSI Short", "inflow (M)": 97.45}, {"rank": 2, "name": "0700 Short", "inflow (M)": 36.09}, {"rank": 3, "name": "3690 Short", "inflow (M)": 22.49}, {"rank": 4, "name": "0388 Long", "inflow (M)": 19.09}, {"rank": 5, "name": "1299 Long", "inflow (M)": 18.29}, {"rank": 6, "name": "1211 Long", "inflow (M)": 11.39}, {"rank": 7, "name": "9988 Long", "inflow (M)": 10.62}, {"rank": 8, "name": "1810 Short", "inflow (M)": 7.58}, {"rank": 9, "name": "0981 Long", "inflow (M)": 4.01}, {"rank": 10, "name": "2883 Long", "inflow (M)": 3.58}, {"rank": 11, "name": "9999 Long", "inflow (M)": 2.6}, {"rank": 12, "name": "9868 Long", "inflow (M)": 1.99}, {"rank": 13, "name": "2382 Long", "inflow (M)": 1.95}, {"rank": 14, "name": "N225 Short", "inflow (M)": 1.73}, {"rank": 15, "name": "2318 Long", "inflow (M)": 1.65}, {"rank": 16, "name": "1810 Long", "inflow (M)": 1.36}, {"rank": 17, "name": "0883 Short", "inflow (M)": 1.29}, {"rank": 18, "name": "0857 Long", "inflow (M)": 1.23}, {"rank": 19, "name": "9618 Short", "inflow (M)": 1.07}, {"rank": 20, "name": "0857 Short", "inflow (M)": 1.07}], "top20outflow_5d": [{"rank": 1, "name": "HSI Long", "outflow (M)": 155.01}, {"rank": 2, "name": "3690 Long", "outflow (M)": 37.94}, {"rank": 3, "name": "0700 Long", "outflow (M)": 27.64}, {"rank": 4, "name": "1211 Short", "outflow (M)": 5.76}, {"rank": 5, "name": "0941 Long", "outflow (M)": 5.15}, {"rank": 6, "name": "1109 Long", "outflow (M)": 4.85}, {"rank": 7, "name": "0005 Long", "outflow (M)": 3.65}, {"rank": 8, "name": "0388 Short", "outflow (M)": 3.48}, {"rank": 9, "name": "0883 Long", "outflow (M)": 3.35}, {"rank": 10, "name": "0386 Long", "outflow (M)": 2.22}, {"rank": 11, "name": "1024 Short", "outflow (M)": 2.14}, {"rank": 12, "name": "2318 Short", "outflow (M)": 1.83}, {"rank": 13, "name": "SPX Short", "outflow (M)": 1.75}, {"rank": 14, "name": "2382 Short", "outflow (M)": 1.6}, {"rank": 15, "name": "0358 Long", "outflow (M)": 1.46}, {"rank": 16, "name": "1357 Long", "outflow (M)": 1.41}, {"rank": 17, "name": "2269 Long", "outflow (M)": 1.39}, {"rank": 18, "name": "0175 Long", "outflow (M)": 1.31}, {"rank": 19, "name": "2899 Long", "outflow (M)": 1.21}, {"rank": 20, "name": "9961 Long", "outflow (M)": 0.98}], "stats": {"hsi long pos": "-8.69M", "hsi short pos:": "-10.07M", "stocks long pos": "+2.96M", "stocks short pos": "+38.56M"}}