{"top20inflow_1d": [{"rank": 1, "name": "9988 Long", "inflow (M)": 16.07}, {"rank": 2, "name": "HSI Long", "inflow (M)": 14.38}, {"rank": 3, "name": "0700 Long", "inflow (M)": 10.45}, {"rank": 4, "name": "0005 Long", "inflow (M)": 1.75}, {"rank": 5, "name": "0823 Long", "inflow (M)": 1.45}, {"rank": 6, "name": "JPYD Long", "inflow (M)": 1.23}, {"rank": 7, "name": "9888 Long", "inflow (M)": 0.67}, {"rank": 8, "name": "2269 Long", "inflow (M)": 0.64}, {"rank": 9, "name": "N225 Short", "inflow (M)": 0.63}, {"rank": 10, "name": "9961 Long", "inflow (M)": 0.59}, {"rank": 11, "name": "0960 Long", "inflow (M)": 0.54}, {"rank": 12, "name": "0388 Long", "inflow (M)": 0.51}, {"rank": 13, "name": "0669 Long", "inflow (M)": 0.39}, {"rank": 14, "name": "3968 Long", "inflow (M)": 0.32}, {"rank": 15, "name": "AAPLO Short", "inflow (M)": 0.3}, {"rank": 16, "name": "1109 Long", "inflow (M)": 0.25}, {"rank": 17, "name": "9618 Long", "inflow (M)": 0.25}, {"rank": 18, "name": "2628 Long", "inflow (M)": 0.21}, {"rank": 19, "name": "0001 Long", "inflow (M)": 0.19}, {"rank": 20, "name": "0293 Long", "inflow (M)": 0.17}], "top20outflow_1d": [{"rank": 1, "name": "HSI Short", "outflow (M)": 28.77}, {"rank": 2, "name": "9988 Short", "outflow (M)": 7.76}, {"rank": 3, "name": "0700 Short", "outflow (M)": 5.69}, {"rank": 4, "name": "3690 Long", "outflow (M)": 2.31}, {"rank": 5, "name": "0388 Short", "outflow (M)": 2.3}, {"rank": 6, "name": "3690 Short", "outflow (M)": 2.26}, {"rank": 7, "name": "9868 Short", "outflow (M)": 1.55}, {"rank": 8, "name": "1299 Short", "outflow (M)": 1.03}, {"rank": 9, "name": "2318 Long", "outflow (M)": 0.88}, {"rank": 10, "name": "9618 Short", "outflow (M)": 0.85}, {"rank": 11, "name": "1211 Long", "outflow (M)": 0.75}, {"rank": 12, "name": "NDX Long", "outflow (M)": 0.7}, {"rank": 13, "name": "1810 Short", "outflow (M)": 0.54}, {"rank": 14, "name": "0883 Long", "outflow (M)": 0.54}, {"rank": 15, "name": "N225 Long", "outflow (M)": 0.54}, {"rank": 16, "name": "1024 Short", "outflow (M)": 0.49}, {"rank": 17, "name": "0941 Long", "outflow (M)": 0.37}, {"rank": 18, "name": "0981 Long", "outflow (M)": 0.33}, {"rank": 19, "name": "0788 Long", "outflow (M)": 0.31}, {"rank": 20, "name": "0005 Short", "outflow (M)": 0.3}], "stats": {"hsi long pos": "+67.75M", "hsi short pos:": "-63.63M", "stocks long pos": "+40.72M", "stocks short pos": "-25.47M"}}