{"top20inflow_20d": [{"rank": 1, "name": "HSI Short", "inflow (M)": 826.18}, {"rank": 2, "name": "0700 Short", "inflow (M)": 76.23}, {"rank": 3, "name": "3690 Short", "inflow (M)": 59.46}, {"rank": 4, "name": "9988 Long", "inflow (M)": 24.11}, {"rank": 5, "name": "0388 Short", "inflow (M)": 20.91}, {"rank": 6, "name": "0388 Long", "inflow (M)": 12.75}, {"rank": 7, "name": "0027 Long", "inflow (M)": 11.82}, {"rank": 8, "name": "1928 Long", "inflow (M)": 11.74}, {"rank": 9, "name": "0857 Long", "inflow (M)": 11.6}, {"rank": 10, "name": "9988 Short", "inflow (M)": 10.15}, {"rank": 11, "name": "1810 Short", "inflow (M)": 8.52}, {"rank": 12, "name": "2015 Long", "inflow (M)": 7.44}, {"rank": 13, "name": "0268 Long", "inflow (M)": 7.42}, {"rank": 14, "name": "9888 Long", "inflow (M)": 7.35}, {"rank": 15, "name": "9999 Long", "inflow (M)": 7.1}, {"rank": 16, "name": "9618 Short", "inflow (M)": 6.15}, {"rank": 17, "name": "1299 Short", "inflow (M)": 5.88}, {"rank": 18, "name": "3993 Long", "inflow (M)": 5.08}, {"rank": 19, "name": "1024 Short", "inflow (M)": 4.23}, {"rank": 20, "name": "9618 Long", "inflow (M)": 4.22}], "top20outflow_20d": [{"rank": 1, "name": "HSI Long", "outflow (M)": 350.16}, {"rank": 2, "name": "0700 Long", "outflow (M)": 103.8}, {"rank": 3, "name": "3690 Long", "outflow (M)": 73.42}, {"rank": 4, "name": "1810 Long", "outflow (M)": 18.95}, {"rank": 5, "name": "0941 Long", "outflow (M)": 13.0}, {"rank": 6, "name": "0005 Long", "outflow (M)": 8.05}, {"rank": 7, "name": "3968 Long", "outflow (M)": 7.39}, {"rank": 8, "name": "0175 Long", "outflow (M)": 6.78}, {"rank": 9, "name": "1024 Long", "outflow (M)": 4.87}, {"rank": 10, "name": "1211 Long", "outflow (M)": 4.28}, {"rank": 11, "name": "0386 Long", "outflow (M)": 3.37}, {"rank": 12, "name": "0883 Long", "outflow (M)": 3.08}, {"rank": 13, "name": "HSCE Long", "outflow (M)": 2.87}, {"rank": 14, "name": "9868 Short", "outflow (M)": 2.67}, {"rank": 15, "name": "0358 Long", "outflow (M)": 2.62}, {"rank": 16, "name": "0939 Long", "outflow (M)": 2.45}, {"rank": 17, "name": "2318 Long", "outflow (M)": 2.29}, {"rank": 18, "name": "9698 Long", "outflow (M)": 1.88}, {"rank": 19, "name": "2333 Long", "outflow (M)": 1.8}, {"rank": 20, "name": "2883 Long", "outflow (M)": 1.62}], "stats": {"hsi long pos": "-279.10M", "hsi short pos:": "+801.22M", "stocks long pos": "-137.99M", "stocks short pos": "+198.69M"}}