{"top20inflow_1d": [{"rank": 1, "name": "HSI Short", "inflow (M)": 142.97}, {"rank": 2, "name": "9988 Long", "inflow (M)": 10.65}, {"rank": 3, "name": "0941 Long", "inflow (M)": 7.7}, {"rank": 4, "name": "3690 Long", "inflow (M)": 4.1}, {"rank": 5, "name": "9888 Long", "inflow (M)": 3.43}, {"rank": 6, "name": "0388 Short", "inflow (M)": 2.96}, {"rank": 7, "name": "0857 Long", "inflow (M)": 2.91}, {"rank": 8, "name": "1299 Short", "inflow (M)": 2.76}, {"rank": 9, "name": "9961 Long", "inflow (M)": 2.49}, {"rank": 10, "name": "0700 Short", "inflow (M)": 2.11}, {"rank": 11, "name": "0027 Long", "inflow (M)": 1.92}, {"rank": 12, "name": "9618 Short", "inflow (M)": 1.63}, {"rank": 13, "name": "0020 Long", "inflow (M)": 1.35}, {"rank": 14, "name": "9988 Short", "inflow (M)": 1.33}, {"rank": 15, "name": "0358 Long", "inflow (M)": 1.23}, {"rank": 16, "name": "2899 Long", "inflow (M)": 1.12}, {"rank": 17, "name": "3988 Short", "inflow (M)": 0.78}, {"rank": 18, "name": "0883 Short", "inflow (M)": 0.7}, {"rank": 19, "name": "0005 Short", "inflow (M)": 0.64}, {"rank": 20, "name": "0027 Short", "inflow (M)": 0.55}], "top20outflow_1d": [{"rank": 1, "name": "HSI Long", "outflow (M)": 23.73}, {"rank": 2, "name": "1299 Long", "outflow (M)": 19.21}, {"rank": 3, "name": "0700 Long", "outflow (M)": 11.21}, {"rank": 4, "name": "2318 Long", "outflow (M)": 5.8}, {"rank": 5, "name": "1928 Long", "outflow (M)": 3.95}, {"rank": 6, "name": "3690 Short", "outflow (M)": 3.91}, {"rank": 7, "name": "1211 Long", "outflow (M)": 3.6}, {"rank": 8, "name": "9618 Long", "outflow (M)": 3.48}, {"rank": 9, "name": "0981 Long", "outflow (M)": 3.46}, {"rank": 10, "name": "0388 Long", "outflow (M)": 3.42}, {"rank": 11, "name": "2883 Long", "outflow (M)": 3.28}, {"rank": 12, "name": "1810 Long", "outflow (M)": 2.68}, {"rank": 13, "name": "2331 Long", "outflow (M)": 2.32}, {"rank": 14, "name": "1024 Long", "outflow (M)": 2.17}, {"rank": 15, "name": "0883 Long", "outflow (M)": 1.39}, {"rank": 16, "name": "2382 Long", "outflow (M)": 1.37}, {"rank": 17, "name": "2015 Long", "outflow (M)": 1.26}, {"rank": 18, "name": "2269 Long", "outflow (M)": 1.01}, {"rank": 19, "name": "2840 Long", "outflow (M)": 0.97}, {"rank": 20, "name": "HSTECH Long", "outflow (M)": 0.93}], "stats": {"hsi long pos": "+0.10M", "hsi short pos:": "+17.99M", "stocks long pos": "-33.28M", "stocks short pos": "-0.05M"}}