{"top20inflow_20d": [{"rank": 1, "name": "HSI Long", "inflow (M)": 822.43}, {"rank": 2, "name": "0700 Long", "inflow (M)": 153.01}, {"rank": 3, "name": "3690 Long", "inflow (M)": 64.73}, {"rank": 4, "name": "9988 Long", "inflow (M)": 36.15}, {"rank": 5, "name": "1211 Short", "inflow (M)": 23.97}, {"rank": 6, "name": "1810 Long", "inflow (M)": 21.38}, {"rank": 7, "name": "0388 Long", "inflow (M)": 19.65}, {"rank": 8, "name": "1024 Long", "inflow (M)": 11.94}, {"rank": 9, "name": "2318 Long", "inflow (M)": 11.92}, {"rank": 10, "name": "DJI Short", "inflow (M)": 11.61}, {"rank": 11, "name": "HSTECH Long", "inflow (M)": 11.54}, {"rank": 12, "name": "1299 Long", "inflow (M)": 10.71}, {"rank": 13, "name": "JPYD Long", "inflow (M)": 9.08}, {"rank": 14, "name": "0005 Long", "inflow (M)": 7.34}, {"rank": 15, "name": "9618 Long", "inflow (M)": 7.09}, {"rank": 16, "name": "0981 Long", "inflow (M)": 6.12}, {"rank": 17, "name": "NDX Short", "inflow (M)": 5.96}, {"rank": 18, "name": "9999 Short", "inflow (M)": 5.96}, {"rank": 19, "name": "9868 Long", "inflow (M)": 5.23}, {"rank": 20, "name": "9888 Long", "inflow (M)": 4.97}], "top20outflow_20d": [{"rank": 1, "name": "HSI Short", "outflow (M)": 358.39}, {"rank": 2, "name": "0700 Short", "outflow (M)": 49.83}, {"rank": 3, "name": "9988 Short", "outflow (M)": 7.7}, {"rank": 4, "name": "0388 Short", "outflow (M)": 7.29}, {"rank": 5, "name": "1810 Short", "outflow (M)": 7.12}, {"rank": 6, "name": "0941 Long", "outflow (M)": 4.37}, {"rank": 7, "name": "9618 Short", "outflow (M)": 3.0}, {"rank": 8, "name": "1024 Short", "outflow (M)": 2.98}, {"rank": 9, "name": "9868 Short", "outflow (M)": 2.88}, {"rank": 10, "name": "2382 Short", "outflow (M)": 2.67}, {"rank": 11, "name": "0902 Long", "outflow (M)": 1.51}, {"rank": 12, "name": "2269 Short", "outflow (M)": 1.5}, {"rank": 13, "name": "0981 Short", "outflow (M)": 1.44}, {"rank": 14, "name": "2318 Short", "outflow (M)": 1.04}, {"rank": 15, "name": "1171 Long", "outflow (M)": 0.92}, {"rank": 16, "name": "0823 Long", "outflow (M)": 0.92}, {"rank": 17, "name": "2331 Short", "outflow (M)": 0.78}, {"rank": 18, "name": "2899 Long", "outflow (M)": 0.72}, {"rank": 19, "name": "2015 Short", "outflow (M)": 0.69}, {"rank": 20, "name": "2018 Short", "outflow (M)": 0.66}], "stats": {"hsi long pos": "+809.23M", "hsi short pos:": "-345.99M", "stocks long pos": "+411.94M", "stocks short pos": "-45.13M"}}