{"top20inflow_1d": [{"rank": 1, "name": "HSI Short", "inflow (M)": 23.42}, {"rank": 2, "name": "0700 Short", "inflow (M)": 4.69}, {"rank": 3, "name": "0700 Long", "inflow (M)": 3.45}, {"rank": 4, "name": "9988 Long", "inflow (M)": 2.9}, {"rank": 5, "name": "3968 Short", "inflow (M)": 2.23}, {"rank": 6, "name": "0388 Short", "inflow (M)": 1.78}, {"rank": 7, "name": "2020 Short", "inflow (M)": 1.19}, {"rank": 8, "name": "1211 Short", "inflow (M)": 1.07}, {"rank": 9, "name": "2899 Long", "inflow (M)": 1.05}, {"rank": 10, "name": "0883 Long", "inflow (M)": 0.96}, {"rank": 11, "name": "1818 Long", "inflow (M)": 0.84}, {"rank": 12, "name": "DJI Short", "inflow (M)": 0.84}, {"rank": 13, "name": "2318 Short", "inflow (M)": 0.8}, {"rank": 14, "name": "1928 Long", "inflow (M)": 0.6}, {"rank": 15, "name": "2331 Long", "inflow (M)": 0.54}, {"rank": 16, "name": "2018 Long", "inflow (M)": 0.53}, {"rank": 17, "name": "0027 Long", "inflow (M)": 0.52}, {"rank": 18, "name": "1299 Short", "inflow (M)": 0.48}, {"rank": 19, "name": "NDX Long", "inflow (M)": 0.46}, {"rank": 20, "name": "9992 Long", "inflow (M)": 0.44}], "top20outflow_1d": [{"rank": 1, "name": "HSI Long", "outflow (M)": 71.24}, {"rank": 2, "name": "1299 Long", "outflow (M)": 5.03}, {"rank": 3, "name": "3968 Long", "outflow (M)": 2.09}, {"rank": 4, "name": "0388 Long", "outflow (M)": 1.9}, {"rank": 5, "name": "NDX Short", "outflow (M)": 1.47}, {"rank": 6, "name": "0941 Long", "outflow (M)": 1.17}, {"rank": 7, "name": "0939 Long", "outflow (M)": 1.09}, {"rank": 8, "name": "3690 Short", "outflow (M)": 1.09}, {"rank": 9, "name": "2628 Long", "outflow (M)": 0.95}, {"rank": 10, "name": "2318 Long", "outflow (M)": 0.93}, {"rank": 11, "name": "0005 Long", "outflow (M)": 0.82}, {"rank": 12, "name": "N225 Short", "outflow (M)": 0.81}, {"rank": 13, "name": "9999 Long", "outflow (M)": 0.67}, {"rank": 14, "name": "1398 Long", "outflow (M)": 0.62}, {"rank": 15, "name": "1211 Long", "outflow (M)": 0.51}, {"rank": 16, "name": "0358 Long", "outflow (M)": 0.49}, {"rank": 17, "name": "2020 Long", "outflow (M)": 0.49}, {"rank": 18, "name": "0386 Long", "outflow (M)": 0.49}, {"rank": 19, "name": "1024 Long", "outflow (M)": 0.47}, {"rank": 20, "name": "9988 Short", "outflow (M)": 0.44}], "stats": {"hsi long pos": "-71.24M", "hsi short pos:": "+23.42M", "stocks long pos": "-6.02M", "stocks short pos": "+10.74M"}}