{"top20inflow_10d": [{"rank": 1, "name": "HSI Short", "inflow (M)": 277.66}, {"rank": 2, "name": "0700 Long", "inflow (M)": 69.31}, {"rank": 3, "name": "1211 Short", "inflow (M)": 18.07}, {"rank": 4, "name": "9888 Long", "inflow (M)": 15.87}, {"rank": 5, "name": "2015 Short", "inflow (M)": 11.18}, {"rank": 6, "name": "0005 Long", "inflow (M)": 10.97}, {"rank": 7, "name": "0388 Long", "inflow (M)": 10.49}, {"rank": 8, "name": "9999 Long", "inflow (M)": 5.71}, {"rank": 9, "name": "9961 Short", "inflow (M)": 5.42}, {"rank": 10, "name": "2318 Long", "inflow (M)": 5.24}, {"rank": 11, "name": "9988 Long", "inflow (M)": 4.97}, {"rank": 12, "name": "0981 Long", "inflow (M)": 4.33}, {"rank": 13, "name": "1810 Long", "inflow (M)": 4.18}, {"rank": 14, "name": "0941 Long", "inflow (M)": 4.01}, {"rank": 15, "name": "0883 Short", "inflow (M)": 3.69}, {"rank": 16, "name": "1299 Long", "inflow (M)": 2.96}, {"rank": 17, "name": "9961 Long", "inflow (M)": 2.37}, {"rank": 18, "name": "DJI Short", "inflow (M)": 2.22}, {"rank": 19, "name": "9999 Short", "inflow (M)": 2.16}, {"rank": 20, "name": "0027 Long", "inflow (M)": 2.09}], "top20outflow_10d": [{"rank": 1, "name": "HSI Long", "outflow (M)": 204.11}, {"rank": 2, "name": "0700 Short", "outflow (M)": 12.01}, {"rank": 3, "name": "3690 Long", "outflow (M)": 5.37}, {"rank": 4, "name": "3968 Long", "outflow (M)": 5.05}, {"rank": 5, "name": "0388 Short", "outflow (M)": 4.96}, {"rank": 6, "name": "2269 Short", "outflow (M)": 4.47}, {"rank": 7, "name": "3690 Short", "outflow (M)": 3.71}, {"rank": 8, "name": "2269 Long", "outflow (M)": 3.62}, {"rank": 9, "name": "HSTECH Long", "outflow (M)": 2.78}, {"rank": 10, "name": "3968 Short", "outflow (M)": 2.64}, {"rank": 11, "name": "2015 Long", "outflow (M)": 2.6}, {"rank": 12, "name": "9988 Short", "outflow (M)": 2.28}, {"rank": 13, "name": "1211 Long", "outflow (M)": 2.12}, {"rank": 14, "name": "0939 Long", "outflow (M)": 1.8}, {"rank": 15, "name": "1928 Long", "outflow (M)": 1.77}, {"rank": 16, "name": "0788 Long", "outflow (M)": 1.71}, {"rank": 17, "name": "0883 Long", "outflow (M)": 1.7}, {"rank": 18, "name": "1109 Long", "outflow (M)": 1.53}, {"rank": 19, "name": "2382 Short", "outflow (M)": 1.34}, {"rank": 20, "name": "0175 Long", "outflow (M)": 1.3}], "stats": {"hsi long pos": "-204.11M", "hsi short pos:": "+277.66M", "stocks long pos": "+121.54M", "stocks short pos": "+17.48M"}}