{"top20inflow_1d": [{"rank": 1, "name": "HSI Short", "inflow (M)": 24.82}, {"rank": 2, "name": "0700 Short", "inflow (M)": 10.16}, {"rank": 3, "name": "3690 Short", "inflow (M)": 5.92}, {"rank": 4, "name": "1024 Long", "inflow (M)": 2.73}, {"rank": 5, "name": "0941 Long", "inflow (M)": 2.55}, {"rank": 6, "name": "2318 Long", "inflow (M)": 2.54}, {"rank": 7, "name": "2382 Long", "inflow (M)": 2.09}, {"rank": 8, "name": "1024 Short", "inflow (M)": 1.9}, {"rank": 9, "name": "9618 Short", "inflow (M)": 1.87}, {"rank": 10, "name": "0823 Long", "inflow (M)": 1.59}, {"rank": 11, "name": "0388 Long", "inflow (M)": 1.59}, {"rank": 12, "name": "9868 Long", "inflow (M)": 1.5}, {"rank": 13, "name": "9988 Short", "inflow (M)": 1.31}, {"rank": 14, "name": "2018 Long", "inflow (M)": 1.23}, {"rank": 15, "name": "9888 Long", "inflow (M)": 1.01}, {"rank": 16, "name": "1138 Long", "inflow (M)": 1.01}, {"rank": 17, "name": "0939 Long", "inflow (M)": 0.89}, {"rank": 18, "name": "2382 Short", "inflow (M)": 0.79}, {"rank": 19, "name": "1398 Long", "inflow (M)": 0.74}, {"rank": 20, "name": "0358 Long", "inflow (M)": 0.7}], "top20outflow_1d": [{"rank": 1, "name": "HSI Long", "outflow (M)": 70.97}, {"rank": 2, "name": "0700 Long", "outflow (M)": 10.2}, {"rank": 3, "name": "0005 Long", "outflow (M)": 5.13}, {"rank": 4, "name": "9988 Long", "outflow (M)": 3.5}, {"rank": 5, "name": "3690 Long", "outflow (M)": 3.42}, {"rank": 6, "name": "1810 Long", "outflow (M)": 2.93}, {"rank": 7, "name": "1211 Long", "outflow (M)": 2.5}, {"rank": 8, "name": "9618 Long", "outflow (M)": 2.44}, {"rank": 9, "name": "2899 Long", "outflow (M)": 1.55}, {"rank": 10, "name": "2840 Long", "outflow (M)": 1.36}, {"rank": 11, "name": "0992 Long", "outflow (M)": 1.34}, {"rank": 12, "name": "0857 Long", "outflow (M)": 1.14}, {"rank": 13, "name": "3888 Long", "outflow (M)": 1.12}, {"rank": 14, "name": "9868 Short", "outflow (M)": 0.96}, {"rank": 15, "name": "0291 Long", "outflow (M)": 0.85}, {"rank": 16, "name": "0968 Long", "outflow (M)": 0.72}, {"rank": 17, "name": "0696 Long", "outflow (M)": 0.64}, {"rank": 18, "name": "9999 Long", "outflow (M)": 0.52}, {"rank": 19, "name": "N225 Long", "outflow (M)": 0.52}, {"rank": 20, "name": "2628 Long", "outflow (M)": 0.49}], "stats": {"hsi long pos": "+154.30M", "hsi short pos:": "-44.86M", "stocks long pos": "+59.00M", "stocks short pos": "-19.29M"}}