{"top20inflow_10d": [{"rank": 1, "name": "HSI Short", "inflow (M)": 77.47}, {"rank": 2, "name": "1299 Long", "inflow (M)": 34.6}, {"rank": 3, "name": "9988 Long", "inflow (M)": 26.16}, {"rank": 4, "name": "0941 Long", "inflow (M)": 22.11}, {"rank": 5, "name": "2269 Long", "inflow (M)": 20.14}, {"rank": 6, "name": "1810 Long", "inflow (M)": 13.31}, {"rank": 7, "name": "NDX Long", "inflow (M)": 11.89}, {"rank": 8, "name": "1211 Short", "inflow (M)": 8.81}, {"rank": 9, "name": "0700 Short", "inflow (M)": 7.81}, {"rank": 10, "name": "JPYD Long", "inflow (M)": 4.72}, {"rank": 11, "name": "0268 Long", "inflow (M)": 4.6}, {"rank": 12, "name": "0788 Long", "inflow (M)": 4.48}, {"rank": 13, "name": "9618 Short", "inflow (M)": 3.88}, {"rank": 14, "name": "2015 Long", "inflow (M)": 3.63}, {"rank": 15, "name": "0763 Long", "inflow (M)": 3.43}, {"rank": 16, "name": "SPX Long", "inflow (M)": 3.35}, {"rank": 17, "name": "2318 Long", "inflow (M)": 3.01}, {"rank": 18, "name": "DJI Short", "inflow (M)": 2.85}, {"rank": 19, "name": "1810 Short", "inflow (M)": 2.82}, {"rank": 20, "name": "1024 Long", "inflow (M)": 2.57}], "top20outflow_10d": [{"rank": 1, "name": "3690 Long", "outflow (M)": 51.18}, {"rank": 2, "name": "HSI Long", "outflow (M)": 46.76}, {"rank": 3, "name": "0700 Long", "outflow (M)": 18.24}, {"rank": 4, "name": "1211 Long", "outflow (M)": 10.71}, {"rank": 5, "name": "3690 Short", "outflow (M)": 6.21}, {"rank": 6, "name": "1109 Long", "outflow (M)": 5.21}, {"rank": 7, "name": "0005 Long", "outflow (M)": 3.57}, {"rank": 8, "name": "2015 Short", "outflow (M)": 3.53}, {"rank": 9, "name": "9618 Long", "outflow (M)": 3.4}, {"rank": 10, "name": "3968 Long", "outflow (M)": 2.92}, {"rank": 11, "name": "9626 Long", "outflow (M)": 2.26}, {"rank": 12, "name": "2840 Long", "outflow (M)": 2.16}, {"rank": 13, "name": "HSTECH Long", "outflow (M)": 1.88}, {"rank": 14, "name": "3988 Long", "outflow (M)": 1.75}, {"rank": 15, "name": "0386 Long", "outflow (M)": 1.74}, {"rank": 16, "name": "2020 Long", "outflow (M)": 1.71}, {"rank": 17, "name": "0857 Long", "outflow (M)": 1.67}, {"rank": 18, "name": "2269 Short", "outflow (M)": 1.49}, {"rank": 19, "name": "9999 Short", "outflow (M)": 1.4}, {"rank": 20, "name": "0388 Short", "outflow (M)": 1.27}], "stats": {"hsi long pos": "-186.83M", "hsi short pos:": "+131.52M", "stocks long pos": "+8.48M", "stocks short pos": "+31.34M"}}