{"top20inflow_5d": [{"rank": 1, "name": "HSI Long", "inflow (M)": 285.09}, {"rank": 2, "name": "0388 Long", "inflow (M)": 37.06}, {"rank": 3, "name": "0700 Long", "inflow (M)": 30.07}, {"rank": 4, "name": "9988 Long", "inflow (M)": 15.68}, {"rank": 5, "name": "3690 Long", "inflow (M)": 15.67}, {"rank": 6, "name": "1299 Long", "inflow (M)": 6.41}, {"rank": 7, "name": "2269 Long", "inflow (M)": 5.96}, {"rank": 8, "name": "2318 Long", "inflow (M)": 5.36}, {"rank": 9, "name": "1211 Long", "inflow (M)": 4.17}, {"rank": 10, "name": "DJI Short", "inflow (M)": 3.99}, {"rank": 11, "name": "9999 Short", "inflow (M)": 3.83}, {"rank": 12, "name": "HSTECH Long", "inflow (M)": 2.04}, {"rank": 13, "name": "2018 Long", "inflow (M)": 1.78}, {"rank": 14, "name": "9999 Long", "inflow (M)": 1.69}, {"rank": 15, "name": "0823 Long", "inflow (M)": 1.42}, {"rank": 16, "name": "3968 Long", "inflow (M)": 1.33}, {"rank": 17, "name": "0175 Long", "inflow (M)": 1.26}, {"rank": 18, "name": "1024 Long", "inflow (M)": 1.26}, {"rank": 19, "name": "0753 Long", "inflow (M)": 1.2}, {"rank": 20, "name": "2822 Long", "inflow (M)": 1.0}], "top20outflow_5d": [{"rank": 1, "name": "HSI Short", "outflow (M)": 89.79}, {"rank": 2, "name": "9988 Short", "outflow (M)": 25.76}, {"rank": 3, "name": "1810 Long", "outflow (M)": 7.73}, {"rank": 4, "name": "1211 Short", "outflow (M)": 7.66}, {"rank": 5, "name": "3690 Short", "outflow (M)": 6.4}, {"rank": 6, "name": "1810 Short", "outflow (M)": 5.28}, {"rank": 7, "name": "1299 Short", "outflow (M)": 3.55}, {"rank": 8, "name": "0700 Short", "outflow (M)": 2.46}, {"rank": 9, "name": "0388 Short", "outflow (M)": 1.19}, {"rank": 10, "name": "2382 Short", "outflow (M)": 1.19}, {"rank": 11, "name": "0939 Long", "outflow (M)": 0.83}, {"rank": 12, "name": "3968 Short", "outflow (M)": 0.77}, {"rank": 13, "name": "2020 Short", "outflow (M)": 0.61}, {"rank": 14, "name": "0981 Short", "outflow (M)": 0.61}, {"rank": 15, "name": "1024 Short", "outflow (M)": 0.57}, {"rank": 16, "name": "0981 Long", "outflow (M)": 0.55}, {"rank": 17, "name": "2018 Short", "outflow (M)": 0.5}, {"rank": 18, "name": "1772 Long", "outflow (M)": 0.5}, {"rank": 19, "name": "1801 Long", "outflow (M)": 0.48}, {"rank": 20, "name": "1928 Long", "outflow (M)": 0.46}], "stats": {"hsi long pos": "+285.09M", "hsi short pos:": "-89.79M", "stocks long pos": "+128.35M", "stocks short pos": "-48.74M"}}