{"top20inflow_1d": [{"rank": 1, "name": "9988 Short", "inflow (M)": 2.86}, {"rank": 2, "name": "0700 Short", "inflow (M)": 2.65}, {"rank": 3, "name": "9988 Long", "inflow (M)": 2.21}, {"rank": 4, "name": "3690 Short", "inflow (M)": 1.01}, {"rank": 5, "name": "1211 Short", "inflow (M)": 0.91}, {"rank": 6, "name": "9618 Long", "inflow (M)": 0.79}, {"rank": 7, "name": "1810 Long", "inflow (M)": 0.36}, {"rank": 8, "name": "0992 Long", "inflow (M)": 0.22}, {"rank": 9, "name": "1211 Long", "inflow (M)": 0.22}, {"rank": 10, "name": "0027 Short", "inflow (M)": 0.2}, {"rank": 11, "name": "2899 Long", "inflow (M)": 0.18}, {"rank": 12, "name": "9999 Long", "inflow (M)": 0.17}, {"rank": 13, "name": "2318 Short", "inflow (M)": 0.17}, {"rank": 14, "name": "3968 Short", "inflow (M)": 0.15}, {"rank": 15, "name": "1357 Long", "inflow (M)": 0.14}, {"rank": 16, "name": "0688 Long", "inflow (M)": 0.14}, {"rank": 17, "name": "1299 Short", "inflow (M)": 0.14}, {"rank": 18, "name": "0941 Short", "inflow (M)": 0.14}, {"rank": 19, "name": "0823 Long", "inflow (M)": 0.13}, {"rank": 20, "name": "2628 Long", "inflow (M)": 0.13}], "top20outflow_1d": [{"rank": 1, "name": "0700 Long", "outflow (M)": 5.83}, {"rank": 2, "name": "HSI Long", "outflow (M)": 1.93}, {"rank": 3, "name": "1299 Long", "outflow (M)": 0.83}, {"rank": 4, "name": "3690 Long", "outflow (M)": 0.53}, {"rank": 5, "name": "1810 Short", "outflow (M)": 0.46}, {"rank": 6, "name": "0857 Long", "outflow (M)": 0.27}, {"rank": 7, "name": "0941 Long", "outflow (M)": 0.26}, {"rank": 8, "name": "0005 Long", "outflow (M)": 0.25}, {"rank": 9, "name": "N225 Short", "outflow (M)": 0.18}, {"rank": 10, "name": "0005 Short", "outflow (M)": 0.16}, {"rank": 11, "name": "2331 Long", "outflow (M)": 0.16}, {"rank": 12, "name": "TSLAO Short", "outflow (M)": 0.15}, {"rank": 13, "name": "0788 Long", "outflow (M)": 0.15}, {"rank": 14, "name": "2328 Long", "outflow (M)": 0.14}, {"rank": 15, "name": "2269 Long", "outflow (M)": 0.14}, {"rank": 16, "name": "9868 Short", "outflow (M)": 0.13}, {"rank": 17, "name": "0992 Short", "outflow (M)": 0.13}, {"rank": 18, "name": "0027 Long", "outflow (M)": 0.12}, {"rank": 19, "name": "1880 Long", "outflow (M)": 0.08}, {"rank": 20, "name": "2822 Long", "outflow (M)": 0.08}], "stats": {"hsi long pos": "-57.24M", "hsi short pos:": "+67.71M", "stocks long pos": "-11.18M", "stocks short pos": "+11.08M"}}