{"top20inflow_1d": [{"rank": 1, "name": "HSI Long", "inflow (M)": 29.84}, {"rank": 2, "name": "0700 Long", "inflow (M)": 13.9}, {"rank": 3, "name": "1211 Long", "inflow (M)": 7.0}, {"rank": 4, "name": "3690 Long", "inflow (M)": 5.19}, {"rank": 5, "name": "0388 Long", "inflow (M)": 4.3}, {"rank": 6, "name": "9988 Long", "inflow (M)": 4.16}, {"rank": 7, "name": "3690 Short", "inflow (M)": 1.73}, {"rank": 8, "name": "1299 Long", "inflow (M)": 1.73}, {"rank": 9, "name": "2318 Long", "inflow (M)": 1.23}, {"rank": 10, "name": "1810 Long", "inflow (M)": 1.2}, {"rank": 11, "name": "2269 Long", "inflow (M)": 1.08}, {"rank": 12, "name": "2013 Long", "inflow (M)": 1.05}, {"rank": 13, "name": "1211 Short", "inflow (M)": 1.0}, {"rank": 14, "name": "2800 Long", "inflow (M)": 0.95}, {"rank": 15, "name": "9618 Long", "inflow (M)": 0.91}, {"rank": 16, "name": "1929 Long", "inflow (M)": 0.64}, {"rank": 17, "name": "9999 Long", "inflow (M)": 0.6}, {"rank": 18, "name": "9868 Short", "inflow (M)": 0.48}, {"rank": 19, "name": "HSTECH Long", "inflow (M)": 0.47}, {"rank": 20, "name": "0020 Long", "inflow (M)": 0.44}], "top20outflow_1d": [{"rank": 1, "name": "HSI Short", "outflow (M)": 32.48}, {"rank": 2, "name": "0700 Short", "outflow (M)": 10.29}, {"rank": 3, "name": "9888 Long", "outflow (M)": 1.92}, {"rank": 4, "name": "0388 Short", "outflow (M)": 1.04}, {"rank": 5, "name": "9988 Short", "outflow (M)": 1.02}, {"rank": 6, "name": "1299 Short", "outflow (M)": 0.83}, {"rank": 7, "name": "1810 Short", "outflow (M)": 0.71}, {"rank": 8, "name": "1024 Short", "outflow (M)": 0.7}, {"rank": 9, "name": "1171 Long", "outflow (M)": 0.58}, {"rank": 10, "name": "2382 Short", "outflow (M)": 0.49}, {"rank": 11, "name": "0005 Short", "outflow (M)": 0.33}, {"rank": 12, "name": "2333 Long", "outflow (M)": 0.28}, {"rank": 13, "name": "2020 Long", "outflow (M)": 0.26}, {"rank": 14, "name": "1928 Long", "outflow (M)": 0.21}, {"rank": 15, "name": "2020 Short", "outflow (M)": 0.17}, {"rank": 16, "name": "9961 Long", "outflow (M)": 0.16}, {"rank": 17, "name": "2328 Long", "outflow (M)": 0.12}, {"rank": 18, "name": "9999 Short", "outflow (M)": 0.12}, {"rank": 19, "name": "0992 Long", "outflow (M)": 0.09}, {"rank": 20, "name": "0992 Short", "outflow (M)": 0.09}], "stats": {"hsi long pos": "+79.40M", "hsi short pos:": "-32.48M", "stocks long pos": "+57.12M", "stocks short pos": "-12.35M"}}