{"top20inflow_1d": [{"rank": 1, "name": "HSI Long", "inflow (M)": 74.36}, {"rank": 2, "name": "HSI Short", "inflow (M)": 12.82}, {"rank": 3, "name": "9988 Long", "inflow (M)": 7.36}, {"rank": 4, "name": "0388 Long", "inflow (M)": 5.23}, {"rank": 5, "name": "3690 Long", "inflow (M)": 5.14}, {"rank": 6, "name": "0700 Long", "inflow (M)": 5.01}, {"rank": 7, "name": "2269 Short", "inflow (M)": 3.14}, {"rank": 8, "name": "9999 Short", "inflow (M)": 2.59}, {"rank": 9, "name": "2269 Long", "inflow (M)": 2.4}, {"rank": 10, "name": "1299 Long", "inflow (M)": 2.05}, {"rank": 11, "name": "DJI Short", "inflow (M)": 1.55}, {"rank": 12, "name": "1810 Short", "inflow (M)": 1.48}, {"rank": 13, "name": "NDX Short", "inflow (M)": 1.12}, {"rank": 14, "name": "1093 Long", "inflow (M)": 0.93}, {"rank": 15, "name": "2318 Long", "inflow (M)": 0.86}, {"rank": 16, "name": "2020 Long", "inflow (M)": 0.73}, {"rank": 17, "name": "9868 Short", "inflow (M)": 0.68}, {"rank": 18, "name": "0992 Long", "inflow (M)": 0.28}, {"rank": 19, "name": "JPYD Short", "inflow (M)": 0.27}, {"rank": 20, "name": "0992 Short", "inflow (M)": 0.25}], "top20outflow_1d": [{"rank": 1, "name": "9988 Short", "outflow (M)": 23.69}, {"rank": 2, "name": "3690 Short", "outflow (M)": 6.26}, {"rank": 3, "name": "0700 Short", "outflow (M)": 5.79}, {"rank": 4, "name": "1211 Short", "outflow (M)": 2.09}, {"rank": 5, "name": "1299 Short", "outflow (M)": 1.91}, {"rank": 6, "name": "1810 Long", "outflow (M)": 1.36}, {"rank": 7, "name": "9888 Long", "outflow (M)": 1.25}, {"rank": 8, "name": "2318 Short", "outflow (M)": 1.17}, {"rank": 9, "name": "2840 Long", "outflow (M)": 0.96}, {"rank": 10, "name": "0388 Short", "outflow (M)": 0.72}, {"rank": 11, "name": "HSTECH Long", "outflow (M)": 0.71}, {"rank": 12, "name": "9618 Long", "outflow (M)": 0.69}, {"rank": 13, "name": "0005 Long", "outflow (M)": 0.59}, {"rank": 14, "name": "1801 Long", "outflow (M)": 0.51}, {"rank": 15, "name": "1797 Long", "outflow (M)": 0.5}, {"rank": 16, "name": "1024 Short", "outflow (M)": 0.4}, {"rank": 17, "name": "9868 Long", "outflow (M)": 0.36}, {"rank": 18, "name": "1024 Long", "outflow (M)": 0.32}, {"rank": 19, "name": "0941 Long", "outflow (M)": 0.3}, {"rank": 20, "name": "2020 Short", "outflow (M)": 0.29}], "stats": {"hsi long pos": "+74.36M", "hsi short pos:": "+12.82M", "stocks long pos": "+23.13M", "stocks short pos": "-34.79M"}}