{"top20inflow_1d": [{"rank": 1, "name": "HSI Short", "inflow (M)": 12.18}, {"rank": 2, "name": "1211 Short", "inflow (M)": 1.49}, {"rank": 3, "name": "0388 Short", "inflow (M)": 1.41}, {"rank": 4, "name": "9988 Short", "inflow (M)": 1.4}, {"rank": 5, "name": "1797 Long", "inflow (M)": 1.25}, {"rank": 6, "name": "9868 Short", "inflow (M)": 1.24}, {"rank": 7, "name": "1211 Long", "inflow (M)": 0.98}, {"rank": 8, "name": "9618 Short", "inflow (M)": 0.88}, {"rank": 9, "name": "0700 Short", "inflow (M)": 0.87}, {"rank": 10, "name": "9618 Long", "inflow (M)": 0.67}, {"rank": 11, "name": "2318 Short", "inflow (M)": 0.64}, {"rank": 12, "name": "0027 Long", "inflow (M)": 0.61}, {"rank": 13, "name": "0939 Long", "inflow (M)": 0.4}, {"rank": 14, "name": "1024 Long", "inflow (M)": 0.39}, {"rank": 15, "name": "0981 Long", "inflow (M)": 0.37}, {"rank": 16, "name": "2018 Short", "inflow (M)": 0.36}, {"rank": 17, "name": "NDX Short", "inflow (M)": 0.35}, {"rank": 18, "name": "2822 Long", "inflow (M)": 0.31}, {"rank": 19, "name": "0388 Long", "inflow (M)": 0.29}, {"rank": 20, "name": "JPYD Short", "inflow (M)": 0.28}], "top20outflow_1d": [{"rank": 1, "name": "9988 Long", "outflow (M)": 5.84}, {"rank": 2, "name": "3690 Long", "outflow (M)": 5.21}, {"rank": 3, "name": "HSI Long", "outflow (M)": 5.01}, {"rank": 4, "name": "0700 Long", "outflow (M)": 3.79}, {"rank": 5, "name": "0005 Long", "outflow (M)": 2.57}, {"rank": 6, "name": "3690 Short", "outflow (M)": 1.72}, {"rank": 7, "name": "1810 Long", "outflow (M)": 1.49}, {"rank": 8, "name": "1299 Long", "outflow (M)": 1.41}, {"rank": 9, "name": "HSTECH Long", "outflow (M)": 1.01}, {"rank": 10, "name": "1928 Long", "outflow (M)": 0.88}, {"rank": 11, "name": "0823 Long", "outflow (M)": 0.76}, {"rank": 12, "name": "0001 Long", "outflow (M)": 0.62}, {"rank": 13, "name": "2018 Long", "outflow (M)": 0.41}, {"rank": 14, "name": "3968 Short", "outflow (M)": 0.31}, {"rank": 15, "name": "1919 Long", "outflow (M)": 0.26}, {"rank": 16, "name": "1299 Short", "outflow (M)": 0.24}, {"rank": 17, "name": "2015 Long", "outflow (M)": 0.17}, {"rank": 18, "name": "2331 Long", "outflow (M)": 0.16}, {"rank": 19, "name": "2020 Long", "outflow (M)": 0.16}, {"rank": 20, "name": "AAPLO Long", "outflow (M)": 0.14}], "stats": {"hsi long pos": "-5.01M", "hsi short pos:": "+12.18M", "stocks long pos": "-17.21M", "stocks short pos": "+7.22M"}}