{"top20inflow_20d": [{"rank": 1, "name": "HSI Long", "inflow (M)": 416.71}, {"rank": 2, "name": "HSI Short", "inflow (M)": 52.83}, {"rank": 3, "name": "0700 Long", "inflow (M)": 41.71}, {"rank": 4, "name": "9988 Long", "inflow (M)": 39.36}, {"rank": 5, "name": "3690 Long", "inflow (M)": 38.0}, {"rank": 6, "name": "2269 Long", "inflow (M)": 27.5}, {"rank": 7, "name": "1211 Long", "inflow (M)": 17.73}, {"rank": 8, "name": "3690 Short", "inflow (M)": 14.03}, {"rank": 9, "name": "9988 Short", "inflow (M)": 13.94}, {"rank": 10, "name": "2318 Long", "inflow (M)": 12.64}, {"rank": 11, "name": "3968 Long", "inflow (M)": 12.43}, {"rank": 12, "name": "2269 Short", "inflow (M)": 11.72}, {"rank": 13, "name": "0388 Long", "inflow (M)": 11.03}, {"rank": 14, "name": "0883 Long", "inflow (M)": 10.87}, {"rank": 15, "name": "HSTECH Long", "inflow (M)": 8.92}, {"rank": 16, "name": "1810 Long", "inflow (M)": 8.89}, {"rank": 17, "name": "JPYD Long", "inflow (M)": 8.67}, {"rank": 18, "name": "0981 Long", "inflow (M)": 8.39}, {"rank": 19, "name": "NDX Short", "inflow (M)": 6.77}, {"rank": 20, "name": "0005 Short", "inflow (M)": 5.25}], "top20outflow_20d": [{"rank": 1, "name": "1211 Short", "outflow (M)": 50.11}, {"rank": 2, "name": "0700 Short", "outflow (M)": 28.82}, {"rank": 3, "name": "2015 Short", "outflow (M)": 9.28}, {"rank": 4, "name": "9888 Long", "outflow (M)": 4.12}, {"rank": 5, "name": "1810 Short", "outflow (M)": 3.35}, {"rank": 6, "name": "0388 Short", "outflow (M)": 2.8}, {"rank": 7, "name": "0005 Long", "outflow (M)": 1.95}, {"rank": 8, "name": "0992 Short", "outflow (M)": 1.78}, {"rank": 9, "name": "3988 Short", "outflow (M)": 1.72}, {"rank": 10, "name": "HSTECH Short", "outflow (M)": 1.59}, {"rank": 11, "name": "0354 Long", "outflow (M)": 1.53}, {"rank": 12, "name": "1398 Long", "outflow (M)": 1.37}, {"rank": 13, "name": "0027 Long", "outflow (M)": 0.8}, {"rank": 14, "name": "0857 Long", "outflow (M)": 0.64}, {"rank": 15, "name": "9888 Short", "outflow (M)": 0.63}, {"rank": 16, "name": "N225 Long", "outflow (M)": 0.56}, {"rank": 17, "name": "JPY= Short", "outflow (M)": 0.52}, {"rank": 18, "name": "1658 Long", "outflow (M)": 0.49}, {"rank": 19, "name": "0941 Short", "outflow (M)": 0.43}, {"rank": 20, "name": "2018 Short", "outflow (M)": 0.38}], "stats": {"hsi long pos": "+416.71M", "hsi short pos:": "+52.83M", "stocks long pos": "+287.31M", "stocks short pos": "-35.87M"}}