{"top20inflow_20d": [{"rank": 1, "name": "HSI Long", "inflow (M)": 900.28}, {"rank": 2, "name": "3690 Long", "inflow (M)": 123.38}, {"rank": 3, "name": "9988 Long", "inflow (M)": 120.67}, {"rank": 4, "name": "0388 Long", "inflow (M)": 52.84}, {"rank": 5, "name": "1211 Long", "inflow (M)": 45.02}, {"rank": 6, "name": "2318 Long", "inflow (M)": 41.18}, {"rank": 7, "name": "1810 Long", "inflow (M)": 28.44}, {"rank": 8, "name": "9988 Short", "inflow (M)": 27.69}, {"rank": 9, "name": "DJI Short", "inflow (M)": 15.27}, {"rank": 10, "name": "0700 Short", "inflow (M)": 14.65}, {"rank": 11, "name": "1299 Long", "inflow (M)": 12.28}, {"rank": 12, "name": "NDX Short", "inflow (M)": 10.71}, {"rank": 13, "name": "0175 Long", "inflow (M)": 8.87}, {"rank": 14, "name": "2269 Long", "inflow (M)": 8.25}, {"rank": 15, "name": "HSTECH Long", "inflow (M)": 7.38}, {"rank": 16, "name": "0027 Long", "inflow (M)": 5.49}, {"rank": 17, "name": "3968 Long", "inflow (M)": 5.36}, {"rank": 18, "name": "0981 Long", "inflow (M)": 4.66}, {"rank": 19, "name": "1810 Short", "inflow (M)": 4.56}, {"rank": 20, "name": "2800 Long", "inflow (M)": 3.28}], "top20outflow_20d": [{"rank": 1, "name": "HSI Short", "outflow (M)": 240.91}, {"rank": 2, "name": "3690 Short", "outflow (M)": 18.59}, {"rank": 3, "name": "1211 Short", "outflow (M)": 13.1}, {"rank": 4, "name": "0388 Short", "outflow (M)": 9.63}, {"rank": 5, "name": "0005 Long", "outflow (M)": 4.82}, {"rank": 6, "name": "0981 Short", "outflow (M)": 4.18}, {"rank": 7, "name": "9618 Long", "outflow (M)": 4.09}, {"rank": 8, "name": "2318 Short", "outflow (M)": 3.52}, {"rank": 9, "name": "1299 Short", "outflow (M)": 3.3}, {"rank": 10, "name": "2269 Short", "outflow (M)": 2.86}, {"rank": 11, "name": "0941 Long", "outflow (M)": 2.36}, {"rank": 12, "name": "2015 Short", "outflow (M)": 2.17}, {"rank": 13, "name": "0902 Long", "outflow (M)": 1.91}, {"rank": 14, "name": "0857 Long", "outflow (M)": 1.68}, {"rank": 15, "name": "HSTECH Short", "outflow (M)": 1.58}, {"rank": 16, "name": "0135 Long", "outflow (M)": 1.34}, {"rank": 17, "name": "2018 Long", "outflow (M)": 1.21}, {"rank": 18, "name": "0883 Long", "outflow (M)": 1.11}, {"rank": 19, "name": "0941 Short", "outflow (M)": 1.05}, {"rank": 20, "name": "3988 Short", "outflow (M)": 1.02}], "stats": {"hsi long pos": "+900.28M", "hsi short pos:": "-240.91M", "stocks long pos": "+498.28M", "stocks short pos": "-11.49M"}}