{"top20inflow_5d": [{"rank": 1, "name": "HSI Long", "inflow (M)": 166.24}, {"rank": 2, "name": "0700 Long", "inflow (M)": 37.07}, {"rank": 3, "name": "3690 Short", "inflow (M)": 31.25}, {"rank": 4, "name": "9988 Long", "inflow (M)": 23.35}, {"rank": 5, "name": "1299 Long", "inflow (M)": 16.69}, {"rank": 6, "name": "3690 Long", "inflow (M)": 16.59}, {"rank": 7, "name": "0388 Long", "inflow (M)": 12.15}, {"rank": 8, "name": "2015 Long", "inflow (M)": 7.16}, {"rank": 9, "name": "9618 Short", "inflow (M)": 5.18}, {"rank": 10, "name": "JPYD Long", "inflow (M)": 4.9}, {"rank": 11, "name": "0823 Long", "inflow (M)": 3.66}, {"rank": 12, "name": "9626 Long", "inflow (M)": 3.02}, {"rank": 13, "name": "1211 Long", "inflow (M)": 2.95}, {"rank": 14, "name": "9888 Long", "inflow (M)": 2.93}, {"rank": 15, "name": "0005 Short", "inflow (M)": 2.7}, {"rank": 16, "name": "0386 Long", "inflow (M)": 2.3}, {"rank": 17, "name": "2318 Long", "inflow (M)": 2.24}, {"rank": 18, "name": "0027 Long", "inflow (M)": 1.85}, {"rank": 19, "name": "NDX Short", "inflow (M)": 1.81}, {"rank": 20, "name": "9961 Long", "inflow (M)": 1.78}], "top20outflow_5d": [{"rank": 1, "name": "HSI Short", "outflow (M)": 52.23}, {"rank": 2, "name": "2015 Short", "outflow (M)": 8.99}, {"rank": 3, "name": "0005 Long", "outflow (M)": 8.48}, {"rank": 4, "name": "0700 Short", "outflow (M)": 7.57}, {"rank": 5, "name": "0941 Long", "outflow (M)": 4.87}, {"rank": 6, "name": "1299 Short", "outflow (M)": 2.76}, {"rank": 7, "name": "9961 Short", "outflow (M)": 2.59}, {"rank": 8, "name": "0981 Long", "outflow (M)": 2.51}, {"rank": 9, "name": "0992 Long", "outflow (M)": 2.09}, {"rank": 10, "name": "3968 Long", "outflow (M)": 1.9}, {"rank": 11, "name": "0027 Short", "outflow (M)": 1.86}, {"rank": 12, "name": "1211 Short", "outflow (M)": 1.7}, {"rank": 13, "name": "9988 Short", "outflow (M)": 1.55}, {"rank": 14, "name": "2018 Long", "outflow (M)": 1.38}, {"rank": 15, "name": "2822 Long", "outflow (M)": 1.3}, {"rank": 16, "name": "1810 Short", "outflow (M)": 0.99}, {"rank": 17, "name": "HSCE Long", "outflow (M)": 0.95}, {"rank": 18, "name": "2318 Short", "outflow (M)": 0.87}, {"rank": 19, "name": "2269 Short", "outflow (M)": 0.77}, {"rank": 20, "name": "0669 Long", "outflow (M)": 0.67}], "stats": {"hsi long pos": "+166.24M", "hsi short pos:": "-52.23M", "stocks long pos": "+129.07M", "stocks short pos": "+12.79M"}}