{"top20inflow_10d": [{"rank": 1, "name": "HSI Short", "inflow (M)": 122.25}, {"rank": 2, "name": "HSI Long", "inflow (M)": 114.59}, {"rank": 3, "name": "0700 Short", "inflow (M)": 46.59}, {"rank": 4, "name": "9988 Long", "inflow (M)": 42.16}, {"rank": 5, "name": "1299 Long", "inflow (M)": 27.82}, {"rank": 6, "name": "3690 Short", "inflow (M)": 27.71}, {"rank": 7, "name": "0388 Long", "inflow (M)": 22.3}, {"rank": 8, "name": "0883 Long", "inflow (M)": 6.94}, {"rank": 9, "name": "2015 Long", "inflow (M)": 6.85}, {"rank": 10, "name": "0027 Long", "inflow (M)": 6.67}, {"rank": 11, "name": "0857 Long", "inflow (M)": 5.61}, {"rank": 12, "name": "2318 Long", "inflow (M)": 5.45}, {"rank": 13, "name": "2899 Long", "inflow (M)": 4.84}, {"rank": 14, "name": "9988 Short", "inflow (M)": 4.1}, {"rank": 15, "name": "0268 Long", "inflow (M)": 3.98}, {"rank": 16, "name": "2331 Long", "inflow (M)": 3.54}, {"rank": 17, "name": "1928 Long", "inflow (M)": 3.51}, {"rank": 18, "name": "9999 Long", "inflow (M)": 3.47}, {"rank": 19, "name": "1211 Long", "inflow (M)": 3.34}, {"rank": 20, "name": "0388 Short", "inflow (M)": 3.06}], "top20outflow_10d": [{"rank": 1, "name": "0700 Long", "outflow (M)": 68.4}, {"rank": 2, "name": "0941 Long", "outflow (M)": 9.86}, {"rank": 3, "name": "3968 Long", "outflow (M)": 6.34}, {"rank": 4, "name": "1810 Long", "outflow (M)": 5.9}, {"rank": 5, "name": "1211 Short", "outflow (M)": 5.23}, {"rank": 6, "name": "NDX Short", "outflow (M)": 4.63}, {"rank": 7, "name": "N225 Short", "outflow (M)": 4.12}, {"rank": 8, "name": "3690 Long", "outflow (M)": 3.92}, {"rank": 9, "name": "0175 Long", "outflow (M)": 3.34}, {"rank": 10, "name": "SPX Short", "outflow (M)": 2.73}, {"rank": 11, "name": "2840 Long", "outflow (M)": 2.33}, {"rank": 12, "name": "9961 Short", "outflow (M)": 2.27}, {"rank": 13, "name": "0386 Long", "outflow (M)": 2.15}, {"rank": 14, "name": "0005 Short", "outflow (M)": 1.4}, {"rank": 15, "name": "9868 Short", "outflow (M)": 1.12}, {"rank": 16, "name": "0291 Long", "outflow (M)": 0.98}, {"rank": 17, "name": "2333 Long", "outflow (M)": 0.9}, {"rank": 18, "name": "0354 Long", "outflow (M)": 0.62}, {"rank": 19, "name": "2015 Short", "outflow (M)": 0.6}, {"rank": 20, "name": "1109 Long", "outflow (M)": 0.59}], "stats": {"hsi long pos": "+114.59M", "hsi short pos:": "+122.25M", "stocks long pos": "+85.85M", "stocks short pos": "+80.19M"}}