{"top20inflow_5d": [{"rank": 1, "name": "HSI Long", "inflow (M)": 78.65}, {"rank": 2, "name": "0388 Long", "inflow (M)": 10.62}, {"rank": 3, "name": "3690 Long", "inflow (M)": 8.95}, {"rank": 4, "name": "9988 Long", "inflow (M)": 8.91}, {"rank": 5, "name": "1810 Long", "inflow (M)": 4.25}, {"rank": 6, "name": "2318 Long", "inflow (M)": 4.24}, {"rank": 7, "name": "1299 Long", "inflow (M)": 4.2}, {"rank": 8, "name": "1211 Long", "inflow (M)": 4.09}, {"rank": 9, "name": "DJI Short", "inflow (M)": 2.78}, {"rank": 10, "name": "NDX Long", "inflow (M)": 2.7}, {"rank": 11, "name": "HSTECH Long", "inflow (M)": 2.14}, {"rank": 12, "name": "0941 Long", "inflow (M)": 1.73}, {"rank": 13, "name": "2269 Long", "inflow (M)": 1.47}, {"rank": 14, "name": "2822 Long", "inflow (M)": 1.42}, {"rank": 15, "name": "2018 Long", "inflow (M)": 1.32}, {"rank": 16, "name": "3968 Long", "inflow (M)": 1.31}, {"rank": 17, "name": "9999 Long", "inflow (M)": 1.2}, {"rank": 18, "name": "2331 Long", "inflow (M)": 1.16}, {"rank": 19, "name": "0175 Long", "inflow (M)": 1.16}, {"rank": 20, "name": "9868 Long", "inflow (M)": 1.08}], "top20outflow_5d": [{"rank": 1, "name": "0700 Long", "outflow (M)": 12.26}, {"rank": 2, "name": "1211 Short", "outflow (M)": 8.73}, {"rank": 3, "name": "0388 Short", "outflow (M)": 8.22}, {"rank": 4, "name": "9988 Short", "outflow (M)": 6.32}, {"rank": 5, "name": "1810 Short", "outflow (M)": 5.2}, {"rank": 6, "name": "3690 Short", "outflow (M)": 3.74}, {"rank": 7, "name": "9999 Short", "outflow (M)": 2.58}, {"rank": 8, "name": "0005 Long", "outflow (M)": 1.89}, {"rank": 9, "name": "2269 Short", "outflow (M)": 1.77}, {"rank": 10, "name": "1772 Long", "outflow (M)": 1.27}, {"rank": 11, "name": "0857 Short", "outflow (M)": 0.74}, {"rank": 12, "name": "2020 Long", "outflow (M)": 0.58}, {"rank": 13, "name": "3968 Short", "outflow (M)": 0.53}, {"rank": 14, "name": "0005 Short", "outflow (M)": 0.4}, {"rank": 15, "name": "SPX Short", "outflow (M)": 0.37}, {"rank": 16, "name": "1928 Long", "outflow (M)": 0.36}, {"rank": 17, "name": "0017 Long", "outflow (M)": 0.3}, {"rank": 18, "name": "2382 Short", "outflow (M)": 0.28}, {"rank": 19, "name": "0175 Short", "outflow (M)": 0.28}, {"rank": 20, "name": "1299 Short", "outflow (M)": 0.25}], "stats": {"hsi long pos": "+78.65M", "hsi short pos:": "+0.46M", "stocks long pos": "+50.06M", "stocks short pos": "-33.69M"}}