{"top20inflow_20d": [{"rank": 1, "name": "HSI Short", "inflow (M)": 353.04}, {"rank": 2, "name": "0700 Long", "inflow (M)": 49.62}, {"rank": 3, "name": "2269 Long", "inflow (M)": 21.91}, {"rank": 4, "name": "9988 Long", "inflow (M)": 20.2}, {"rank": 5, "name": "0005 Long", "inflow (M)": 19.68}, {"rank": 6, "name": "1211 Long", "inflow (M)": 15.1}, {"rank": 7, "name": "0981 Long", "inflow (M)": 10.47}, {"rank": 8, "name": "2269 Short", "inflow (M)": 8.88}, {"rank": 9, "name": "9961 Short", "inflow (M)": 8.55}, {"rank": 10, "name": "DJI Short", "inflow (M)": 8.07}, {"rank": 11, "name": "1810 Long", "inflow (M)": 7.99}, {"rank": 12, "name": "3968 Short", "inflow (M)": 6.49}, {"rank": 13, "name": "9618 Long", "inflow (M)": 5.81}, {"rank": 14, "name": "9888 Long", "inflow (M)": 5.38}, {"rank": 15, "name": "9999 Short", "inflow (M)": 5.33}, {"rank": 16, "name": "0883 Short", "inflow (M)": 4.97}, {"rank": 17, "name": "3690 Short", "inflow (M)": 4.45}, {"rank": 18, "name": "0992 Long", "inflow (M)": 4.36}, {"rank": 19, "name": "0388 Short", "inflow (M)": 4.08}, {"rank": 20, "name": "NDX Short", "inflow (M)": 3.9}], "top20outflow_20d": [{"rank": 1, "name": "HSI Long", "outflow (M)": 78.88}, {"rank": 2, "name": "1211 Short", "outflow (M)": 39.77}, {"rank": 3, "name": "0883 Long", "outflow (M)": 21.82}, {"rank": 4, "name": "0700 Short", "outflow (M)": 16.06}, {"rank": 5, "name": "1398 Long", "outflow (M)": 2.45}, {"rank": 6, "name": "0992 Short", "outflow (M)": 2.42}, {"rank": 7, "name": "9988 Short", "outflow (M)": 2.35}, {"rank": 8, "name": "0788 Long", "outflow (M)": 2.33}, {"rank": 9, "name": "9868 Short", "outflow (M)": 2.08}, {"rank": 10, "name": "1928 Long", "outflow (M)": 1.95}, {"rank": 11, "name": "1171 Long", "outflow (M)": 1.76}, {"rank": 12, "name": "1109 Long", "outflow (M)": 1.53}, {"rank": 13, "name": "NDX Long", "outflow (M)": 1.34}, {"rank": 14, "name": "2822 Long", "outflow (M)": 1.27}, {"rank": 15, "name": "0941 Short", "outflow (M)": 0.94}, {"rank": 16, "name": "N225 Long", "outflow (M)": 0.9}, {"rank": 17, "name": "0960 Long", "outflow (M)": 0.71}, {"rank": 18, "name": "1801 Long", "outflow (M)": 0.63}, {"rank": 19, "name": "2800 Long", "outflow (M)": 0.62}, {"rank": 20, "name": "0857 Long", "outflow (M)": 0.59}], "stats": {"hsi long pos": "-78.88M", "hsi short pos:": "+353.04M", "stocks long pos": "+159.70M", "stocks short pos": "-6.45M"}}