{"top20inflow_5d": [{"rank": 1, "name": "HSI Long", "inflow (M)": 129.45}, {"rank": 2, "name": "0700 Long", "inflow (M)": 34.2}, {"rank": 3, "name": "9988 Long", "inflow (M)": 27.15}, {"rank": 4, "name": "3690 Short", "inflow (M)": 23.7}, {"rank": 5, "name": "1299 Long", "inflow (M)": 14.92}, {"rank": 6, "name": "9888 Long", "inflow (M)": 10.87}, {"rank": 7, "name": "0388 Long", "inflow (M)": 9.72}, {"rank": 8, "name": "2015 Long", "inflow (M)": 5.68}, {"rank": 9, "name": "2318 Long", "inflow (M)": 5.52}, {"rank": 10, "name": "9618 Short", "inflow (M)": 3.77}, {"rank": 11, "name": "JPYD Long", "inflow (M)": 3.46}, {"rank": 12, "name": "0005 Short", "inflow (M)": 3.02}, {"rank": 13, "name": "3690 Long", "inflow (M)": 2.91}, {"rank": 14, "name": "9961 Long", "inflow (M)": 2.73}, {"rank": 15, "name": "9618 Long", "inflow (M)": 2.62}, {"rank": 16, "name": "1211 Long", "inflow (M)": 2.49}, {"rank": 17, "name": "2020 Long", "inflow (M)": 2.29}, {"rank": 18, "name": "0386 Long", "inflow (M)": 2.27}, {"rank": 19, "name": "9626 Long", "inflow (M)": 2.19}, {"rank": 20, "name": "0823 Long", "inflow (M)": 1.77}], "top20outflow_5d": [{"rank": 1, "name": "HSI Short", "outflow (M)": 44.4}, {"rank": 2, "name": "0005 Long", "outflow (M)": 11.14}, {"rank": 3, "name": "2015 Short", "outflow (M)": 8.46}, {"rank": 4, "name": "2269 Long", "outflow (M)": 4.37}, {"rank": 5, "name": "9988 Short", "outflow (M)": 4.02}, {"rank": 6, "name": "1299 Short", "outflow (M)": 2.92}, {"rank": 7, "name": "0992 Long", "outflow (M)": 2.82}, {"rank": 8, "name": "1211 Short", "outflow (M)": 2.7}, {"rank": 9, "name": "9961 Short", "outflow (M)": 2.11}, {"rank": 10, "name": "0388 Short", "outflow (M)": 2.1}, {"rank": 11, "name": "0941 Long", "outflow (M)": 1.94}, {"rank": 12, "name": "0700 Short", "outflow (M)": 1.69}, {"rank": 13, "name": "2318 Short", "outflow (M)": 1.64}, {"rank": 14, "name": "2840 Long", "outflow (M)": 1.61}, {"rank": 15, "name": "2018 Long", "outflow (M)": 1.6}, {"rank": 16, "name": "0027 Short", "outflow (M)": 1.54}, {"rank": 17, "name": "3968 Short", "outflow (M)": 1.39}, {"rank": 18, "name": "9999 Long", "outflow (M)": 0.95}, {"rank": 19, "name": "1810 Short", "outflow (M)": 0.9}, {"rank": 20, "name": "0883 Short", "outflow (M)": 0.82}], "stats": {"hsi long pos": "+129.45M", "hsi short pos:": "-44.40M", "stocks long pos": "+126.01M", "stocks short pos": "-1.11M"}}