{"top20inflow_10d": [{"rank": 1, "name": "HSI Short", "inflow (M)": 196.44}, {"rank": 2, "name": "3690 Short", "inflow (M)": 29.77}, {"rank": 3, "name": "9988 Long", "inflow (M)": 29.13}, {"rank": 4, "name": "NDX Long", "inflow (M)": 13.39}, {"rank": 5, "name": "0700 Short", "inflow (M)": 10.78}, {"rank": 6, "name": "1211 Short", "inflow (M)": 10.77}, {"rank": 7, "name": "9618 Short", "inflow (M)": 10.42}, {"rank": 8, "name": "1299 Long", "inflow (M)": 10.25}, {"rank": 9, "name": "0883 Long", "inflow (M)": 7.03}, {"rank": 10, "name": "2015 Long", "inflow (M)": 5.75}, {"rank": 11, "name": "0388 Short", "inflow (M)": 5.67}, {"rank": 12, "name": "2269 Long", "inflow (M)": 5.18}, {"rank": 13, "name": "JPYD Long", "inflow (M)": 4.69}, {"rank": 14, "name": "1810 Long", "inflow (M)": 4.56}, {"rank": 15, "name": "0941 Long", "inflow (M)": 3.97}, {"rank": 16, "name": "1810 Short", "inflow (M)": 3.63}, {"rank": 17, "name": "SPX Long", "inflow (M)": 3.5}, {"rank": 18, "name": "0763 Long", "inflow (M)": 2.99}, {"rank": 19, "name": "0788 Long", "inflow (M)": 2.96}, {"rank": 20, "name": "0823 Long", "inflow (M)": 2.73}], "top20outflow_10d": [{"rank": 1, "name": "HSI Long", "outflow (M)": 98.86}, {"rank": 2, "name": "3690 Long", "outflow (M)": 42.12}, {"rank": 3, "name": "2015 Short", "outflow (M)": 9.21}, {"rank": 4, "name": "1211 Long", "outflow (M)": 8.77}, {"rank": 5, "name": "0005 Long", "outflow (M)": 7.31}, {"rank": 6, "name": "0700 Long", "outflow (M)": 6.77}, {"rank": 7, "name": "1109 Long", "outflow (M)": 3.75}, {"rank": 8, "name": "HSTECH Long", "outflow (M)": 3.04}, {"rank": 9, "name": "9961 Short", "outflow (M)": 2.65}, {"rank": 10, "name": "2840 Long", "outflow (M)": 2.48}, {"rank": 11, "name": "3968 Long", "outflow (M)": 2.43}, {"rank": 12, "name": "0992 Long", "outflow (M)": 2.29}, {"rank": 13, "name": "0027 Short", "outflow (M)": 2.13}, {"rank": 14, "name": "2822 Long", "outflow (M)": 1.78}, {"rank": 15, "name": "2018 Long", "outflow (M)": 1.66}, {"rank": 16, "name": "3988 Long", "outflow (M)": 1.52}, {"rank": 17, "name": "1299 Short", "outflow (M)": 1.48}, {"rank": 18, "name": "0388 Long", "outflow (M)": 1.26}, {"rank": 19, "name": "0669 Long", "outflow (M)": 1.14}, {"rank": 20, "name": "2333 Long", "outflow (M)": 1.13}], "stats": {"hsi long pos": "-92.31M", "hsi short pos:": "+189.50M", "stocks long pos": "+13.12M", "stocks short pos": "+63.06M"}}