{"top20inflow_20d": [{"rank": 1, "name": "HSI Short", "inflow (M)": 225.03}, {"rank": 2, "name": "HSI Long", "inflow (M)": 53.16}, {"rank": 3, "name": "9988 Long", "inflow (M)": 31.9}, {"rank": 4, "name": "0700 Long", "inflow (M)": 26.89}, {"rank": 5, "name": "2269 Long", "inflow (M)": 24.11}, {"rank": 6, "name": "3690 Long", "inflow (M)": 18.64}, {"rank": 7, "name": "3690 Short", "inflow (M)": 15.93}, {"rank": 8, "name": "1211 Long", "inflow (M)": 14.95}, {"rank": 9, "name": "0883 Long", "inflow (M)": 13.61}, {"rank": 10, "name": "9988 Short", "inflow (M)": 11.89}, {"rank": 11, "name": "2269 Short", "inflow (M)": 11.82}, {"rank": 12, "name": "3968 Long", "inflow (M)": 11.8}, {"rank": 13, "name": "2318 Long", "inflow (M)": 9.67}, {"rank": 14, "name": "0981 Long", "inflow (M)": 9.61}, {"rank": 15, "name": "HSTECH Long", "inflow (M)": 8.82}, {"rank": 16, "name": "JPYD Long", "inflow (M)": 7.69}, {"rank": 17, "name": "0005 Short", "inflow (M)": 7.32}, {"rank": 18, "name": "9999 Short", "inflow (M)": 7.2}, {"rank": 19, "name": "DJI Short", "inflow (M)": 6.18}, {"rank": 20, "name": "1810 Long", "inflow (M)": 6.06}], "top20outflow_20d": [{"rank": 1, "name": "1211 Short", "outflow (M)": 47.45}, {"rank": 2, "name": "0700 Short", "outflow (M)": 21.46}, {"rank": 3, "name": "1299 Long", "outflow (M)": 9.34}, {"rank": 4, "name": "0005 Long", "outflow (M)": 5.18}, {"rank": 5, "name": "9888 Long", "outflow (M)": 3.82}, {"rank": 6, "name": "0992 Short", "outflow (M)": 2.56}, {"rank": 7, "name": "0027 Long", "outflow (M)": 2.45}, {"rank": 8, "name": "1928 Long", "outflow (M)": 1.9}, {"rank": 9, "name": "NDX Long", "outflow (M)": 1.52}, {"rank": 10, "name": "1398 Long", "outflow (M)": 1.51}, {"rank": 11, "name": "0981 Short", "outflow (M)": 1.5}, {"rank": 12, "name": "9633 Long", "outflow (M)": 1.08}, {"rank": 13, "name": "9888 Short", "outflow (M)": 1.0}, {"rank": 14, "name": "0857 Long", "outflow (M)": 0.98}, {"rank": 15, "name": "2800 Long", "outflow (M)": 0.58}, {"rank": 16, "name": "0788 Long", "outflow (M)": 0.52}, {"rank": 17, "name": "1658 Long", "outflow (M)": 0.48}, {"rank": 18, "name": "2018 Short", "outflow (M)": 0.44}, {"rank": 19, "name": "N225 Long", "outflow (M)": 0.43}, {"rank": 20, "name": "0688 Long", "outflow (M)": 0.39}], "stats": {"hsi long pos": "+53.16M", "hsi short pos:": "+225.03M", "stocks long pos": "+203.93M", "stocks short pos": "+10.06M"}}