{"top20inflow_20d": [{"rank": 1, "name": "HSI Long", "inflow (M)": 571.72}, {"rank": 2, "name": "3690 Long", "inflow (M)": 109.76}, {"rank": 3, "name": "0700 Long", "inflow (M)": 81.55}, {"rank": 4, "name": "0388 Long", "inflow (M)": 30.99}, {"rank": 5, "name": "9999 Short", "inflow (M)": 21.17}, {"rank": 6, "name": "9988 Long", "inflow (M)": 19.91}, {"rank": 7, "name": "1211 Long", "inflow (M)": 19.32}, {"rank": 8, "name": "DJI Short", "inflow (M)": 15.15}, {"rank": 9, "name": "2318 Long", "inflow (M)": 14.06}, {"rank": 10, "name": "2269 Long", "inflow (M)": 10.19}, {"rank": 11, "name": "1024 Long", "inflow (M)": 9.0}, {"rank": 12, "name": "HSTECH Long", "inflow (M)": 7.0}, {"rank": 13, "name": "HSI Short", "inflow (M)": 6.56}, {"rank": 14, "name": "9618 Short", "inflow (M)": 5.74}, {"rank": 15, "name": "1299 Long", "inflow (M)": 5.65}, {"rank": 16, "name": "3968 Long", "inflow (M)": 4.22}, {"rank": 17, "name": "0941 Short", "inflow (M)": 4.07}, {"rank": 18, "name": "1797 Long", "inflow (M)": 3.67}, {"rank": 19, "name": "0175 Long", "inflow (M)": 3.64}, {"rank": 20, "name": "NDX Short", "inflow (M)": 3.32}], "top20outflow_20d": [{"rank": 1, "name": "9988 Short", "outflow (M)": 36.34}, {"rank": 2, "name": "0700 Short", "outflow (M)": 15.25}, {"rank": 3, "name": "1211 Short", "outflow (M)": 14.86}, {"rank": 4, "name": "1810 Long", "outflow (M)": 9.73}, {"rank": 5, "name": "0388 Short", "outflow (M)": 5.14}, {"rank": 6, "name": "2318 Short", "outflow (M)": 4.54}, {"rank": 7, "name": "1810 Short", "outflow (M)": 4.4}, {"rank": 8, "name": "0823 Long", "outflow (M)": 3.58}, {"rank": 9, "name": "2018 Long", "outflow (M)": 2.72}, {"rank": 10, "name": "0005 Long", "outflow (M)": 2.65}, {"rank": 11, "name": "2382 Short", "outflow (M)": 2.38}, {"rank": 12, "name": "1093 Long", "outflow (M)": 2.1}, {"rank": 13, "name": "1299 Short", "outflow (M)": 2.05}, {"rank": 14, "name": "HSTECH Short", "outflow (M)": 1.85}, {"rank": 15, "name": "9618 Long", "outflow (M)": 1.71}, {"rank": 16, "name": "9868 Short", "outflow (M)": 1.59}, {"rank": 17, "name": "9888 Long", "outflow (M)": 1.49}, {"rank": 18, "name": "0981 Long", "outflow (M)": 1.35}, {"rank": 19, "name": "2269 Short", "outflow (M)": 1.31}, {"rank": 20, "name": "0992 Long", "outflow (M)": 1.24}], "stats": {"hsi long pos": "+571.72M", "hsi short pos:": "+6.56M", "stocks long pos": "+318.15M", "stocks short pos": "-53.60M"}}