{"top20inflow_10d": [{"rank": 1, "name": "HSI Short", "inflow (M)": 215.05}, {"rank": 2, "name": "1299 Long", "inflow (M)": 30.2}, {"rank": 3, "name": "9988 Long", "inflow (M)": 23.66}, {"rank": 4, "name": "0941 Long", "inflow (M)": 17.54}, {"rank": 5, "name": "2269 Long", "inflow (M)": 17.19}, {"rank": 6, "name": "NDX Long", "inflow (M)": 13.09}, {"rank": 7, "name": "1810 Long", "inflow (M)": 11.4}, {"rank": 8, "name": "1211 Short", "inflow (M)": 10.2}, {"rank": 9, "name": "9618 Short", "inflow (M)": 7.66}, {"rank": 10, "name": "0883 Long", "inflow (M)": 7.52}, {"rank": 11, "name": "JPYD Long", "inflow (M)": 7.37}, {"rank": 12, "name": "0700 Short", "inflow (M)": 6.64}, {"rank": 13, "name": "0268 Long", "inflow (M)": 4.72}, {"rank": 14, "name": "2015 Long", "inflow (M)": 4.41}, {"rank": 15, "name": "0788 Long", "inflow (M)": 4.24}, {"rank": 16, "name": "0763 Long", "inflow (M)": 4.21}, {"rank": 17, "name": "9999 Long", "inflow (M)": 3.34}, {"rank": 18, "name": "SPX Long", "inflow (M)": 3.33}, {"rank": 19, "name": "1810 Short", "inflow (M)": 3.14}, {"rank": 20, "name": "0005 Short", "inflow (M)": 2.29}], "top20outflow_10d": [{"rank": 1, "name": "HSI Long", "outflow (M)": 178.33}, {"rank": 2, "name": "3690 Long", "outflow (M)": 55.51}, {"rank": 3, "name": "0700 Long", "outflow (M)": 26.79}, {"rank": 4, "name": "1211 Long", "outflow (M)": 10.61}, {"rank": 5, "name": "0005 Long", "outflow (M)": 8.94}, {"rank": 6, "name": "1109 Long", "outflow (M)": 5.11}, {"rank": 7, "name": "3968 Long", "outflow (M)": 4.9}, {"rank": 8, "name": "3690 Short", "outflow (M)": 4.22}, {"rank": 9, "name": "9618 Long", "outflow (M)": 3.39}, {"rank": 10, "name": "HSTECH Long", "outflow (M)": 3.25}, {"rank": 11, "name": "2015 Short", "outflow (M)": 2.95}, {"rank": 12, "name": "9626 Long", "outflow (M)": 2.63}, {"rank": 13, "name": "2840 Long", "outflow (M)": 2.55}, {"rank": 14, "name": "1299 Short", "outflow (M)": 2.32}, {"rank": 15, "name": "0388 Long", "outflow (M)": 1.78}, {"rank": 16, "name": "3988 Long", "outflow (M)": 1.74}, {"rank": 17, "name": "2380 Long", "outflow (M)": 1.57}, {"rank": 18, "name": "9888 Long", "outflow (M)": 1.35}, {"rank": 19, "name": "9961 Long", "outflow (M)": 1.28}, {"rank": 20, "name": "0992 Short", "outflow (M)": 1.21}], "stats": {"hsi long pos": "-163.13M", "hsi short pos:": "+206.16M", "stocks long pos": "+19.80M", "stocks short pos": "+20.68M"}}