{"top20inflow_10d": [{"rank": 1, "name": "HSI Long", "inflow (M)": 614.11}, {"rank": 2, "name": "3690 Long", "inflow (M)": 108.6}, {"rank": 3, "name": "9988 Long", "inflow (M)": 58.48}, {"rank": 4, "name": "1211 Long", "inflow (M)": 43.97}, {"rank": 5, "name": "0388 Long", "inflow (M)": 38.02}, {"rank": 6, "name": "9988 Short", "inflow (M)": 21.84}, {"rank": 7, "name": "2318 Long", "inflow (M)": 17.24}, {"rank": 8, "name": "1810 Long", "inflow (M)": 9.42}, {"rank": 9, "name": "1299 Long", "inflow (M)": 9.29}, {"rank": 10, "name": "0981 Long", "inflow (M)": 7.22}, {"rank": 11, "name": "2269 Long", "inflow (M)": 5.71}, {"rank": 12, "name": "0175 Long", "inflow (M)": 5.63}, {"rank": 13, "name": "HSTECH Long", "inflow (M)": 5.4}, {"rank": 14, "name": "1024 Long", "inflow (M)": 4.04}, {"rank": 15, "name": "3968 Long", "inflow (M)": 3.17}, {"rank": 16, "name": "0027 Long", "inflow (M)": 2.86}, {"rank": 17, "name": "2800 Long", "inflow (M)": 2.85}, {"rank": 18, "name": "DJI Short", "inflow (M)": 2.73}, {"rank": 19, "name": "1928 Long", "inflow (M)": 2.55}, {"rank": 20, "name": "0939 Long", "inflow (M)": 2.48}], "top20outflow_10d": [{"rank": 1, "name": "HSI Short", "outflow (M)": 173.72}, {"rank": 2, "name": "3690 Short", "outflow (M)": 10.55}, {"rank": 3, "name": "0388 Short", "outflow (M)": 6.78}, {"rank": 4, "name": "1211 Short", "outflow (M)": 6.33}, {"rank": 5, "name": "2318 Short", "outflow (M)": 4.04}, {"rank": 6, "name": "1810 Short", "outflow (M)": 3.54}, {"rank": 7, "name": "0354 Long", "outflow (M)": 2.39}, {"rank": 8, "name": "1024 Short", "outflow (M)": 1.8}, {"rank": 9, "name": "1171 Long", "outflow (M)": 1.54}, {"rank": 10, "name": "2013 Long", "outflow (M)": 1.32}, {"rank": 11, "name": "HSTECH Short", "outflow (M)": 1.07}, {"rank": 12, "name": "0902 Long", "outflow (M)": 1.06}, {"rank": 13, "name": "2269 Short", "outflow (M)": 0.97}, {"rank": 14, "name": "9618 Short", "outflow (M)": 0.89}, {"rank": 15, "name": "2015 Short", "outflow (M)": 0.84}, {"rank": 16, "name": "2018 Long", "outflow (M)": 0.82}, {"rank": 17, "name": "9618 Long", "outflow (M)": 0.78}, {"rank": 18, "name": "2822 Long", "outflow (M)": 0.71}, {"rank": 19, "name": "3988 Short", "outflow (M)": 0.6}, {"rank": 20, "name": "3800 Long", "outflow (M)": 0.59}], "stats": {"hsi long pos": "+614.11M", "hsi short pos:": "-173.72M", "stocks long pos": "+341.21M", "stocks short pos": "-12.24M"}}