{"top20inflow_20d": [{"rank": 1, "name": "HSI Long", "inflow (M)": 416.23}, {"rank": 2, "name": "9988 Long", "inflow (M)": 100.31}, {"rank": 3, "name": "3690 Long", "inflow (M)": 71.35}, {"rank": 4, "name": "0700 Short", "inflow (M)": 49.84}, {"rank": 5, "name": "9988 Short", "inflow (M)": 39.71}, {"rank": 6, "name": "2318 Long", "inflow (M)": 36.48}, {"rank": 7, "name": "1810 Long", "inflow (M)": 35.92}, {"rank": 8, "name": "HSI Short", "inflow (M)": 32.96}, {"rank": 9, "name": "1211 Long", "inflow (M)": 31.79}, {"rank": 10, "name": "0388 Long", "inflow (M)": 30.99}, {"rank": 11, "name": "DJI Short", "inflow (M)": 20.01}, {"rank": 12, "name": "NDX Short", "inflow (M)": 15.04}, {"rank": 13, "name": "1810 Short", "inflow (M)": 11.91}, {"rank": 14, "name": "0175 Long", "inflow (M)": 7.64}, {"rank": 15, "name": "2269 Long", "inflow (M)": 6.69}, {"rank": 16, "name": "0981 Long", "inflow (M)": 6.17}, {"rank": 17, "name": "9888 Long", "inflow (M)": 5.69}, {"rank": 18, "name": "3968 Long", "inflow (M)": 4.12}, {"rank": 19, "name": "0027 Long", "inflow (M)": 4.08}, {"rank": 20, "name": "1928 Long", "inflow (M)": 3.94}], "top20outflow_20d": [{"rank": 1, "name": "0700 Long", "outflow (M)": 26.38}, {"rank": 2, "name": "0005 Long", "outflow (M)": 9.56}, {"rank": 3, "name": "3690 Short", "outflow (M)": 6.98}, {"rank": 4, "name": "1024 Long", "outflow (M)": 5.26}, {"rank": 5, "name": "1211 Short", "outflow (M)": 4.64}, {"rank": 6, "name": "9618 Long", "outflow (M)": 4.31}, {"rank": 7, "name": "0388 Short", "outflow (M)": 2.64}, {"rank": 8, "name": "0981 Short", "outflow (M)": 2.32}, {"rank": 9, "name": "9992 Long", "outflow (M)": 1.84}, {"rank": 10, "name": "0823 Long", "outflow (M)": 1.61}, {"rank": 11, "name": "2015 Long", "outflow (M)": 1.54}, {"rank": 12, "name": "2269 Short", "outflow (M)": 1.49}, {"rank": 13, "name": "2382 Long", "outflow (M)": 1.38}, {"rank": 14, "name": "1177 Long", "outflow (M)": 1.3}, {"rank": 15, "name": "0902 Long", "outflow (M)": 1.21}, {"rank": 16, "name": "0135 Long", "outflow (M)": 1.18}, {"rank": 17, "name": "0669 Long", "outflow (M)": 1.13}, {"rank": 18, "name": "0941 Short", "outflow (M)": 0.98}, {"rank": 19, "name": "0489 Long", "outflow (M)": 0.78}, {"rank": 20, "name": "N225 Long", "outflow (M)": 0.73}], "stats": {"hsi long pos": "+416.23M", "hsi short pos:": "+32.96M", "stocks long pos": "+342.26M", "stocks short pos": "+94.52M"}}