{"top20inflow_10d": [{"rank": 1, "name": "HSI Short", "inflow (M)": 180.31}, {"rank": 2, "name": "0700 Long", "inflow (M)": 59.46}, {"rank": 3, "name": "3690 Short", "inflow (M)": 24.81}, {"rank": 4, "name": "9999 Short", "inflow (M)": 20.66}, {"rank": 5, "name": "3690 Long", "inflow (M)": 14.29}, {"rank": 6, "name": "1024 Long", "inflow (M)": 8.38}, {"rank": 7, "name": "DJI Short", "inflow (M)": 6.7}, {"rank": 8, "name": "9618 Short", "inflow (M)": 6.49}, {"rank": 9, "name": "1211 Short", "inflow (M)": 4.62}, {"rank": 10, "name": "1810 Short", "inflow (M)": 4.07}, {"rank": 11, "name": "0981 Long", "inflow (M)": 3.47}, {"rank": 12, "name": "0883 Long", "inflow (M)": 3.4}, {"rank": 13, "name": "1797 Long", "inflow (M)": 3.33}, {"rank": 14, "name": "2318 Long", "inflow (M)": 3.28}, {"rank": 15, "name": "NDX Short", "inflow (M)": 3.1}, {"rank": 16, "name": "0941 Short", "inflow (M)": 3.09}, {"rank": 17, "name": "2269 Long", "inflow (M)": 1.92}, {"rank": 18, "name": "2319 Long", "inflow (M)": 1.79}, {"rank": 19, "name": "HSTECH Long", "inflow (M)": 1.68}, {"rank": 20, "name": "2015 Short", "inflow (M)": 1.68}], "top20outflow_10d": [{"rank": 1, "name": "HSI Long", "outflow (M)": 88.89}, {"rank": 2, "name": "0700 Short", "outflow (M)": 17.84}, {"rank": 3, "name": "0388 Long", "outflow (M)": 16.45}, {"rank": 4, "name": "9988 Long", "outflow (M)": 14.02}, {"rank": 5, "name": "1299 Long", "outflow (M)": 9.08}, {"rank": 6, "name": "1810 Long", "outflow (M)": 6.08}, {"rank": 7, "name": "0823 Long", "outflow (M)": 4.85}, {"rank": 8, "name": "2318 Short", "outflow (M)": 3.12}, {"rank": 9, "name": "0005 Long", "outflow (M)": 2.56}, {"rank": 10, "name": "NDX Long", "outflow (M)": 2.42}, {"rank": 11, "name": "9868 Short", "outflow (M)": 2.01}, {"rank": 12, "name": "0992 Long", "outflow (M)": 1.65}, {"rank": 13, "name": "0941 Long", "outflow (M)": 1.32}, {"rank": 14, "name": "9618 Long", "outflow (M)": 1.27}, {"rank": 15, "name": "0027 Long", "outflow (M)": 1.08}, {"rank": 16, "name": "9868 Long", "outflow (M)": 1.02}, {"rank": 17, "name": "2331 Short", "outflow (M)": 0.97}, {"rank": 18, "name": "1928 Long", "outflow (M)": 0.9}, {"rank": 19, "name": "2269 Short", "outflow (M)": 0.89}, {"rank": 20, "name": "9988 Short", "outflow (M)": 0.82}], "stats": {"hsi long pos": "-88.89M", "hsi short pos:": "+180.31M", "stocks long pos": "+44.98M", "stocks short pos": "+45.80M"}}