{"top20inflow_5d": [{"rank": 1, "name": "HSI Long", "inflow (M)": 125.9}, {"rank": 2, "name": "1299 Long", "inflow (M)": 33.36}, {"rank": 3, "name": "9988 Long", "inflow (M)": 22.24}, {"rank": 4, "name": "0700 Long", "inflow (M)": 16.18}, {"rank": 5, "name": "0941 Long", "inflow (M)": 15.18}, {"rank": 6, "name": "2269 Long", "inflow (M)": 15.0}, {"rank": 7, "name": "1810 Long", "inflow (M)": 7.35}, {"rank": 8, "name": "2318 Long", "inflow (M)": 7.23}, {"rank": 9, "name": "0268 Long", "inflow (M)": 4.87}, {"rank": 10, "name": "0763 Long", "inflow (M)": 3.55}, {"rank": 11, "name": "1024 Long", "inflow (M)": 3.4}, {"rank": 12, "name": "0788 Long", "inflow (M)": 3.37}, {"rank": 13, "name": "2899 Long", "inflow (M)": 3.1}, {"rank": 14, "name": "JPYD Long", "inflow (M)": 2.96}, {"rank": 15, "name": "0358 Long", "inflow (M)": 2.4}, {"rank": 16, "name": "HSCE Long", "inflow (M)": 1.96}, {"rank": 17, "name": "9999 Long", "inflow (M)": 1.83}, {"rank": 18, "name": "2018 Long", "inflow (M)": 1.7}, {"rank": 19, "name": "9868 Long", "inflow (M)": 1.64}, {"rank": 20, "name": "3800 Long", "inflow (M)": 1.43}], "top20outflow_5d": [{"rank": 1, "name": "HSI Short", "outflow (M)": 90.18}, {"rank": 2, "name": "0700 Short", "outflow (M)": 11.21}, {"rank": 3, "name": "3690 Long", "outflow (M)": 10.56}, {"rank": 4, "name": "3690 Short", "outflow (M)": 6.91}, {"rank": 5, "name": "0005 Long", "outflow (M)": 5.38}, {"rank": 6, "name": "1211 Long", "outflow (M)": 3.66}, {"rank": 7, "name": "9618 Short", "outflow (M)": 3.46}, {"rank": 8, "name": "1109 Long", "outflow (M)": 2.98}, {"rank": 9, "name": "9888 Long", "outflow (M)": 2.87}, {"rank": 10, "name": "0388 Short", "outflow (M)": 2.47}, {"rank": 11, "name": "9988 Short", "outflow (M)": 2.37}, {"rank": 12, "name": "0823 Long", "outflow (M)": 1.71}, {"rank": 13, "name": "3968 Short", "outflow (M)": 1.68}, {"rank": 14, "name": "0388 Long", "outflow (M)": 1.62}, {"rank": 15, "name": "9626 Long", "outflow (M)": 1.36}, {"rank": 16, "name": "1299 Short", "outflow (M)": 1.33}, {"rank": 17, "name": "2015 Long", "outflow (M)": 1.31}, {"rank": 18, "name": "N225 Long", "outflow (M)": 1.11}, {"rank": 19, "name": "2840 Long", "outflow (M)": 1.07}, {"rank": 20, "name": "2380 Long", "outflow (M)": 0.98}], "stats": {"hsi long pos": "+141.10M", "hsi short pos:": "-99.08M", "stocks long pos": "+127.39M", "stocks short pos": "-32.10M"}}