{"top20inflow_1d": [{"rank": 1, "name": "HSI Long", "inflow (M)": 8.95}, {"rank": 2, "name": "0700 Long", "inflow (M)": 7.79}, {"rank": 3, "name": "0700 Short", "inflow (M)": 1.17}, {"rank": 4, "name": "JPYD Long", "inflow (M)": 1.0}, {"rank": 5, "name": "1024 Long", "inflow (M)": 0.93}, {"rank": 6, "name": "0388 Long", "inflow (M)": 0.91}, {"rank": 7, "name": "0388 Short", "inflow (M)": 0.91}, {"rank": 8, "name": "0005 Short", "inflow (M)": 0.87}, {"rank": 9, "name": "1810 Short", "inflow (M)": 0.81}, {"rank": 10, "name": "3690 Long", "inflow (M)": 0.75}, {"rank": 11, "name": "1299 Short", "inflow (M)": 0.72}, {"rank": 12, "name": "1211 Short", "inflow (M)": 0.55}, {"rank": 13, "name": "3690 Short", "inflow (M)": 0.54}, {"rank": 14, "name": "9988 Long", "inflow (M)": 0.39}, {"rank": 15, "name": "1347 Long", "inflow (M)": 0.29}, {"rank": 16, "name": "9999 Short", "inflow (M)": 0.28}, {"rank": 17, "name": "9618 Long", "inflow (M)": 0.27}, {"rank": 18, "name": "1177 Long", "inflow (M)": 0.21}, {"rank": 19, "name": "2382 Long", "inflow (M)": 0.2}, {"rank": 20, "name": "0941 Short", "inflow (M)": 0.18}], "top20outflow_1d": [{"rank": 1, "name": "HSI Short", "outflow (M)": 4.97}, {"rank": 2, "name": "1299 Long", "outflow (M)": 1.93}, {"rank": 3, "name": "9633 Long", "outflow (M)": 1.08}, {"rank": 4, "name": "9888 Long", "outflow (M)": 0.78}, {"rank": 5, "name": "1810 Long", "outflow (M)": 0.64}, {"rank": 6, "name": "0941 Long", "outflow (M)": 0.56}, {"rank": 7, "name": "2269 Long", "outflow (M)": 0.4}, {"rank": 8, "name": "1772 Long", "outflow (M)": 0.26}, {"rank": 9, "name": "1211 Long", "outflow (M)": 0.24}, {"rank": 10, "name": "3968 Short", "outflow (M)": 0.19}, {"rank": 11, "name": "1024 Short", "outflow (M)": 0.19}, {"rank": 12, "name": "0354 Long", "outflow (M)": 0.19}, {"rank": 13, "name": "0316 Long", "outflow (M)": 0.16}, {"rank": 14, "name": "2318 Long", "outflow (M)": 0.13}, {"rank": 15, "name": "2015 Short", "outflow (M)": 0.13}, {"rank": 16, "name": "N225 Long", "outflow (M)": 0.11}, {"rank": 17, "name": "0992 Long", "outflow (M)": 0.1}, {"rank": 18, "name": "0293 Long", "outflow (M)": 0.09}, {"rank": 19, "name": "2331 Long", "outflow (M)": 0.08}, {"rank": 20, "name": "9988 Short", "outflow (M)": 0.08}], "stats": {"hsi long pos": "+10.17M", "hsi short pos:": "-34.48M", "stocks long pos": "+12.94M", "stocks short pos": "-3.78M"}}