{"top20inflow_20d": [{"rank": 1, "name": "HSI Long", "inflow (M)": 664.13}, {"rank": 2, "name": "3690 Long", "inflow (M)": 71.79}, {"rank": 3, "name": "0700 Long", "inflow (M)": 65.42}, {"rank": 4, "name": "0388 Long", "inflow (M)": 26.66}, {"rank": 5, "name": "9988 Long", "inflow (M)": 24.36}, {"rank": 6, "name": "1211 Long", "inflow (M)": 21.12}, {"rank": 7, "name": "2318 Long", "inflow (M)": 20.08}, {"rank": 8, "name": "2269 Long", "inflow (M)": 19.19}, {"rank": 9, "name": "3968 Long", "inflow (M)": 14.93}, {"rank": 10, "name": "9988 Short", "inflow (M)": 13.63}, {"rank": 11, "name": "0883 Long", "inflow (M)": 13.59}, {"rank": 12, "name": "2269 Short", "inflow (M)": 13.31}, {"rank": 13, "name": "1810 Long", "inflow (M)": 12.82}, {"rank": 14, "name": "0981 Long", "inflow (M)": 10.63}, {"rank": 15, "name": "JPYD Long", "inflow (M)": 10.03}, {"rank": 16, "name": "HSTECH Long", "inflow (M)": 9.92}, {"rank": 17, "name": "1299 Long", "inflow (M)": 8.14}, {"rank": 18, "name": "9618 Long", "inflow (M)": 7.52}, {"rank": 19, "name": "0992 Long", "inflow (M)": 7.16}, {"rank": 20, "name": "SPX Short", "inflow (M)": 7.16}], "top20outflow_20d": [{"rank": 1, "name": "HSI Short", "outflow (M)": 296.73}, {"rank": 2, "name": "0700 Short", "outflow (M)": 49.6}, {"rank": 3, "name": "1211 Short", "outflow (M)": 31.09}, {"rank": 4, "name": "1810 Short", "outflow (M)": 5.64}, {"rank": 5, "name": "0388 Short", "outflow (M)": 5.51}, {"rank": 6, "name": "2382 Short", "outflow (M)": 3.04}, {"rank": 7, "name": "2015 Short", "outflow (M)": 2.92}, {"rank": 8, "name": "9618 Short", "outflow (M)": 2.38}, {"rank": 9, "name": "1024 Short", "outflow (M)": 1.77}, {"rank": 10, "name": "3988 Short", "outflow (M)": 1.73}, {"rank": 11, "name": "0992 Short", "outflow (M)": 1.56}, {"rank": 12, "name": "0981 Short", "outflow (M)": 1.48}, {"rank": 13, "name": "9999 Short", "outflow (M)": 1.39}, {"rank": 14, "name": "1299 Short", "outflow (M)": 1.35}, {"rank": 15, "name": "NDX Long", "outflow (M)": 1.26}, {"rank": 16, "name": "9868 Short", "outflow (M)": 0.85}, {"rank": 17, "name": "HSTECH Short", "outflow (M)": 0.83}, {"rank": 18, "name": "2018 Short", "outflow (M)": 0.67}, {"rank": 19, "name": "2899 Long", "outflow (M)": 0.59}, {"rank": 20, "name": "0902 Long", "outflow (M)": 0.45}], "stats": {"hsi long pos": "+660.51M", "hsi short pos:": "-299.56M", "stocks long pos": "+396.79M", "stocks short pos": "-65.93M"}}