{"top20inflow_1d": [{"rank": 1, "name": "HSI Short", "inflow (M)": 7.81}, {"rank": 2, "name": "0700 Short", "inflow (M)": 7.78}, {"rank": 3, "name": "0005 Long", "inflow (M)": 5.4}, {"rank": 4, "name": "9961 Short", "inflow (M)": 4.12}, {"rank": 5, "name": "3690 Short", "inflow (M)": 3.29}, {"rank": 6, "name": "1211 Short", "inflow (M)": 2.96}, {"rank": 7, "name": "0388 Short", "inflow (M)": 2.52}, {"rank": 8, "name": "2318 Short", "inflow (M)": 1.21}, {"rank": 9, "name": "9988 Long", "inflow (M)": 1.08}, {"rank": 10, "name": "3800 Long", "inflow (M)": 0.69}, {"rank": 11, "name": "1024 Short", "inflow (M)": 0.62}, {"rank": 12, "name": "0011 Long", "inflow (M)": 0.6}, {"rank": 13, "name": "1810 Short", "inflow (M)": 0.58}, {"rank": 14, "name": "0992 Short", "inflow (M)": 0.55}, {"rank": 15, "name": "9618 Short", "inflow (M)": 0.49}, {"rank": 16, "name": "1299 Short", "inflow (M)": 0.47}, {"rank": 17, "name": "3988 Short", "inflow (M)": 0.45}, {"rank": 18, "name": "0883 Long", "inflow (M)": 0.34}, {"rank": 19, "name": "1398 Short", "inflow (M)": 0.31}, {"rank": 20, "name": "3968 Short", "inflow (M)": 0.3}], "top20outflow_1d": [{"rank": 1, "name": "HSI Long", "outflow (M)": 60.37}, {"rank": 2, "name": "0700 Long", "outflow (M)": 17.61}, {"rank": 3, "name": "3690 Long", "outflow (M)": 7.78}, {"rank": 4, "name": "2318 Long", "outflow (M)": 6.29}, {"rank": 5, "name": "1211 Long", "outflow (M)": 2.59}, {"rank": 6, "name": "1810 Long", "outflow (M)": 2.55}, {"rank": 7, "name": "1299 Long", "outflow (M)": 2.31}, {"rank": 8, "name": "1109 Long", "outflow (M)": 2.19}, {"rank": 9, "name": "0005 Short", "outflow (M)": 2.15}, {"rank": 10, "name": "0388 Long", "outflow (M)": 2.14}, {"rank": 11, "name": "0788 Long", "outflow (M)": 1.99}, {"rank": 12, "name": "2628 Long", "outflow (M)": 1.5}, {"rank": 13, "name": "2822 Long", "outflow (M)": 0.8}, {"rank": 14, "name": "0939 Long", "outflow (M)": 0.67}, {"rank": 15, "name": "0941 Long", "outflow (M)": 0.66}, {"rank": 16, "name": "HSTECH Long", "outflow (M)": 0.64}, {"rank": 17, "name": "0857 Long", "outflow (M)": 0.63}, {"rank": 18, "name": "0992 Long", "outflow (M)": 0.61}, {"rank": 19, "name": "2269 Short", "outflow (M)": 0.6}, {"rank": 20, "name": "2382 Long", "outflow (M)": 0.57}], "stats": {"hsi long pos": "-60.37M", "hsi short pos:": "+39.44M", "stocks long pos": "-50.36M", "stocks short pos": "+40.02M"}}