{"top20inflow_20d": [{"rank": 1, "name": "HSI Long", "inflow (M)": 823.04}, {"rank": 2, "name": "3690 Long", "inflow (M)": 139.92}, {"rank": 3, "name": "9988 Long", "inflow (M)": 107.51}, {"rank": 4, "name": "0388 Long", "inflow (M)": 67.27}, {"rank": 5, "name": "1211 Long", "inflow (M)": 51.57}, {"rank": 6, "name": "0700 Short", "inflow (M)": 31.39}, {"rank": 7, "name": "2318 Long", "inflow (M)": 18.13}, {"rank": 8, "name": "1810 Long", "inflow (M)": 13.13}, {"rank": 9, "name": "2269 Long", "inflow (M)": 12.99}, {"rank": 10, "name": "DJI Short", "inflow (M)": 12.82}, {"rank": 11, "name": "1299 Long", "inflow (M)": 12.78}, {"rank": 12, "name": "0700 Long", "inflow (M)": 12.22}, {"rank": 13, "name": "0175 Long", "inflow (M)": 7.83}, {"rank": 14, "name": "HSTECH Long", "inflow (M)": 6.87}, {"rank": 15, "name": "1024 Long", "inflow (M)": 6.49}, {"rank": 16, "name": "3968 Long", "inflow (M)": 5.38}, {"rank": 17, "name": "9999 Short", "inflow (M)": 4.12}, {"rank": 18, "name": "NDX Short", "inflow (M)": 2.81}, {"rank": 19, "name": "9988 Short", "inflow (M)": 2.79}, {"rank": 20, "name": "0005 Short", "inflow (M)": 2.74}], "top20outflow_20d": [{"rank": 1, "name": "HSI Short", "outflow (M)": 152.37}, {"rank": 2, "name": "1211 Short", "outflow (M)": 18.41}, {"rank": 3, "name": "3690 Short", "outflow (M)": 12.25}, {"rank": 4, "name": "1810 Short", "outflow (M)": 9.64}, {"rank": 5, "name": "9618 Long", "outflow (M)": 5.88}, {"rank": 6, "name": "0941 Long", "outflow (M)": 4.42}, {"rank": 7, "name": "0005 Long", "outflow (M)": 4.4}, {"rank": 8, "name": "2318 Short", "outflow (M)": 4.24}, {"rank": 9, "name": "1299 Short", "outflow (M)": 4.12}, {"rank": 10, "name": "0388 Short", "outflow (M)": 3.09}, {"rank": 11, "name": "0857 Long", "outflow (M)": 2.55}, {"rank": 12, "name": "0981 Short", "outflow (M)": 2.42}, {"rank": 13, "name": "0902 Long", "outflow (M)": 2.31}, {"rank": 14, "name": "2269 Short", "outflow (M)": 1.91}, {"rank": 15, "name": "2015 Short", "outflow (M)": 1.64}, {"rank": 16, "name": "0883 Long", "outflow (M)": 1.56}, {"rank": 17, "name": "HSTECH Short", "outflow (M)": 1.07}, {"rank": 18, "name": "2333 Short", "outflow (M)": 1.02}, {"rank": 19, "name": "2020 Short", "outflow (M)": 1.0}, {"rank": 20, "name": "9992 Long", "outflow (M)": 0.99}], "stats": {"hsi long pos": "+823.04M", "hsi short pos:": "-152.37M", "stocks long pos": "+481.84M", "stocks short pos": "-15.08M"}}