{"top20inflow_1d": [{"rank": 1, "name": "HSI Long", "inflow (M)": 17.06}, {"rank": 2, "name": "0700 Short", "inflow (M)": 6.24}, {"rank": 3, "name": "2269 Long", "inflow (M)": 5.71}, {"rank": 4, "name": "0388 Long", "inflow (M)": 4.58}, {"rank": 5, "name": "3690 Long", "inflow (M)": 3.49}, {"rank": 6, "name": "2269 Short", "inflow (M)": 2.87}, {"rank": 7, "name": "0857 Long", "inflow (M)": 2.66}, {"rank": 8, "name": "1299 Long", "inflow (M)": 2.48}, {"rank": 9, "name": "1211 Long", "inflow (M)": 2.15}, {"rank": 10, "name": "9988 Long", "inflow (M)": 1.8}, {"rank": 11, "name": "0175 Long", "inflow (M)": 1.69}, {"rank": 12, "name": "1088 Long", "inflow (M)": 1.21}, {"rank": 13, "name": "0175 Short", "inflow (M)": 1.04}, {"rank": 14, "name": "SPX Short", "inflow (M)": 0.77}, {"rank": 15, "name": "2359 Long", "inflow (M)": 0.74}, {"rank": 16, "name": "0883 Long", "inflow (M)": 0.69}, {"rank": 17, "name": "N225 Short", "inflow (M)": 0.59}, {"rank": 18, "name": "2318 Long", "inflow (M)": 0.59}, {"rank": 19, "name": "2628 Long", "inflow (M)": 0.55}, {"rank": 20, "name": "0857 Short", "inflow (M)": 0.51}], "top20outflow_1d": [{"rank": 1, "name": "HSI Short", "outflow (M)": 14.9}, {"rank": 2, "name": "0700 Long", "outflow (M)": 11.07}, {"rank": 3, "name": "1211 Short", "outflow (M)": 9.21}, {"rank": 4, "name": "9868 Short", "outflow (M)": 4.07}, {"rank": 5, "name": "9988 Short", "outflow (M)": 1.89}, {"rank": 6, "name": "0388 Short", "outflow (M)": 1.43}, {"rank": 7, "name": "0005 Long", "outflow (M)": 0.8}, {"rank": 8, "name": "1299 Short", "outflow (M)": 0.77}, {"rank": 9, "name": "0941 Long", "outflow (M)": 0.72}, {"rank": 10, "name": "3690 Short", "outflow (M)": 0.69}, {"rank": 11, "name": "2318 Short", "outflow (M)": 0.65}, {"rank": 12, "name": "HSTECH Short", "outflow (M)": 0.46}, {"rank": 13, "name": "0005 Short", "outflow (M)": 0.41}, {"rank": 14, "name": "2382 Short", "outflow (M)": 0.29}, {"rank": 15, "name": "1024 Long", "outflow (M)": 0.28}, {"rank": 16, "name": "2899 Long", "outflow (M)": 0.26}, {"rank": 17, "name": "N225 Long", "outflow (M)": 0.25}, {"rank": 18, "name": "2331 Long", "outflow (M)": 0.23}, {"rank": 19, "name": "0902 Long", "outflow (M)": 0.21}, {"rank": 20, "name": "1810 Long", "outflow (M)": 0.21}], "stats": {"hsi long pos": "+13.44M", "hsi short pos:": "-17.74M", "stocks long pos": "+18.89M", "stocks short pos": "-7.27M"}}