{"top20inflow_20d": [{"rank": 1, "name": "HSI Short", "inflow (M)": 214.0}, {"rank": 2, "name": "9988 Long", "inflow (M)": 90.16}, {"rank": 3, "name": "9988 Short", "inflow (M)": 62.21}, {"rank": 4, "name": "0700 Short", "inflow (M)": 59.55}, {"rank": 5, "name": "1810 Long", "inflow (M)": 41.09}, {"rank": 6, "name": "HSI Long", "inflow (M)": 30.09}, {"rank": 7, "name": "2318 Long", "inflow (M)": 28.9}, {"rank": 8, "name": "1810 Short", "inflow (M)": 18.34}, {"rank": 9, "name": "DJI Short", "inflow (M)": 15.77}, {"rank": 10, "name": "0388 Long", "inflow (M)": 14.45}, {"rank": 11, "name": "1211 Long", "inflow (M)": 9.4}, {"rank": 12, "name": "3690 Long", "inflow (M)": 6.81}, {"rank": 13, "name": "9888 Long", "inflow (M)": 4.4}, {"rank": 14, "name": "6862 Long", "inflow (M)": 4.36}, {"rank": 15, "name": "NDX Short", "inflow (M)": 4.32}, {"rank": 16, "name": "0175 Long", "inflow (M)": 4.28}, {"rank": 17, "name": "2331 Long", "inflow (M)": 3.92}, {"rank": 18, "name": "0883 Long", "inflow (M)": 3.46}, {"rank": 19, "name": "N225 Short", "inflow (M)": 2.83}, {"rank": 20, "name": "0941 Long", "inflow (M)": 2.78}], "top20outflow_20d": [{"rank": 1, "name": "0700 Long", "outflow (M)": 41.7}, {"rank": 2, "name": "9618 Long", "outflow (M)": 8.79}, {"rank": 3, "name": "0388 Short", "outflow (M)": 6.72}, {"rank": 4, "name": "1024 Long", "outflow (M)": 5.66}, {"rank": 5, "name": "1211 Short", "outflow (M)": 4.81}, {"rank": 6, "name": "3690 Short", "outflow (M)": 3.85}, {"rank": 7, "name": "0005 Long", "outflow (M)": 3.74}, {"rank": 8, "name": "0005 Short", "outflow (M)": 2.39}, {"rank": 9, "name": "0823 Long", "outflow (M)": 2.2}, {"rank": 10, "name": "9992 Long", "outflow (M)": 2.06}, {"rank": 11, "name": "1177 Long", "outflow (M)": 1.83}, {"rank": 12, "name": "0016 Long", "outflow (M)": 1.76}, {"rank": 13, "name": "0941 Short", "outflow (M)": 1.28}, {"rank": 14, "name": "0669 Long", "outflow (M)": 1.26}, {"rank": 15, "name": "0939 Short", "outflow (M)": 1.22}, {"rank": 16, "name": "2800 Long", "outflow (M)": 1.16}, {"rank": 17, "name": "0857 Short", "outflow (M)": 1.05}, {"rank": 18, "name": "2015 Long", "outflow (M)": 0.99}, {"rank": 19, "name": "0135 Long", "outflow (M)": 0.96}, {"rank": 20, "name": "2899 Long", "outflow (M)": 0.94}], "stats": {"hsi long pos": "+30.09M", "hsi short pos:": "+214.00M", "stocks long pos": "+180.96M", "stocks short pos": "+130.55M"}}