{"top20inflow_10d": [{"rank": 1, "name": "HSI Long", "inflow (M)": 914.9}, {"rank": 2, "name": "3690 Long", "inflow (M)": 132.72}, {"rank": 3, "name": "0388 Long", "inflow (M)": 64.71}, {"rank": 4, "name": "0700 Long", "inflow (M)": 50.58}, {"rank": 5, "name": "1211 Long", "inflow (M)": 49.66}, {"rank": 6, "name": "9988 Long", "inflow (M)": 41.07}, {"rank": 7, "name": "2318 Long", "inflow (M)": 18.74}, {"rank": 8, "name": "1299 Long", "inflow (M)": 15.4}, {"rank": 9, "name": "2269 Long", "inflow (M)": 12.01}, {"rank": 10, "name": "HSTECH Long", "inflow (M)": 7.2}, {"rank": 11, "name": "DJI Short", "inflow (M)": 6.98}, {"rank": 12, "name": "0175 Long", "inflow (M)": 5.72}, {"rank": 13, "name": "0027 Long", "inflow (M)": 3.78}, {"rank": 14, "name": "1024 Long", "inflow (M)": 3.71}, {"rank": 15, "name": "3968 Long", "inflow (M)": 3.64}, {"rank": 16, "name": "2800 Long", "inflow (M)": 3.59}, {"rank": 17, "name": "0005 Long", "inflow (M)": 3.14}, {"rank": 18, "name": "9999 Short", "inflow (M)": 2.95}, {"rank": 19, "name": "0753 Long", "inflow (M)": 2.39}, {"rank": 20, "name": "9868 Long", "inflow (M)": 2.11}], "top20outflow_10d": [{"rank": 1, "name": "HSI Short", "outflow (M)": 270.71}, {"rank": 2, "name": "9988 Short", "outflow (M)": 55.34}, {"rank": 3, "name": "3690 Short", "outflow (M)": 13.26}, {"rank": 4, "name": "1211 Short", "outflow (M)": 10.59}, {"rank": 5, "name": "0700 Short", "outflow (M)": 10.12}, {"rank": 6, "name": "1810 Short", "outflow (M)": 9.71}, {"rank": 7, "name": "1810 Long", "outflow (M)": 7.44}, {"rank": 8, "name": "1299 Short", "outflow (M)": 6.14}, {"rank": 9, "name": "2318 Short", "outflow (M)": 3.23}, {"rank": 10, "name": "1024 Short", "outflow (M)": 3.06}, {"rank": 11, "name": "9618 Short", "outflow (M)": 2.84}, {"rank": 12, "name": "9888 Long", "outflow (M)": 2.28}, {"rank": 13, "name": "0883 Long", "outflow (M)": 2.09}, {"rank": 14, "name": "2015 Short", "outflow (M)": 1.86}, {"rank": 15, "name": "1171 Long", "outflow (M)": 1.61}, {"rank": 16, "name": "HSTECH Short", "outflow (M)": 1.58}, {"rank": 17, "name": "0175 Short", "outflow (M)": 1.57}, {"rank": 18, "name": "2382 Short", "outflow (M)": 1.38}, {"rank": 19, "name": "0941 Long", "outflow (M)": 1.23}, {"rank": 20, "name": "0981 Short", "outflow (M)": 1.19}], "stats": {"hsi long pos": "+914.90M", "hsi short pos:": "-270.71M", "stocks long pos": "+425.17M", "stocks short pos": "-115.77M"}}