{"top20inflow_5d": [{"rank": 1, "name": "HSI Long", "inflow (M)": 93.05}, {"rank": 2, "name": "9988 Long", "inflow (M)": 23.39}, {"rank": 3, "name": "0700 Long", "inflow (M)": 15.71}, {"rank": 4, "name": "2269 Long", "inflow (M)": 5.81}, {"rank": 5, "name": "HSTECH Long", "inflow (M)": 3.23}, {"rank": 6, "name": "0823 Long", "inflow (M)": 2.53}, {"rank": 7, "name": "1109 Long", "inflow (M)": 2.22}, {"rank": 8, "name": "DJI Short", "inflow (M)": 2.08}, {"rank": 9, "name": "3968 Short", "inflow (M)": 1.72}, {"rank": 10, "name": "0941 Long", "inflow (M)": 1.7}, {"rank": 11, "name": "N225 Short", "inflow (M)": 1.49}, {"rank": 12, "name": "0005 Short", "inflow (M)": 1.29}, {"rank": 13, "name": "0981 Long", "inflow (M)": 1.19}, {"rank": 14, "name": "0005 Long", "inflow (M)": 1.13}, {"rank": 15, "name": "1186 Long", "inflow (M)": 0.97}, {"rank": 16, "name": "2015 Long", "inflow (M)": 0.94}, {"rank": 17, "name": "1810 Long", "inflow (M)": 0.83}, {"rank": 18, "name": "2331 Long", "inflow (M)": 0.83}, {"rank": 19, "name": "9618 Long", "inflow (M)": 0.82}, {"rank": 20, "name": "0981 Short", "inflow (M)": 0.82}], "top20outflow_5d": [{"rank": 1, "name": "HSI Short", "outflow (M)": 12.61}, {"rank": 2, "name": "3690 Long", "outflow (M)": 11.98}, {"rank": 3, "name": "9988 Short", "outflow (M)": 11.58}, {"rank": 4, "name": "0700 Short", "outflow (M)": 9.23}, {"rank": 5, "name": "0388 Long", "outflow (M)": 5.95}, {"rank": 6, "name": "2318 Long", "outflow (M)": 5.02}, {"rank": 7, "name": "1299 Long", "outflow (M)": 4.27}, {"rank": 8, "name": "3968 Long", "outflow (M)": 2.14}, {"rank": 9, "name": "SPX Short", "outflow (M)": 1.93}, {"rank": 10, "name": "1398 Long", "outflow (M)": 1.61}, {"rank": 11, "name": "NDX Long", "outflow (M)": 1.51}, {"rank": 12, "name": "9868 Short", "outflow (M)": 1.48}, {"rank": 13, "name": "1211 Short", "outflow (M)": 1.48}, {"rank": 14, "name": "1211 Long", "outflow (M)": 1.25}, {"rank": 15, "name": "2269 Short", "outflow (M)": 1.09}, {"rank": 16, "name": "1024 Short", "outflow (M)": 1.03}, {"rank": 17, "name": "0857 Short", "outflow (M)": 0.88}, {"rank": 18, "name": "0939 Long", "outflow (M)": 0.74}, {"rank": 19, "name": "N225 Long", "outflow (M)": 0.74}, {"rank": 20, "name": "1398 Short", "outflow (M)": 0.71}], "stats": {"hsi long pos": "+93.05M", "hsi short pos:": "-12.61M", "stocks long pos": "+30.21M", "stocks short pos": "-23.10M"}}