{"top20inflow_10d": [{"rank": 1, "name": "HSI Long", "inflow (M)": 71.06}, {"rank": 2, "name": "9988 Long", "inflow (M)": 67.88}, {"rank": 3, "name": "9988 Short", "inflow (M)": 54.7}, {"rank": 4, "name": "HSI Short", "inflow (M)": 47.66}, {"rank": 5, "name": "0700 Short", "inflow (M)": 33.87}, {"rank": 6, "name": "1810 Long", "inflow (M)": 22.7}, {"rank": 7, "name": "1211 Long", "inflow (M)": 18.96}, {"rank": 8, "name": "0388 Long", "inflow (M)": 14.44}, {"rank": 9, "name": "3690 Long", "inflow (M)": 13.16}, {"rank": 10, "name": "2269 Long", "inflow (M)": 5.75}, {"rank": 11, "name": "DJI Short", "inflow (M)": 4.82}, {"rank": 12, "name": "3690 Short", "inflow (M)": 3.85}, {"rank": 13, "name": "0175 Long", "inflow (M)": 3.72}, {"rank": 14, "name": "0981 Long", "inflow (M)": 3.27}, {"rank": 15, "name": "1801 Long", "inflow (M)": 3.07}, {"rank": 16, "name": "2318 Long", "inflow (M)": 2.8}, {"rank": 17, "name": "NDX Short", "inflow (M)": 2.54}, {"rank": 18, "name": "2020 Long", "inflow (M)": 2.34}, {"rank": 19, "name": "9618 Short", "inflow (M)": 2.31}, {"rank": 20, "name": "3968 Long", "inflow (M)": 2.07}], "top20outflow_10d": [{"rank": 1, "name": "0700 Long", "outflow (M)": 27.71}, {"rank": 2, "name": "0005 Long", "outflow (M)": 5.65}, {"rank": 3, "name": "9618 Long", "outflow (M)": 5.08}, {"rank": 4, "name": "0941 Long", "outflow (M)": 5.08}, {"rank": 5, "name": "0823 Long", "outflow (M)": 2.96}, {"rank": 6, "name": "2318 Short", "outflow (M)": 2.73}, {"rank": 7, "name": "1810 Short", "outflow (M)": 2.71}, {"rank": 8, "name": "0857 Long", "outflow (M)": 2.52}, {"rank": 9, "name": "0981 Short", "outflow (M)": 1.94}, {"rank": 10, "name": "1211 Short", "outflow (M)": 1.6}, {"rank": 11, "name": "2269 Short", "outflow (M)": 1.5}, {"rank": 12, "name": "0388 Short", "outflow (M)": 1.32}, {"rank": 13, "name": "0902 Long", "outflow (M)": 1.21}, {"rank": 14, "name": "6862 Long", "outflow (M)": 1.19}, {"rank": 15, "name": "EUR= Short", "outflow (M)": 1.12}, {"rank": 16, "name": "9992 Long", "outflow (M)": 1.04}, {"rank": 17, "name": "2015 Long", "outflow (M)": 0.96}, {"rank": 18, "name": "0175 Short", "outflow (M)": 0.77}, {"rank": 19, "name": "2333 Short", "outflow (M)": 0.74}, {"rank": 20, "name": "1398 Long", "outflow (M)": 0.72}], "stats": {"hsi long pos": "+71.06M", "hsi short pos:": "+47.66M", "stocks long pos": "+125.65M", "stocks short pos": "+89.89M"}}