{"top20inflow_5d": [{"rank": 1, "name": "0883 Long", "inflow (M)": 36.87}, {"rank": 2, "name": "HSI Short", "inflow (M)": 29.68}, {"rank": 3, "name": "1211 Long", "inflow (M)": 19.19}, {"rank": 4, "name": "3968 Long", "inflow (M)": 12.42}, {"rank": 5, "name": "2269 Short", "inflow (M)": 10.86}, {"rank": 6, "name": "2269 Long", "inflow (M)": 10.55}, {"rank": 7, "name": "3690 Long", "inflow (M)": 10.23}, {"rank": 8, "name": "0388 Short", "inflow (M)": 8.22}, {"rank": 9, "name": "2318 Long", "inflow (M)": 8.21}, {"rank": 10, "name": "9999 Short", "inflow (M)": 6.49}, {"rank": 11, "name": "0700 Long", "inflow (M)": 6.47}, {"rank": 12, "name": "1810 Long", "inflow (M)": 4.65}, {"rank": 13, "name": "0992 Long", "inflow (M)": 4.16}, {"rank": 14, "name": "0981 Long", "inflow (M)": 3.71}, {"rank": 15, "name": "9868 Short", "inflow (M)": 3.57}, {"rank": 16, "name": "0857 Short", "inflow (M)": 2.71}, {"rank": 17, "name": "SPX Short", "inflow (M)": 2.68}, {"rank": 18, "name": "NDX Short", "inflow (M)": 2.44}, {"rank": 19, "name": "HSTECH Long", "inflow (M)": 2.36}, {"rank": 20, "name": "1024 Long", "inflow (M)": 2.25}], "top20outflow_5d": [{"rank": 1, "name": "HSI Long", "outflow (M)": 39.55}, {"rank": 2, "name": "1211 Short", "outflow (M)": 23.96}, {"rank": 3, "name": "9988 Long", "outflow (M)": 15.6}, {"rank": 4, "name": "0700 Short", "outflow (M)": 11.3}, {"rank": 5, "name": "3690 Short", "outflow (M)": 3.63}, {"rank": 6, "name": "9888 Long", "outflow (M)": 3.25}, {"rank": 7, "name": "9618 Long", "outflow (M)": 3.05}, {"rank": 8, "name": "0992 Short", "outflow (M)": 1.72}, {"rank": 9, "name": "0939 Long", "outflow (M)": 1.4}, {"rank": 10, "name": "1299 Long", "outflow (M)": 1.17}, {"rank": 11, "name": "2015 Short", "outflow (M)": 0.86}, {"rank": 12, "name": "1299 Short", "outflow (M)": 0.76}, {"rank": 13, "name": "N225 Short", "outflow (M)": 0.68}, {"rank": 14, "name": "0005 Long", "outflow (M)": 0.67}, {"rank": 15, "name": "1171 Long", "outflow (M)": 0.64}, {"rank": 16, "name": "0857 Long", "outflow (M)": 0.57}, {"rank": 17, "name": "1398 Long", "outflow (M)": 0.55}, {"rank": 18, "name": "DJI Long", "outflow (M)": 0.34}, {"rank": 19, "name": "1766 Long", "outflow (M)": 0.3}, {"rank": 20, "name": "1658 Long", "outflow (M)": 0.27}], "stats": {"hsi long pos": "-17.20M", "hsi short pos:": "+7.72M", "stocks long pos": "+121.91M", "stocks short pos": "-1.59M"}}