{"top20inflow_20d": [{"rank": 1, "name": "HSI Long", "inflow (M)": 949.55}, {"rank": 2, "name": "3690 Long", "inflow (M)": 162.93}, {"rank": 3, "name": "0388 Long", "inflow (M)": 65.25}, {"rank": 4, "name": "1211 Long", "inflow (M)": 54.83}, {"rank": 5, "name": "9988 Long", "inflow (M)": 50.32}, {"rank": 6, "name": "0700 Long", "inflow (M)": 33.99}, {"rank": 7, "name": "2318 Long", "inflow (M)": 26.8}, {"rank": 8, "name": "DJI Short", "inflow (M)": 14.39}, {"rank": 9, "name": "2269 Long", "inflow (M)": 14.35}, {"rank": 10, "name": "1299 Long", "inflow (M)": 11.77}, {"rank": 11, "name": "HSTECH Long", "inflow (M)": 10.46}, {"rank": 12, "name": "0175 Long", "inflow (M)": 6.06}, {"rank": 13, "name": "3968 Long", "inflow (M)": 6.05}, {"rank": 14, "name": "0941 Long", "inflow (M)": 5.54}, {"rank": 15, "name": "0981 Long", "inflow (M)": 4.11}, {"rank": 16, "name": "2800 Long", "inflow (M)": 3.69}, {"rank": 17, "name": "0027 Long", "inflow (M)": 3.65}, {"rank": 18, "name": "NDX Short", "inflow (M)": 3.18}, {"rank": 19, "name": "1024 Long", "inflow (M)": 2.82}, {"rank": 20, "name": "0005 Long", "inflow (M)": 2.8}], "top20outflow_20d": [{"rank": 1, "name": "HSI Short", "outflow (M)": 216.51}, {"rank": 2, "name": "9988 Short", "outflow (M)": 55.78}, {"rank": 3, "name": "1211 Short", "outflow (M)": 18.46}, {"rank": 4, "name": "0700 Short", "outflow (M)": 14.79}, {"rank": 5, "name": "1810 Short", "outflow (M)": 13.05}, {"rank": 6, "name": "0388 Short", "outflow (M)": 11.62}, {"rank": 7, "name": "1810 Long", "outflow (M)": 8.5}, {"rank": 8, "name": "1299 Short", "outflow (M)": 5.13}, {"rank": 9, "name": "2318 Short", "outflow (M)": 4.32}, {"rank": 10, "name": "1024 Short", "outflow (M)": 3.43}, {"rank": 11, "name": "3690 Short", "outflow (M)": 3.21}, {"rank": 12, "name": "9888 Long", "outflow (M)": 2.67}, {"rank": 13, "name": "HSTECH Short", "outflow (M)": 2.3}, {"rank": 14, "name": "9618 Short", "outflow (M)": 2.03}, {"rank": 15, "name": "0175 Short", "outflow (M)": 1.86}, {"rank": 16, "name": "2382 Short", "outflow (M)": 1.63}, {"rank": 17, "name": "0981 Short", "outflow (M)": 1.63}, {"rank": 18, "name": "1171 Long", "outflow (M)": 1.59}, {"rank": 19, "name": "2269 Short", "outflow (M)": 1.25}, {"rank": 20, "name": "0902 Long", "outflow (M)": 0.96}], "stats": {"hsi long pos": "+949.55M", "hsi short pos:": "-216.51M", "stocks long pos": "+488.73M", "stocks short pos": "-138.10M"}}