{"top20inflow_5d": [{"rank": 1, "name": "HSI Short", "inflow (M)": 58.75}, {"rank": 2, "name": "9988 Long", "inflow (M)": 19.62}, {"rank": 3, "name": "HSI Long", "inflow (M)": 18.31}, {"rank": 4, "name": "3690 Short", "inflow (M)": 6.63}, {"rank": 5, "name": "0700 Short", "inflow (M)": 4.18}, {"rank": 6, "name": "3968 Short", "inflow (M)": 3.13}, {"rank": 7, "name": "2269 Long", "inflow (M)": 3.11}, {"rank": 8, "name": "1109 Long", "inflow (M)": 2.77}, {"rank": 9, "name": "0823 Long", "inflow (M)": 1.81}, {"rank": 10, "name": "0005 Long", "inflow (M)": 1.76}, {"rank": 11, "name": "JPYD Long", "inflow (M)": 1.66}, {"rank": 12, "name": "9618 Long", "inflow (M)": 1.54}, {"rank": 13, "name": "0941 Long", "inflow (M)": 1.3}, {"rank": 14, "name": "1928 Long", "inflow (M)": 1.3}, {"rank": 15, "name": "N225 Short", "inflow (M)": 1.04}, {"rank": 16, "name": "0981 Long", "inflow (M)": 1.0}, {"rank": 17, "name": "1299 Short", "inflow (M)": 0.88}, {"rank": 18, "name": "2382 Long", "inflow (M)": 0.71}, {"rank": 19, "name": "HSTECH Long", "inflow (M)": 0.68}, {"rank": 20, "name": "2015 Long", "inflow (M)": 0.67}], "top20outflow_5d": [{"rank": 1, "name": "0700 Long", "outflow (M)": 10.67}, {"rank": 2, "name": "1211 Long", "outflow (M)": 7.2}, {"rank": 3, "name": "3690 Long", "outflow (M)": 5.1}, {"rank": 4, "name": "1211 Short", "outflow (M)": 4.7}, {"rank": 5, "name": "0388 Long", "outflow (M)": 4.2}, {"rank": 6, "name": "1299 Long", "outflow (M)": 3.34}, {"rank": 7, "name": "9988 Short", "outflow (M)": 2.63}, {"rank": 8, "name": "0857 Long", "outflow (M)": 2.46}, {"rank": 9, "name": "1810 Short", "outflow (M)": 1.57}, {"rank": 10, "name": "1024 Long", "outflow (M)": 1.31}, {"rank": 11, "name": "2269 Short", "outflow (M)": 1.21}, {"rank": 12, "name": "0883 Long", "outflow (M)": 1.2}, {"rank": 13, "name": "3968 Long", "outflow (M)": 1.17}, {"rank": 14, "name": "0857 Short", "outflow (M)": 1.15}, {"rank": 15, "name": "2318 Long", "outflow (M)": 1.12}, {"rank": 16, "name": "0992 Long", "outflow (M)": 0.96}, {"rank": 17, "name": "1398 Long", "outflow (M)": 0.9}, {"rank": 18, "name": "N225 Long", "outflow (M)": 0.64}, {"rank": 19, "name": "NDX Long", "outflow (M)": 0.6}, {"rank": 20, "name": "1024 Short", "outflow (M)": 0.48}], "stats": {"hsi long pos": "+32.06M", "hsi short pos:": "+85.30M", "stocks long pos": "+2.04M", "stocks short pos": "+5.11M"}}