{"top20inflow_20d": [{"rank": 1, "name": "HSI Long", "inflow (M)": 726.27}, {"rank": 2, "name": "0700 Long", "inflow (M)": 156.21}, {"rank": 3, "name": "3690 Long", "inflow (M)": 62.27}, {"rank": 4, "name": "9988 Long", "inflow (M)": 28.5}, {"rank": 5, "name": "1810 Long", "inflow (M)": 22.43}, {"rank": 6, "name": "0388 Long", "inflow (M)": 20.86}, {"rank": 7, "name": "1211 Short", "inflow (M)": 20.42}, {"rank": 8, "name": "1024 Long", "inflow (M)": 15.02}, {"rank": 9, "name": "1299 Long", "inflow (M)": 15.01}, {"rank": 10, "name": "2318 Long", "inflow (M)": 12.5}, {"rank": 11, "name": "HSTECH Long", "inflow (M)": 11.24}, {"rank": 12, "name": "DJI Short", "inflow (M)": 9.6}, {"rank": 13, "name": "9618 Long", "inflow (M)": 8.68}, {"rank": 14, "name": "0005 Long", "inflow (M)": 8.66}, {"rank": 15, "name": "JPYD Long", "inflow (M)": 8.04}, {"rank": 16, "name": "0981 Long", "inflow (M)": 6.31}, {"rank": 17, "name": "9868 Long", "inflow (M)": 6.23}, {"rank": 18, "name": "9888 Long", "inflow (M)": 5.78}, {"rank": 19, "name": "NDX Short", "inflow (M)": 5.71}, {"rank": 20, "name": "1211 Long", "inflow (M)": 5.06}], "top20outflow_20d": [{"rank": 1, "name": "HSI Short", "outflow (M)": 294.78}, {"rank": 2, "name": "0700 Short", "outflow (M)": 52.18}, {"rank": 3, "name": "9988 Short", "outflow (M)": 7.94}, {"rank": 4, "name": "1810 Short", "outflow (M)": 6.92}, {"rank": 5, "name": "0388 Short", "outflow (M)": 6.8}, {"rank": 6, "name": "9618 Short", "outflow (M)": 3.61}, {"rank": 7, "name": "9868 Short", "outflow (M)": 3.41}, {"rank": 8, "name": "0941 Long", "outflow (M)": 3.19}, {"rank": 9, "name": "1024 Short", "outflow (M)": 2.39}, {"rank": 10, "name": "2318 Short", "outflow (M)": 2.27}, {"rank": 11, "name": "2382 Short", "outflow (M)": 2.22}, {"rank": 12, "name": "0902 Long", "outflow (M)": 1.59}, {"rank": 13, "name": "2015 Short", "outflow (M)": 1.55}, {"rank": 14, "name": "HSTECH Short", "outflow (M)": 1.42}, {"rank": 15, "name": "2269 Short", "outflow (M)": 1.36}, {"rank": 16, "name": "0823 Long", "outflow (M)": 1.33}, {"rank": 17, "name": "1299 Short", "outflow (M)": 1.19}, {"rank": 18, "name": "2018 Short", "outflow (M)": 1.02}, {"rank": 19, "name": "2899 Long", "outflow (M)": 0.94}, {"rank": 20, "name": "1171 Long", "outflow (M)": 0.67}], "stats": {"hsi long pos": "+782.04M", "hsi short pos:": "-311.19M", "stocks long pos": "+427.88M", "stocks short pos": "-58.67M"}}