{"top20inflow_5d": [{"rank": 1, "name": "HSI Long", "inflow (M)": 469.36}, {"rank": 2, "name": "0700 Long", "inflow (M)": 57.31}, {"rank": 3, "name": "3690 Long", "inflow (M)": 30.07}, {"rank": 4, "name": "9988 Long", "inflow (M)": 20.74}, {"rank": 5, "name": "3690 Short", "inflow (M)": 10.37}, {"rank": 6, "name": "0388 Long", "inflow (M)": 8.57}, {"rank": 7, "name": "9988 Short", "inflow (M)": 8.55}, {"rank": 8, "name": "2318 Long", "inflow (M)": 5.16}, {"rank": 9, "name": "1299 Long", "inflow (M)": 4.91}, {"rank": 10, "name": "HSTECH Long", "inflow (M)": 3.48}, {"rank": 11, "name": "JPYD Long", "inflow (M)": 3.43}, {"rank": 12, "name": "1810 Long", "inflow (M)": 2.91}, {"rank": 13, "name": "1818 Long", "inflow (M)": 2.45}, {"rank": 14, "name": "1211 Long", "inflow (M)": 2.23}, {"rank": 15, "name": "NDX Short", "inflow (M)": 2.19}, {"rank": 16, "name": "9999 Short", "inflow (M)": 2.02}, {"rank": 17, "name": "9618 Long", "inflow (M)": 1.9}, {"rank": 18, "name": "0941 Long", "inflow (M)": 1.83}, {"rank": 19, "name": "9868 Long", "inflow (M)": 1.68}, {"rank": 20, "name": "2269 Long", "inflow (M)": 1.61}], "top20outflow_5d": [{"rank": 1, "name": "HSI Short", "outflow (M)": 198.07}, {"rank": 2, "name": "0700 Short", "outflow (M)": 32.99}, {"rank": 3, "name": "2015 Short", "outflow (M)": 8.38}, {"rank": 4, "name": "0388 Short", "outflow (M)": 6.69}, {"rank": 5, "name": "1810 Short", "outflow (M)": 3.32}, {"rank": 6, "name": "3988 Short", "outflow (M)": 1.78}, {"rank": 7, "name": "0354 Long", "outflow (M)": 1.61}, {"rank": 8, "name": "1211 Short", "outflow (M)": 1.38}, {"rank": 9, "name": "9868 Short", "outflow (M)": 1.36}, {"rank": 10, "name": "HSTECH Short", "outflow (M)": 1.31}, {"rank": 11, "name": "DJI Short", "outflow (M)": 0.97}, {"rank": 12, "name": "0981 Short", "outflow (M)": 0.95}, {"rank": 13, "name": "0941 Short", "outflow (M)": 0.95}, {"rank": 14, "name": "1024 Short", "outflow (M)": 0.8}, {"rank": 15, "name": "2269 Short", "outflow (M)": 0.7}, {"rank": 16, "name": "9618 Short", "outflow (M)": 0.66}, {"rank": 17, "name": "2382 Long", "outflow (M)": 0.61}, {"rank": 18, "name": "0857 Short", "outflow (M)": 0.57}, {"rank": 19, "name": "2318 Short", "outflow (M)": 0.5}, {"rank": 20, "name": "9888 Short", "outflow (M)": 0.37}], "stats": {"hsi long pos": "+456.16M", "hsi short pos:": "-185.67M", "stocks long pos": "+155.39M", "stocks short pos": "-37.17M"}}