{"top20inflow_20d": [{"rank": 1, "name": "HSI Long", "inflow (M)": 384.56}, {"rank": 2, "name": "1299 Long", "inflow (M)": 99.16}, {"rank": 3, "name": "9988 Long", "inflow (M)": 68.04}, {"rank": 4, "name": "0388 Long", "inflow (M)": 67.0}, {"rank": 5, "name": "2318 Long", "inflow (M)": 27.17}, {"rank": 6, "name": "0700 Short", "inflow (M)": 21.08}, {"rank": 7, "name": "3690 Short", "inflow (M)": 21.0}, {"rank": 8, "name": "1024 Long", "inflow (M)": 9.14}, {"rank": 9, "name": "2382 Long", "inflow (M)": 8.87}, {"rank": 10, "name": "2269 Long", "inflow (M)": 8.75}, {"rank": 11, "name": "2015 Long", "inflow (M)": 8.68}, {"rank": 12, "name": "9888 Long", "inflow (M)": 8.63}, {"rank": 13, "name": "0268 Long", "inflow (M)": 8.6}, {"rank": 14, "name": "0981 Long", "inflow (M)": 8.43}, {"rank": 15, "name": "1810 Long", "inflow (M)": 7.82}, {"rank": 16, "name": "1211 Long", "inflow (M)": 6.58}, {"rank": 17, "name": "0027 Long", "inflow (M)": 6.05}, {"rank": 18, "name": "2883 Long", "inflow (M)": 5.94}, {"rank": 19, "name": "9999 Long", "inflow (M)": 5.21}, {"rank": 20, "name": "3993 Long", "inflow (M)": 5.09}], "top20outflow_20d": [{"rank": 1, "name": "HSI Short", "outflow (M)": 150.1}, {"rank": 2, "name": "0700 Long", "outflow (M)": 29.13}, {"rank": 3, "name": "3690 Long", "outflow (M)": 21.52}, {"rank": 4, "name": "1211 Short", "outflow (M)": 13.9}, {"rank": 5, "name": "0005 Long", "outflow (M)": 11.12}, {"rank": 6, "name": "0388 Short", "outflow (M)": 8.58}, {"rank": 7, "name": "0175 Long", "outflow (M)": 7.02}, {"rank": 8, "name": "9618 Short", "outflow (M)": 5.1}, {"rank": 9, "name": "2015 Short", "outflow (M)": 4.11}, {"rank": 10, "name": "9868 Short", "outflow (M)": 3.36}, {"rank": 11, "name": "0883 Long", "outflow (M)": 2.65}, {"rank": 12, "name": "3968 Long", "outflow (M)": 2.64}, {"rank": 13, "name": "2318 Short", "outflow (M)": 2.6}, {"rank": 14, "name": "0386 Long", "outflow (M)": 1.6}, {"rank": 15, "name": "2269 Short", "outflow (M)": 1.57}, {"rank": 16, "name": "1088 Long", "outflow (M)": 1.55}, {"rank": 17, "name": "9988 Short", "outflow (M)": 1.55}, {"rank": 18, "name": "0011 Long", "outflow (M)": 1.5}, {"rank": 19, "name": "0358 Long", "outflow (M)": 1.35}, {"rank": 20, "name": "1357 Long", "outflow (M)": 1.34}], "stats": {"hsi long pos": "+384.56M", "hsi short pos:": "-150.10M", "stocks long pos": "+335.93M", "stocks short pos": "+16.03M"}}