{"top20inflow_1d": [{"rank": 1, "name": "HSI Long", "inflow (M)": 34.27}, {"rank": 2, "name": "9988 Long", "inflow (M)": 5.08}, {"rank": 3, "name": "0700 Long", "inflow (M)": 4.59}, {"rank": 4, "name": "0388 Long", "inflow (M)": 4.49}, {"rank": 5, "name": "1299 Long", "inflow (M)": 2.24}, {"rank": 6, "name": "3690 Long", "inflow (M)": 2.11}, {"rank": 7, "name": "NDX Short", "inflow (M)": 1.21}, {"rank": 8, "name": "1211 Long", "inflow (M)": 1.17}, {"rank": 9, "name": "2269 Long", "inflow (M)": 1.15}, {"rank": 10, "name": "1093 Long", "inflow (M)": 0.93}, {"rank": 11, "name": "1810 Short", "inflow (M)": 0.7}, {"rank": 12, "name": "2269 Short", "inflow (M)": 0.51}, {"rank": 13, "name": "9999 Long", "inflow (M)": 0.38}, {"rank": 14, "name": "HSTECH Long", "inflow (M)": 0.31}, {"rank": 15, "name": "2015 Long", "inflow (M)": 0.28}, {"rank": 16, "name": "JPYD Short", "inflow (M)": 0.27}, {"rank": 17, "name": "9868 Short", "inflow (M)": 0.25}, {"rank": 18, "name": "1928 Short", "inflow (M)": 0.22}, {"rank": 19, "name": "0992 Short", "inflow (M)": 0.22}, {"rank": 20, "name": "2318 Long", "inflow (M)": 0.19}], "top20outflow_1d": [{"rank": 1, "name": "HSI Short", "outflow (M)": 4.6}, {"rank": 2, "name": "9988 Short", "outflow (M)": 3.75}, {"rank": 3, "name": "3690 Short", "outflow (M)": 1.93}, {"rank": 4, "name": "0700 Short", "outflow (M)": 1.42}, {"rank": 5, "name": "0388 Short", "outflow (M)": 1.19}, {"rank": 6, "name": "2318 Short", "outflow (M)": 1.11}, {"rank": 7, "name": "9888 Long", "outflow (M)": 0.83}, {"rank": 8, "name": "1810 Long", "outflow (M)": 0.6}, {"rank": 9, "name": "0005 Long", "outflow (M)": 0.48}, {"rank": 10, "name": "2840 Long", "outflow (M)": 0.41}, {"rank": 11, "name": "1801 Long", "outflow (M)": 0.33}, {"rank": 12, "name": "0941 Long", "outflow (M)": 0.31}, {"rank": 13, "name": "3993 Long", "outflow (M)": 0.31}, {"rank": 14, "name": "9618 Short", "outflow (M)": 0.26}, {"rank": 15, "name": "1211 Short", "outflow (M)": 0.23}, {"rank": 16, "name": "0981 Short", "outflow (M)": 0.21}, {"rank": 17, "name": "1928 Long", "outflow (M)": 0.18}, {"rank": 18, "name": "2018 Short", "outflow (M)": 0.17}, {"rank": 19, "name": "1024 Short", "outflow (M)": 0.17}, {"rank": 20, "name": "0823 Long", "outflow (M)": 0.16}], "stats": {"hsi long pos": "+34.27M", "hsi short pos:": "-4.60M", "stocks long pos": "+19.29M", "stocks short pos": "-8.85M"}}