{"top20inflow_10d": [{"rank": 1, "name": "9988 Long", "inflow (M)": 76.44}, {"rank": 2, "name": "9988 Short", "inflow (M)": 61.27}, {"rank": 3, "name": "0700 Short", "inflow (M)": 39.54}, {"rank": 4, "name": "HSI Short", "inflow (M)": 26.53}, {"rank": 5, "name": "1810 Long", "inflow (M)": 15.8}, {"rank": 6, "name": "3690 Long", "inflow (M)": 12.2}, {"rank": 7, "name": "0388 Long", "inflow (M)": 6.38}, {"rank": 8, "name": "DJI Short", "inflow (M)": 6.32}, {"rank": 9, "name": "1211 Long", "inflow (M)": 3.64}, {"rank": 10, "name": "HSI Long", "inflow (M)": 3.4}, {"rank": 11, "name": "1801 Long", "inflow (M)": 3.16}, {"rank": 12, "name": "2318 Long", "inflow (M)": 2.86}, {"rank": 13, "name": "1024 Short", "inflow (M)": 2.67}, {"rank": 14, "name": "2020 Long", "inflow (M)": 2.63}, {"rank": 15, "name": "9618 Short", "inflow (M)": 2.61}, {"rank": 16, "name": "NDX Short", "inflow (M)": 2.46}, {"rank": 17, "name": "9888 Long", "inflow (M)": 2.3}, {"rank": 18, "name": "1928 Long", "inflow (M)": 2.29}, {"rank": 19, "name": "2269 Long", "inflow (M)": 2.03}, {"rank": 20, "name": "3968 Long", "inflow (M)": 1.95}], "top20outflow_10d": [{"rank": 1, "name": "0700 Long", "outflow (M)": 50.99}, {"rank": 2, "name": "9618 Long", "outflow (M)": 6.5}, {"rank": 3, "name": "0005 Long", "outflow (M)": 5.53}, {"rank": 4, "name": "1211 Short", "outflow (M)": 3.85}, {"rank": 5, "name": "0941 Long", "outflow (M)": 3.76}, {"rank": 6, "name": "0981 Short", "outflow (M)": 3.01}, {"rank": 7, "name": "0857 Long", "outflow (M)": 2.61}, {"rank": 8, "name": "1299 Long", "outflow (M)": 2.38}, {"rank": 9, "name": "0823 Long", "outflow (M)": 2.21}, {"rank": 10, "name": "2318 Short", "outflow (M)": 2.1}, {"rank": 11, "name": "2269 Short", "outflow (M)": 1.52}, {"rank": 12, "name": "6862 Long", "outflow (M)": 1.41}, {"rank": 13, "name": "2015 Short", "outflow (M)": 1.21}, {"rank": 14, "name": "0902 Long", "outflow (M)": 1.16}, {"rank": 15, "name": "0388 Short", "outflow (M)": 1.14}, {"rank": 16, "name": "9992 Long", "outflow (M)": 1.07}, {"rank": 17, "name": "0939 Long", "outflow (M)": 0.94}, {"rank": 18, "name": "1398 Long", "outflow (M)": 0.92}, {"rank": 19, "name": "0175 Short", "outflow (M)": 0.76}, {"rank": 20, "name": "2382 Long", "outflow (M)": 0.75}], "stats": {"hsi long pos": "+3.40M", "hsi short pos:": "+26.53M", "stocks long pos": "+71.79M", "stocks short pos": "+99.05M"}}