{"top20inflow_20d": [{"rank": 1, "name": "HSI Short", "inflow (M)": 364.87}, {"rank": 2, "name": "0700 Long", "inflow (M)": 103.97}, {"rank": 3, "name": "9988 Long", "inflow (M)": 51.13}, {"rank": 4, "name": "3690 Short", "inflow (M)": 28.9}, {"rank": 5, "name": "9888 Long", "inflow (M)": 20.76}, {"rank": 6, "name": "1299 Long", "inflow (M)": 13.34}, {"rank": 7, "name": "1211 Short", "inflow (M)": 11.06}, {"rank": 8, "name": "0388 Long", "inflow (M)": 10.66}, {"rank": 9, "name": "2318 Long", "inflow (M)": 6.79}, {"rank": 10, "name": "9618 Long", "inflow (M)": 5.99}, {"rank": 11, "name": "9961 Long", "inflow (M)": 4.82}, {"rank": 12, "name": "0981 Long", "inflow (M)": 4.45}, {"rank": 13, "name": "0027 Long", "inflow (M)": 4.26}, {"rank": 14, "name": "0005 Long", "inflow (M)": 4.08}, {"rank": 15, "name": "9999 Long", "inflow (M)": 4.01}, {"rank": 16, "name": "0883 Short", "inflow (M)": 3.88}, {"rank": 17, "name": "0386 Long", "inflow (M)": 3.83}, {"rank": 18, "name": "9618 Short", "inflow (M)": 3.76}, {"rank": 19, "name": "2015 Long", "inflow (M)": 3.74}, {"rank": 20, "name": "1810 Long", "inflow (M)": 3.71}], "top20outflow_20d": [{"rank": 1, "name": "HSI Long", "outflow (M)": 99.71}, {"rank": 2, "name": "0700 Short", "outflow (M)": 14.86}, {"rank": 3, "name": "3690 Long", "outflow (M)": 10.38}, {"rank": 4, "name": "9988 Short", "outflow (M)": 9.8}, {"rank": 5, "name": "2269 Short", "outflow (M)": 6.32}, {"rank": 6, "name": "3968 Long", "outflow (M)": 6.2}, {"rank": 7, "name": "1211 Long", "outflow (M)": 6.14}, {"rank": 8, "name": "0992 Long", "outflow (M)": 4.52}, {"rank": 9, "name": "2269 Long", "outflow (M)": 2.15}, {"rank": 10, "name": "2822 Long", "outflow (M)": 2.13}, {"rank": 11, "name": "1398 Long", "outflow (M)": 1.96}, {"rank": 12, "name": "0388 Short", "outflow (M)": 1.82}, {"rank": 13, "name": "0027 Short", "outflow (M)": 1.72}, {"rank": 14, "name": "SPX Short", "outflow (M)": 1.67}, {"rank": 15, "name": "0788 Long", "outflow (M)": 1.54}, {"rank": 16, "name": "9868 Short", "outflow (M)": 1.26}, {"rank": 17, "name": "0883 Long", "outflow (M)": 1.2}, {"rank": 18, "name": "0175 Long", "outflow (M)": 1.14}, {"rank": 19, "name": "HSTECH Long", "outflow (M)": 1.14}, {"rank": 20, "name": "1928 Long", "outflow (M)": 1.08}], "stats": {"hsi long pos": "-99.71M", "hsi short pos:": "+364.87M", "stocks long pos": "+243.92M", "stocks short pos": "+26.72M"}}