{"top20inflow_5d": [{"rank": 1, "name": "HSI Long", "inflow (M)": 294.94}, {"rank": 2, "name": "9988 Long", "inflow (M)": 34.31}, {"rank": 3, "name": "1299 Long", "inflow (M)": 34.19}, {"rank": 4, "name": "0388 Long", "inflow (M)": 21.75}, {"rank": 5, "name": "2318 Long", "inflow (M)": 13.18}, {"rank": 6, "name": "3690 Long", "inflow (M)": 10.43}, {"rank": 7, "name": "3690 Short", "inflow (M)": 4.77}, {"rank": 8, "name": "9999 Long", "inflow (M)": 4.48}, {"rank": 9, "name": "0005 Long", "inflow (M)": 4.04}, {"rank": 10, "name": "0027 Long", "inflow (M)": 3.52}, {"rank": 11, "name": "1299 Short", "inflow (M)": 3.24}, {"rank": 12, "name": "0857 Long", "inflow (M)": 3.09}, {"rank": 13, "name": "0268 Long", "inflow (M)": 2.96}, {"rank": 14, "name": "0981 Long", "inflow (M)": 2.52}, {"rank": 15, "name": "2331 Long", "inflow (M)": 2.28}, {"rank": 16, "name": "9618 Long", "inflow (M)": 2.23}, {"rank": 17, "name": "9988 Short", "inflow (M)": 2.23}, {"rank": 18, "name": "2015 Long", "inflow (M)": 1.95}, {"rank": 19, "name": "2883 Long", "inflow (M)": 1.94}, {"rank": 20, "name": "1818 Long", "inflow (M)": 1.87}], "top20outflow_5d": [{"rank": 1, "name": "HSI Short", "outflow (M)": 76.46}, {"rank": 2, "name": "0700 Long", "outflow (M)": 33.91}, {"rank": 3, "name": "1810 Long", "outflow (M)": 9.63}, {"rank": 4, "name": "0941 Long", "outflow (M)": 3.82}, {"rank": 5, "name": "0175 Long", "outflow (M)": 3.2}, {"rank": 6, "name": "1211 Short", "outflow (M)": 2.51}, {"rank": 7, "name": "1211 Long", "outflow (M)": 2.38}, {"rank": 8, "name": "9961 Short", "outflow (M)": 2.21}, {"rank": 9, "name": "0005 Short", "outflow (M)": 1.54}, {"rank": 10, "name": "2318 Short", "outflow (M)": 1.22}, {"rank": 11, "name": "N225 Short", "outflow (M)": 1.17}, {"rank": 12, "name": "2333 Long", "outflow (M)": 1.01}, {"rank": 13, "name": "DJI Short", "outflow (M)": 0.97}, {"rank": 14, "name": "0700 Short", "outflow (M)": 0.87}, {"rank": 15, "name": "3968 Long", "outflow (M)": 0.75}, {"rank": 16, "name": "2015 Short", "outflow (M)": 0.75}, {"rank": 17, "name": "0386 Long", "outflow (M)": 0.68}, {"rank": 18, "name": "9999 Short", "outflow (M)": 0.68}, {"rank": 19, "name": "0354 Long", "outflow (M)": 0.67}, {"rank": 20, "name": "0880 Long", "outflow (M)": 0.53}], "stats": {"hsi long pos": "+294.94M", "hsi short pos:": "-76.46M", "stocks long pos": "+121.30M", "stocks short pos": "+3.18M"}}