{"top20inflow_5d": [{"rank": 1, "name": "HSI Long", "inflow (M)": 163.3}, {"rank": 2, "name": "0700 Long", "inflow (M)": 31.58}, {"rank": 3, "name": "3690 Long", "inflow (M)": 28.6}, {"rank": 4, "name": "9988 Long", "inflow (M)": 13.11}, {"rank": 5, "name": "0388 Long", "inflow (M)": 5.97}, {"rank": 6, "name": "1810 Long", "inflow (M)": 4.94}, {"rank": 7, "name": "2318 Long", "inflow (M)": 4.22}, {"rank": 8, "name": "2382 Long", "inflow (M)": 3.81}, {"rank": 9, "name": "3690 Short", "inflow (M)": 3.8}, {"rank": 10, "name": "0388 Short", "inflow (M)": 3.51}, {"rank": 11, "name": "1211 Short", "inflow (M)": 2.85}, {"rank": 12, "name": "HSTECH Long", "inflow (M)": 2.68}, {"rank": 13, "name": "0981 Long", "inflow (M)": 2.3}, {"rank": 14, "name": "DJI Short", "inflow (M)": 2.17}, {"rank": 15, "name": "JPYD Long", "inflow (M)": 1.95}, {"rank": 16, "name": "0883 Long", "inflow (M)": 1.86}, {"rank": 17, "name": "0027 Long", "inflow (M)": 1.67}, {"rank": 18, "name": "9868 Long", "inflow (M)": 1.64}, {"rank": 19, "name": "9618 Long", "inflow (M)": 1.33}, {"rank": 20, "name": "1024 Long", "inflow (M)": 1.19}], "top20outflow_5d": [{"rank": 1, "name": "HSI Short", "outflow (M)": 78.57}, {"rank": 2, "name": "0700 Short", "outflow (M)": 19.99}, {"rank": 3, "name": "9999 Short", "outflow (M)": 4.55}, {"rank": 4, "name": "1810 Short", "outflow (M)": 3.42}, {"rank": 5, "name": "9988 Short", "outflow (M)": 2.35}, {"rank": 6, "name": "0941 Long", "outflow (M)": 2.33}, {"rank": 7, "name": "0005 Long", "outflow (M)": 1.28}, {"rank": 8, "name": "2015 Short", "outflow (M)": 1.26}, {"rank": 9, "name": "1211 Long", "outflow (M)": 1.02}, {"rank": 10, "name": "2319 Long", "outflow (M)": 0.83}, {"rank": 11, "name": "9618 Short", "outflow (M)": 0.8}, {"rank": 12, "name": "1024 Short", "outflow (M)": 0.75}, {"rank": 13, "name": "2020 Long", "outflow (M)": 0.73}, {"rank": 14, "name": "1797 Long", "outflow (M)": 0.71}, {"rank": 15, "name": "9961 Long", "outflow (M)": 0.69}, {"rank": 16, "name": "2018 Long", "outflow (M)": 0.61}, {"rank": 17, "name": "2318 Short", "outflow (M)": 0.58}, {"rank": 18, "name": "2382 Short", "outflow (M)": 0.58}, {"rank": 19, "name": "JPYD= Short", "outflow (M)": 0.55}, {"rank": 20, "name": "2899 Long", "outflow (M)": 0.51}], "stats": {"hsi long pos": "+153.84M", "hsi short pos:": "-78.72M", "stocks long pos": "+105.48M", "stocks short pos": "-15.61M"}}