{"top20inflow_20d": [{"rank": 1, "name": "HSI Long", "inflow (M)": 578.21}, {"rank": 2, "name": "3690 Long", "inflow (M)": 49.81}, {"rank": 3, "name": "0700 Long", "inflow (M)": 41.5}, {"rank": 4, "name": "9988 Long", "inflow (M)": 40.94}, {"rank": 5, "name": "2269 Long", "inflow (M)": 22.89}, {"rank": 6, "name": "0388 Long", "inflow (M)": 19.76}, {"rank": 7, "name": "2318 Long", "inflow (M)": 18.62}, {"rank": 8, "name": "9988 Short", "inflow (M)": 17.98}, {"rank": 9, "name": "1211 Long", "inflow (M)": 17.47}, {"rank": 10, "name": "3968 Long", "inflow (M)": 13.88}, {"rank": 11, "name": "2269 Short", "inflow (M)": 12.0}, {"rank": 12, "name": "1810 Long", "inflow (M)": 10.64}, {"rank": 13, "name": "0883 Long", "inflow (M)": 10.23}, {"rank": 14, "name": "0981 Long", "inflow (M)": 10.08}, {"rank": 15, "name": "JPYD Long", "inflow (M)": 9.96}, {"rank": 16, "name": "HSTECH Long", "inflow (M)": 8.92}, {"rank": 17, "name": "NDX Short", "inflow (M)": 7.59}, {"rank": 18, "name": "SPX Short", "inflow (M)": 7.52}, {"rank": 19, "name": "9618 Long", "inflow (M)": 7.44}, {"rank": 20, "name": "0992 Long", "inflow (M)": 6.03}], "top20outflow_20d": [{"rank": 1, "name": "HSI Short", "outflow (M)": 165.56}, {"rank": 2, "name": "1211 Short", "outflow (M)": 47.97}, {"rank": 3, "name": "0700 Short", "outflow (M)": 38.07}, {"rank": 4, "name": "0388 Short", "outflow (M)": 8.58}, {"rank": 5, "name": "1810 Short", "outflow (M)": 5.34}, {"rank": 6, "name": "0992 Short", "outflow (M)": 2.31}, {"rank": 7, "name": "0354 Long", "outflow (M)": 2.26}, {"rank": 8, "name": "3988 Short", "outflow (M)": 1.98}, {"rank": 9, "name": "2015 Short", "outflow (M)": 1.71}, {"rank": 10, "name": "HSTECH Short", "outflow (M)": 1.21}, {"rank": 11, "name": "1398 Long", "outflow (M)": 1.04}, {"rank": 12, "name": "9618 Short", "outflow (M)": 1.02}, {"rank": 13, "name": "JPY= Short", "outflow (M)": 0.98}, {"rank": 14, "name": "NDX Long", "outflow (M)": 0.77}, {"rank": 15, "name": "0857 Long", "outflow (M)": 0.77}, {"rank": 16, "name": "9888 Short", "outflow (M)": 0.72}, {"rank": 17, "name": "1299 Short", "outflow (M)": 0.71}, {"rank": 18, "name": "1024 Short", "outflow (M)": 0.67}, {"rank": 19, "name": "0788 Long", "outflow (M)": 0.66}, {"rank": 20, "name": "2331 Long", "outflow (M)": 0.57}], "stats": {"hsi long pos": "+578.21M", "hsi short pos:": "-165.56M", "stocks long pos": "+332.19M", "stocks short pos": "-56.51M"}}