{"top20inflow_20d": [{"rank": 1, "name": "HSI Short", "inflow (M)": 428.0}, {"rank": 2, "name": "9988 Long", "inflow (M)": 28.58}, {"rank": 3, "name": "2269 Long", "inflow (M)": 24.56}, {"rank": 4, "name": "3690 Short", "inflow (M)": 21.9}, {"rank": 5, "name": "1211 Long", "inflow (M)": 12.99}, {"rank": 6, "name": "0883 Long", "inflow (M)": 11.8}, {"rank": 7, "name": "3968 Long", "inflow (M)": 11.35}, {"rank": 8, "name": "0700 Short", "inflow (M)": 11.18}, {"rank": 9, "name": "2269 Short", "inflow (M)": 11.07}, {"rank": 10, "name": "0981 Long", "inflow (M)": 10.46}, {"rank": 11, "name": "DJI Short", "inflow (M)": 7.28}, {"rank": 12, "name": "3968 Short", "inflow (M)": 7.16}, {"rank": 13, "name": "9961 Short", "inflow (M)": 6.55}, {"rank": 14, "name": "JPYD Long", "inflow (M)": 6.25}, {"rank": 15, "name": "NDX Short", "inflow (M)": 5.73}, {"rank": 16, "name": "0992 Long", "inflow (M)": 5.36}, {"rank": 17, "name": "3690 Long", "inflow (M)": 4.99}, {"rank": 18, "name": "9999 Short", "inflow (M)": 4.95}, {"rank": 19, "name": "SPX Short", "inflow (M)": 4.78}, {"rank": 20, "name": "HSTECH Long", "inflow (M)": 4.49}], "top20outflow_20d": [{"rank": 1, "name": "HSI Long", "outflow (M)": 205.18}, {"rank": 2, "name": "1211 Short", "outflow (M)": 34.98}, {"rank": 3, "name": "0700 Long", "outflow (M)": 16.61}, {"rank": 4, "name": "1299 Long", "outflow (M)": 8.0}, {"rank": 5, "name": "0027 Long", "outflow (M)": 3.48}, {"rank": 6, "name": "9888 Long", "outflow (M)": 3.35}, {"rank": 7, "name": "0788 Long", "outflow (M)": 2.92}, {"rank": 8, "name": "0992 Short", "outflow (M)": 2.61}, {"rank": 9, "name": "1928 Long", "outflow (M)": 2.03}, {"rank": 10, "name": "0857 Long", "outflow (M)": 1.99}, {"rank": 11, "name": "0941 Long", "outflow (M)": 1.96}, {"rank": 12, "name": "1398 Long", "outflow (M)": 1.62}, {"rank": 13, "name": "NDX Long", "outflow (M)": 1.35}, {"rank": 14, "name": "2800 Long", "outflow (M)": 1.05}, {"rank": 15, "name": "1171 Long", "outflow (M)": 0.69}, {"rank": 16, "name": "2015 Long", "outflow (M)": 0.66}, {"rank": 17, "name": "9961 Long", "outflow (M)": 0.65}, {"rank": 18, "name": "1801 Long", "outflow (M)": 0.6}, {"rank": 19, "name": "0688 Long", "outflow (M)": 0.6}, {"rank": 20, "name": "1658 Long", "outflow (M)": 0.51}], "stats": {"hsi long pos": "-205.18M", "hsi short pos:": "+428.00M", "stocks long pos": "+105.88M", "stocks short pos": "+66.26M"}}