{"top20inflow_10d": [{"rank": 1, "name": "HSI Long", "inflow (M)": 199.41}, {"rank": 2, "name": "9988 Long", "inflow (M)": 20.8}, {"rank": 3, "name": "2269 Long", "inflow (M)": 13.13}, {"rank": 4, "name": "3690 Long", "inflow (M)": 13.11}, {"rank": 5, "name": "2318 Long", "inflow (M)": 8.0}, {"rank": 6, "name": "3968 Long", "inflow (M)": 7.86}, {"rank": 7, "name": "0388 Long", "inflow (M)": 7.45}, {"rank": 8, "name": "0981 Long", "inflow (M)": 5.32}, {"rank": 9, "name": "1211 Long", "inflow (M)": 5.18}, {"rank": 10, "name": "0700 Long", "inflow (M)": 5.04}, {"rank": 11, "name": "SPX Short", "inflow (M)": 4.81}, {"rank": 12, "name": "1810 Long", "inflow (M)": 4.79}, {"rank": 13, "name": "9618 Long", "inflow (M)": 4.52}, {"rank": 14, "name": "DJI Short", "inflow (M)": 4.15}, {"rank": 15, "name": "3690 Short", "inflow (M)": 4.13}, {"rank": 16, "name": "0175 Long", "inflow (M)": 3.95}, {"rank": 17, "name": "9988 Short", "inflow (M)": 3.14}, {"rank": 18, "name": "HSTECH Long", "inflow (M)": 2.95}, {"rank": 19, "name": "1109 Long", "inflow (M)": 2.48}, {"rank": 20, "name": "3968 Short", "inflow (M)": 2.3}], "top20outflow_10d": [{"rank": 1, "name": "1211 Short", "outflow (M)": 44.94}, {"rank": 2, "name": "0883 Long", "outflow (M)": 31.31}, {"rank": 3, "name": "HSI Short", "outflow (M)": 21.6}, {"rank": 4, "name": "0700 Short", "outflow (M)": 5.26}, {"rank": 5, "name": "1299 Short", "outflow (M)": 2.99}, {"rank": 6, "name": "0992 Short", "outflow (M)": 1.85}, {"rank": 7, "name": "9868 Short", "outflow (M)": 1.71}, {"rank": 8, "name": "0960 Long", "outflow (M)": 1.38}, {"rank": 9, "name": "0941 Short", "outflow (M)": 1.21}, {"rank": 10, "name": "1398 Long", "outflow (M)": 1.07}, {"rank": 11, "name": "2269 Short", "outflow (M)": 1.0}, {"rank": 12, "name": "1810 Short", "outflow (M)": 0.99}, {"rank": 13, "name": "N225 Long", "outflow (M)": 0.95}, {"rank": 14, "name": "9888 Short", "outflow (M)": 0.93}, {"rank": 15, "name": "2015 Short", "outflow (M)": 0.87}, {"rank": 16, "name": "0857 Long", "outflow (M)": 0.72}, {"rank": 17, "name": "2331 Long", "outflow (M)": 0.63}, {"rank": 18, "name": "2318 Short", "outflow (M)": 0.6}, {"rank": 19, "name": "HSTECH Short", "outflow (M)": 0.52}, {"rank": 20, "name": "0788 Long", "outflow (M)": 0.51}], "stats": {"hsi long pos": "+199.41M", "hsi short pos:": "-21.60M", "stocks long pos": "+91.86M", "stocks short pos": "-44.51M"}}