{"top20inflow_10d": [{"rank": 1, "name": "HSI Short", "inflow (M)": 157.54}, {"rank": 2, "name": "0700 Long", "inflow (M)": 40.04}, {"rank": 3, "name": "3690 Long", "inflow (M)": 20.87}, {"rank": 4, "name": "3690 Short", "inflow (M)": 12.67}, {"rank": 5, "name": "DJI Short", "inflow (M)": 10.2}, {"rank": 6, "name": "9999 Short", "inflow (M)": 9.58}, {"rank": 7, "name": "1810 Long", "inflow (M)": 8.6}, {"rank": 8, "name": "1024 Long", "inflow (M)": 6.65}, {"rank": 9, "name": "9618 Short", "inflow (M)": 4.6}, {"rank": 10, "name": "1211 Short", "inflow (M)": 4.59}, {"rank": 11, "name": "NDX Short", "inflow (M)": 3.73}, {"rank": 12, "name": "1797 Long", "inflow (M)": 3.5}, {"rank": 13, "name": "0941 Short", "inflow (M)": 3.36}, {"rank": 14, "name": "2269 Long", "inflow (M)": 3.01}, {"rank": 15, "name": "9999 Long", "inflow (M)": 2.35}, {"rank": 16, "name": "1211 Long", "inflow (M)": 2.09}, {"rank": 17, "name": "2319 Long", "inflow (M)": 2.03}, {"rank": 18, "name": "2318 Long", "inflow (M)": 1.96}, {"rank": 19, "name": "JPYD Long", "inflow (M)": 1.55}, {"rank": 20, "name": "HSTECH Long", "inflow (M)": 1.33}], "top20outflow_10d": [{"rank": 1, "name": "HSI Long", "outflow (M)": 79.19}, {"rank": 2, "name": "9988 Long", "outflow (M)": 18.73}, {"rank": 3, "name": "0388 Long", "outflow (M)": 17.56}, {"rank": 4, "name": "0700 Short", "outflow (M)": 15.47}, {"rank": 5, "name": "9988 Short", "outflow (M)": 6.42}, {"rank": 6, "name": "0823 Long", "outflow (M)": 4.62}, {"rank": 7, "name": "NDX Long", "outflow (M)": 3.3}, {"rank": 8, "name": "1299 Long", "outflow (M)": 3.22}, {"rank": 9, "name": "0005 Long", "outflow (M)": 3.12}, {"rank": 10, "name": "2318 Short", "outflow (M)": 3.0}, {"rank": 11, "name": "0388 Short", "outflow (M)": 2.79}, {"rank": 12, "name": "1928 Long", "outflow (M)": 1.05}, {"rank": 13, "name": "0027 Long", "outflow (M)": 1.04}, {"rank": 14, "name": "9618 Long", "outflow (M)": 0.92}, {"rank": 15, "name": "2331 Short", "outflow (M)": 0.83}, {"rank": 16, "name": "0992 Long", "outflow (M)": 0.76}, {"rank": 17, "name": "9868 Short", "outflow (M)": 0.71}, {"rank": 18, "name": "1093 Long", "outflow (M)": 0.66}, {"rank": 19, "name": "1772 Long", "outflow (M)": 0.65}, {"rank": 20, "name": "2800 Long", "outflow (M)": 0.58}], "stats": {"hsi long pos": "-73.82M", "hsi short pos:": "+154.03M", "stocks long pos": "+51.09M", "stocks short pos": "+14.06M"}}