{"top20inflow_5d": [{"rank": 1, "name": "HSI Long", "inflow (M)": 168.81}, {"rank": 2, "name": "0700 Long", "inflow (M)": 45.25}, {"rank": 3, "name": "3690 Long", "inflow (M)": 33.56}, {"rank": 4, "name": "9988 Long", "inflow (M)": 14.61}, {"rank": 5, "name": "0388 Long", "inflow (M)": 10.45}, {"rank": 6, "name": "1810 Long", "inflow (M)": 5.3}, {"rank": 7, "name": "2318 Long", "inflow (M)": 4.64}, {"rank": 8, "name": "HSTECH Long", "inflow (M)": 3.82}, {"rank": 9, "name": "1211 Short", "inflow (M)": 3.7}, {"rank": 10, "name": "2382 Long", "inflow (M)": 2.61}, {"rank": 11, "name": "9618 Long", "inflow (M)": 2.34}, {"rank": 12, "name": "0883 Long", "inflow (M)": 2.32}, {"rank": 13, "name": "1211 Long", "inflow (M)": 2.27}, {"rank": 14, "name": "0981 Long", "inflow (M)": 1.96}, {"rank": 15, "name": "9868 Long", "inflow (M)": 1.93}, {"rank": 16, "name": "DJI Short", "inflow (M)": 1.79}, {"rank": 17, "name": "1299 Long", "inflow (M)": 1.75}, {"rank": 18, "name": "1024 Long", "inflow (M)": 1.75}, {"rank": 19, "name": "0027 Long", "inflow (M)": 1.7}, {"rank": 20, "name": "0388 Short", "inflow (M)": 1.63}], "top20outflow_5d": [{"rank": 1, "name": "HSI Short", "outflow (M)": 80.54}, {"rank": 2, "name": "0700 Short", "outflow (M)": 17.02}, {"rank": 3, "name": "9999 Short", "outflow (M)": 4.78}, {"rank": 4, "name": "1810 Short", "outflow (M)": 2.8}, {"rank": 5, "name": "9988 Short", "outflow (M)": 2.71}, {"rank": 6, "name": "3690 Short", "outflow (M)": 1.96}, {"rank": 7, "name": "0941 Long", "outflow (M)": 1.82}, {"rank": 8, "name": "2382 Short", "outflow (M)": 1.48}, {"rank": 9, "name": "1024 Short", "outflow (M)": 0.95}, {"rank": 10, "name": "9888 Long", "outflow (M)": 0.91}, {"rank": 11, "name": "2319 Long", "outflow (M)": 0.89}, {"rank": 12, "name": "0005 Long", "outflow (M)": 0.88}, {"rank": 13, "name": "9999 Long", "outflow (M)": 0.86}, {"rank": 14, "name": "NDX Short", "outflow (M)": 0.81}, {"rank": 15, "name": "0823 Long", "outflow (M)": 0.8}, {"rank": 16, "name": "0857 Long", "outflow (M)": 0.79}, {"rank": 17, "name": "9961 Long", "outflow (M)": 0.62}, {"rank": 18, "name": "2018 Long", "outflow (M)": 0.59}, {"rank": 19, "name": "9618 Short", "outflow (M)": 0.59}, {"rank": 20, "name": "JPYD= Short", "outflow (M)": 0.56}], "stats": {"hsi long pos": "+190.55M", "hsi short pos:": "-96.13M", "stocks long pos": "+142.05M", "stocks short pos": "-29.83M"}}