{"top20inflow_5d": [{"rank": 1, "name": "HSI Long", "inflow (M)": 485.7}, {"rank": 2, "name": "9988 Long", "inflow (M)": 39.85}, {"rank": 3, "name": "1299 Long", "inflow (M)": 33.15}, {"rank": 4, "name": "0388 Long", "inflow (M)": 25.3}, {"rank": 5, "name": "3690 Long", "inflow (M)": 17.22}, {"rank": 6, "name": "2318 Long", "inflow (M)": 12.52}, {"rank": 7, "name": "0005 Long", "inflow (M)": 7.94}, {"rank": 8, "name": "0027 Long", "inflow (M)": 5.4}, {"rank": 9, "name": "0857 Long", "inflow (M)": 5.28}, {"rank": 10, "name": "9999 Long", "inflow (M)": 4.34}, {"rank": 11, "name": "2899 Long", "inflow (M)": 3.28}, {"rank": 12, "name": "2015 Long", "inflow (M)": 2.85}, {"rank": 13, "name": "1818 Long", "inflow (M)": 2.77}, {"rank": 14, "name": "1299 Short", "inflow (M)": 2.72}, {"rank": 15, "name": "9888 Long", "inflow (M)": 2.3}, {"rank": 16, "name": "9618 Long", "inflow (M)": 2.27}, {"rank": 17, "name": "2840 Long", "inflow (M)": 2.25}, {"rank": 18, "name": "1928 Long", "inflow (M)": 2.21}, {"rank": 19, "name": "0268 Long", "inflow (M)": 2.16}, {"rank": 20, "name": "2331 Long", "inflow (M)": 2.15}], "top20outflow_5d": [{"rank": 1, "name": "HSI Short", "outflow (M)": 236.99}, {"rank": 2, "name": "0700 Short", "outflow (M)": 14.32}, {"rank": 3, "name": "1810 Long", "outflow (M)": 5.76}, {"rank": 4, "name": "1211 Short", "outflow (M)": 5.3}, {"rank": 5, "name": "0005 Short", "outflow (M)": 3.84}, {"rank": 6, "name": "DJI Short", "outflow (M)": 3.07}, {"rank": 7, "name": "9988 Short", "outflow (M)": 2.82}, {"rank": 8, "name": "0175 Long", "outflow (M)": 2.71}, {"rank": 9, "name": "2020 Short", "outflow (M)": 2.54}, {"rank": 10, "name": "9961 Short", "outflow (M)": 2.24}, {"rank": 11, "name": "2318 Short", "outflow (M)": 2.09}, {"rank": 12, "name": "9618 Short", "outflow (M)": 1.59}, {"rank": 13, "name": "0700 Long", "outflow (M)": 1.43}, {"rank": 14, "name": "0388 Short", "outflow (M)": 1.32}, {"rank": 15, "name": "N225 Short", "outflow (M)": 1.3}, {"rank": 16, "name": "0883 Short", "outflow (M)": 1.3}, {"rank": 17, "name": "2015 Short", "outflow (M)": 0.92}, {"rank": 18, "name": "2600 Long", "outflow (M)": 0.75}, {"rank": 19, "name": "NDX Short", "outflow (M)": 0.73}, {"rank": 20, "name": "0354 Long", "outflow (M)": 0.66}], "stats": {"hsi long pos": "+485.70M", "hsi short pos:": "-236.99M", "stocks long pos": "+197.36M", "stocks short pos": "-34.32M"}}