{"top20inflow_1d": [{"rank": 1, "name": "HSI Short", "inflow (M)": 48.26}, {"rank": 2, "name": "3690 Short", "inflow (M)": 4.62}, {"rank": 3, "name": "0700 Long", "inflow (M)": 4.14}, {"rank": 4, "name": "1024 Long", "inflow (M)": 3.11}, {"rank": 5, "name": "1299 Long", "inflow (M)": 2.35}, {"rank": 6, "name": "1810 Long", "inflow (M)": 1.09}, {"rank": 7, "name": "2318 Long", "inflow (M)": 0.83}, {"rank": 8, "name": "9888 Long", "inflow (M)": 0.78}, {"rank": 9, "name": "0388 Long", "inflow (M)": 0.74}, {"rank": 10, "name": "0883 Long", "inflow (M)": 0.63}, {"rank": 11, "name": "3968 Long", "inflow (M)": 0.56}, {"rank": 12, "name": "0388 Short", "inflow (M)": 0.56}, {"rank": 13, "name": "HSTECH Long", "inflow (M)": 0.54}, {"rank": 14, "name": "2015 Long", "inflow (M)": 0.52}, {"rank": 15, "name": "2269 Long", "inflow (M)": 0.5}, {"rank": 16, "name": "9618 Long", "inflow (M)": 0.47}, {"rank": 17, "name": "9868 Long", "inflow (M)": 0.45}, {"rank": 18, "name": "9888 Short", "inflow (M)": 0.39}, {"rank": 19, "name": "3800 Long", "inflow (M)": 0.38}, {"rank": 20, "name": "1919 Long", "inflow (M)": 0.32}], "top20outflow_1d": [{"rank": 1, "name": "HSI Long", "outflow (M)": 8.55}, {"rank": 2, "name": "2318 Short", "outflow (M)": 1.59}, {"rank": 3, "name": "9988 Long", "outflow (M)": 1.38}, {"rank": 4, "name": "DJI Short", "outflow (M)": 1.26}, {"rank": 5, "name": "0700 Short", "outflow (M)": 1.26}, {"rank": 6, "name": "1211 Short", "outflow (M)": 0.9}, {"rank": 7, "name": "9988 Short", "outflow (M)": 0.86}, {"rank": 8, "name": "9618 Short", "outflow (M)": 0.79}, {"rank": 9, "name": "NDX Long", "outflow (M)": 0.66}, {"rank": 10, "name": "1299 Short", "outflow (M)": 0.5}, {"rank": 11, "name": "9999 Short", "outflow (M)": 0.41}, {"rank": 12, "name": "2018 Short", "outflow (M)": 0.39}, {"rank": 13, "name": "9868 Short", "outflow (M)": 0.39}, {"rank": 14, "name": "1810 Short", "outflow (M)": 0.26}, {"rank": 15, "name": "1797 Short", "outflow (M)": 0.23}, {"rank": 16, "name": "0939 Long", "outflow (M)": 0.2}, {"rank": 17, "name": "0992 Long", "outflow (M)": 0.16}, {"rank": 18, "name": "1797 Long", "outflow (M)": 0.15}, {"rank": 19, "name": "2331 Long", "outflow (M)": 0.15}, {"rank": 20, "name": "1928 Long", "outflow (M)": 0.15}], "stats": {"hsi long pos": "-8.55M", "hsi short pos:": "+48.26M", "stocks long pos": "+16.52M", "stocks short pos": "-1.72M"}}