{"top20inflow_5d": [{"rank": 1, "name": "HSI Long", "inflow (M)": 44.6}, {"rank": 2, "name": "HSI Short", "inflow (M)": 40.85}, {"rank": 3, "name": "9988 Long", "inflow (M)": 22.97}, {"rank": 4, "name": "3690 Short", "inflow (M)": 7.18}, {"rank": 5, "name": "3690 Long", "inflow (M)": 3.07}, {"rank": 6, "name": "1109 Long", "inflow (M)": 2.8}, {"rank": 7, "name": "9868 Short", "inflow (M)": 2.55}, {"rank": 8, "name": "9988 Short", "inflow (M)": 2.45}, {"rank": 9, "name": "2318 Long", "inflow (M)": 2.35}, {"rank": 10, "name": "9618 Long", "inflow (M)": 2.15}, {"rank": 11, "name": "DJI Short", "inflow (M)": 1.95}, {"rank": 12, "name": "0027 Long", "inflow (M)": 1.75}, {"rank": 13, "name": "0823 Long", "inflow (M)": 1.73}, {"rank": 14, "name": "2382 Short", "inflow (M)": 1.63}, {"rank": 15, "name": "0981 Long", "inflow (M)": 1.62}, {"rank": 16, "name": "9999 Short", "inflow (M)": 1.56}, {"rank": 17, "name": "2269 Long", "inflow (M)": 1.52}, {"rank": 18, "name": "0005 Long", "inflow (M)": 1.47}, {"rank": 19, "name": "0941 Long", "inflow (M)": 1.46}, {"rank": 20, "name": "3968 Short", "inflow (M)": 1.45}], "top20outflow_5d": [{"rank": 1, "name": "0700 Long", "outflow (M)": 9.25}, {"rank": 2, "name": "1211 Long", "outflow (M)": 7.16}, {"rank": 3, "name": "1299 Long", "outflow (M)": 5.91}, {"rank": 4, "name": "1211 Short", "outflow (M)": 5.43}, {"rank": 5, "name": "0857 Long", "outflow (M)": 3.19}, {"rank": 6, "name": "0388 Long", "outflow (M)": 3.11}, {"rank": 7, "name": "1810 Short", "outflow (M)": 2.6}, {"rank": 8, "name": "0883 Long", "outflow (M)": 1.47}, {"rank": 9, "name": "NDX Long", "outflow (M)": 1.21}, {"rank": 10, "name": "0992 Long", "outflow (M)": 1.11}, {"rank": 11, "name": "N225 Long", "outflow (M)": 1.0}, {"rank": 12, "name": "1024 Long", "outflow (M)": 0.95}, {"rank": 13, "name": "0027 Short", "outflow (M)": 0.81}, {"rank": 14, "name": "2015 Short", "outflow (M)": 0.74}, {"rank": 15, "name": "3968 Long", "outflow (M)": 0.73}, {"rank": 16, "name": "2269 Short", "outflow (M)": 0.72}, {"rank": 17, "name": "1398 Long", "outflow (M)": 0.71}, {"rank": 18, "name": "0175 Long", "outflow (M)": 0.61}, {"rank": 19, "name": "0857 Short", "outflow (M)": 0.59}, {"rank": 20, "name": "0992 Short", "outflow (M)": 0.45}], "stats": {"hsi long pos": "+44.60M", "hsi short pos:": "+40.85M", "stocks long pos": "+17.25M", "stocks short pos": "+6.00M"}}