{"top20inflow_1d": [{"rank": 1, "name": "0700 Short", "inflow (M)": 5.58}, {"rank": 2, "name": "1211 Short", "inflow (M)": 2.18}, {"rank": 3, "name": "0388 Short", "inflow (M)": 1.39}, {"rank": 4, "name": "2382 Long", "inflow (M)": 1.17}, {"rank": 5, "name": "NDX Short", "inflow (M)": 0.87}, {"rank": 6, "name": "JPYD Long", "inflow (M)": 0.76}, {"rank": 7, "name": "HSI Short", "inflow (M)": 0.75}, {"rank": 8, "name": "1128 Long", "inflow (M)": 0.36}, {"rank": 9, "name": "1928 Long", "inflow (M)": 0.35}, {"rank": 10, "name": "3690 Short", "inflow (M)": 0.35}, {"rank": 11, "name": "1024 Long", "inflow (M)": 0.32}, {"rank": 12, "name": "NDX Long", "inflow (M)": 0.31}, {"rank": 13, "name": "1810 Long", "inflow (M)": 0.28}, {"rank": 14, "name": "3988 Short", "inflow (M)": 0.27}, {"rank": 15, "name": "N225 Short", "inflow (M)": 0.24}, {"rank": 16, "name": "0992 Long", "inflow (M)": 0.21}, {"rank": 17, "name": "N225 Long", "inflow (M)": 0.2}, {"rank": 18, "name": "1093 Short", "inflow (M)": 0.2}, {"rank": 19, "name": "0883 Long", "inflow (M)": 0.2}, {"rank": 20, "name": "0857 Long", "inflow (M)": 0.18}], "top20outflow_1d": [{"rank": 1, "name": "HSI Long", "outflow (M)": 20.02}, {"rank": 2, "name": "0700 Long", "outflow (M)": 11.47}, {"rank": 3, "name": "9988 Long", "outflow (M)": 4.26}, {"rank": 4, "name": "1211 Long", "outflow (M)": 1.84}, {"rank": 5, "name": "0388 Long", "outflow (M)": 1.56}, {"rank": 6, "name": "3690 Long", "outflow (M)": 1.28}, {"rank": 7, "name": "9618 Long", "outflow (M)": 1.0}, {"rank": 8, "name": "2020 Short", "outflow (M)": 0.83}, {"rank": 9, "name": "2318 Long", "outflow (M)": 0.72}, {"rank": 10, "name": "1810 Short", "outflow (M)": 0.72}, {"rank": 11, "name": "2382 Short", "outflow (M)": 0.7}, {"rank": 12, "name": "2015 Short", "outflow (M)": 0.67}, {"rank": 13, "name": "9618 Short", "outflow (M)": 0.62}, {"rank": 14, "name": "HSTECH Long", "outflow (M)": 0.58}, {"rank": 15, "name": "1299 Long", "outflow (M)": 0.44}, {"rank": 16, "name": "2018 Short", "outflow (M)": 0.28}, {"rank": 17, "name": "0005 Short", "outflow (M)": 0.23}, {"rank": 18, "name": "9999 Short", "outflow (M)": 0.21}, {"rank": 19, "name": "1024 Short", "outflow (M)": 0.2}, {"rank": 20, "name": "1177 Long", "outflow (M)": 0.17}], "stats": {"hsi long pos": "-29.49M", "hsi short pos:": "+28.00M", "stocks long pos": "-17.09M", "stocks short pos": "+20.03M"}}