{"top20inflow_10d": [{"rank": 1, "name": "HSI Long", "inflow (M)": 145.78}, {"rank": 2, "name": "HSI Short", "inflow (M)": 71.83}, {"rank": 3, "name": "3690 Long", "inflow (M)": 34.98}, {"rank": 4, "name": "1810 Long", "inflow (M)": 16.63}, {"rank": 5, "name": "1211 Short", "inflow (M)": 15.48}, {"rank": 6, "name": "DJI Short", "inflow (M)": 10.99}, {"rank": 7, "name": "9988 Long", "inflow (M)": 8.63}, {"rank": 8, "name": "0388 Long", "inflow (M)": 8.1}, {"rank": 9, "name": "1299 Long", "inflow (M)": 6.59}, {"rank": 10, "name": "2318 Long", "inflow (M)": 5.46}, {"rank": 11, "name": "9618 Long", "inflow (M)": 4.76}, {"rank": 12, "name": "1211 Long", "inflow (M)": 4.71}, {"rank": 13, "name": "HSTECH Long", "inflow (M)": 4.1}, {"rank": 14, "name": "1024 Long", "inflow (M)": 4.02}, {"rank": 15, "name": "2382 Long", "inflow (M)": 3.94}, {"rank": 16, "name": "0941 Short", "inflow (M)": 3.62}, {"rank": 17, "name": "JPYD Long", "inflow (M)": 2.8}, {"rank": 18, "name": "0883 Short", "inflow (M)": 2.69}, {"rank": 19, "name": "0175 Long", "inflow (M)": 2.58}, {"rank": 20, "name": "9868 Long", "inflow (M)": 2.29}], "top20outflow_10d": [{"rank": 1, "name": "0700 Short", "outflow (M)": 41.91}, {"rank": 2, "name": "9999 Short", "outflow (M)": 21.1}, {"rank": 3, "name": "9988 Short", "outflow (M)": 15.37}, {"rank": 4, "name": "3690 Short", "outflow (M)": 4.7}, {"rank": 5, "name": "9999 Long", "outflow (M)": 4.32}, {"rank": 6, "name": "0941 Long", "outflow (M)": 4.21}, {"rank": 7, "name": "1024 Short", "outflow (M)": 3.85}, {"rank": 8, "name": "9618 Short", "outflow (M)": 2.33}, {"rank": 9, "name": "0823 Long", "outflow (M)": 2.1}, {"rank": 10, "name": "1810 Short", "outflow (M)": 1.27}, {"rank": 11, "name": "1797 Short", "outflow (M)": 1.25}, {"rank": 12, "name": "0902 Long", "outflow (M)": 1.24}, {"rank": 13, "name": "9868 Short", "outflow (M)": 1.08}, {"rank": 14, "name": "2318 Short", "outflow (M)": 0.91}, {"rank": 15, "name": "0857 Long", "outflow (M)": 0.9}, {"rank": 16, "name": "2899 Long", "outflow (M)": 0.82}, {"rank": 17, "name": "2269 Short", "outflow (M)": 0.81}, {"rank": 18, "name": "2382 Short", "outflow (M)": 0.77}, {"rank": 19, "name": "0700 Long", "outflow (M)": 0.68}, {"rank": 20, "name": "JPYD= Short", "outflow (M)": 0.58}], "stats": {"hsi long pos": "+167.52M", "hsi short pos:": "+56.23M", "stocks long pos": "+117.08M", "stocks short pos": "-75.72M"}}