{"top20inflow_20d": [{"rank": 1, "name": "HSI Short", "inflow (M)": 395.72}, {"rank": 2, "name": "0700 Short", "inflow (M)": 93.17}, {"rank": 3, "name": "3690 Short", "inflow (M)": 60.95}, {"rank": 4, "name": "9988 Long", "inflow (M)": 50.69}, {"rank": 5, "name": "1299 Long", "inflow (M)": 45.29}, {"rank": 6, "name": "0388 Long", "inflow (M)": 41.54}, {"rank": 7, "name": "1211 Long", "inflow (M)": 14.93}, {"rank": 8, "name": "2318 Long", "inflow (M)": 9.56}, {"rank": 9, "name": "0857 Long", "inflow (M)": 9.45}, {"rank": 10, "name": "0981 Long", "inflow (M)": 8.58}, {"rank": 11, "name": "0027 Long", "inflow (M)": 8.37}, {"rank": 12, "name": "2015 Long", "inflow (M)": 8.34}, {"rank": 13, "name": "1810 Short", "inflow (M)": 7.38}, {"rank": 14, "name": "9888 Long", "inflow (M)": 7.32}, {"rank": 15, "name": "HSTECH Long", "inflow (M)": 7.32}, {"rank": 16, "name": "2382 Long", "inflow (M)": 6.29}, {"rank": 17, "name": "0268 Long", "inflow (M)": 6.2}, {"rank": 18, "name": "9618 Long", "inflow (M)": 6.05}, {"rank": 19, "name": "9999 Long", "inflow (M)": 5.75}, {"rank": 20, "name": "0388 Short", "inflow (M)": 5.37}], "top20outflow_20d": [{"rank": 1, "name": "HSI Long", "outflow (M)": 150.89}, {"rank": 2, "name": "0700 Long", "outflow (M)": 101.36}, {"rank": 3, "name": "3690 Long", "outflow (M)": 48.56}, {"rank": 4, "name": "0941 Long", "outflow (M)": 18.17}, {"rank": 5, "name": "0005 Long", "outflow (M)": 10.21}, {"rank": 6, "name": "1211 Short", "outflow (M)": 7.89}, {"rank": 7, "name": "3968 Long", "outflow (M)": 7.5}, {"rank": 8, "name": "0175 Long", "outflow (M)": 7.02}, {"rank": 9, "name": "1109 Long", "outflow (M)": 4.85}, {"rank": 10, "name": "SPX Short", "outflow (M)": 3.94}, {"rank": 11, "name": "9868 Short", "outflow (M)": 3.89}, {"rank": 12, "name": "0386 Long", "outflow (M)": 3.67}, {"rank": 13, "name": "0358 Long", "outflow (M)": 3.62}, {"rank": 14, "name": "NDX Short", "outflow (M)": 2.79}, {"rank": 15, "name": "2382 Short", "outflow (M)": 2.38}, {"rank": 16, "name": "N225 Short", "outflow (M)": 2.29}, {"rank": 17, "name": "2840 Long", "outflow (M)": 2.26}, {"rank": 18, "name": "1810 Long", "outflow (M)": 1.65}, {"rank": 19, "name": "JPYD= Long", "outflow (M)": 1.51}, {"rank": 20, "name": "3988 Long", "outflow (M)": 1.31}], "stats": {"hsi long pos": "-150.89M", "hsi short pos:": "+395.72M", "stocks long pos": "+71.91M", "stocks short pos": "+173.64M"}}