{"top20inflow_20d": [{"rank": 1, "name": "HSI Long", "inflow (M)": 470.95}, {"rank": 2, "name": "3690 Long", "inflow (M)": 43.89}, {"rank": 3, "name": "9988 Short", "inflow (M)": 28.78}, {"rank": 4, "name": "2269 Long", "inflow (M)": 20.44}, {"rank": 5, "name": "0388 Long", "inflow (M)": 17.26}, {"rank": 6, "name": "3690 Short", "inflow (M)": 16.67}, {"rank": 7, "name": "2318 Long", "inflow (M)": 16.62}, {"rank": 8, "name": "0700 Long", "inflow (M)": 16.33}, {"rank": 9, "name": "1211 Long", "inflow (M)": 14.84}, {"rank": 10, "name": "3968 Long", "inflow (M)": 13.55}, {"rank": 11, "name": "9988 Long", "inflow (M)": 13.0}, {"rank": 12, "name": "2269 Short", "inflow (M)": 12.18}, {"rank": 13, "name": "0883 Long", "inflow (M)": 11.06}, {"rank": 14, "name": "1810 Long", "inflow (M)": 10.58}, {"rank": 15, "name": "0981 Long", "inflow (M)": 10.14}, {"rank": 16, "name": "JPYD Long", "inflow (M)": 9.62}, {"rank": 17, "name": "NDX Short", "inflow (M)": 8.86}, {"rank": 18, "name": "SPX Short", "inflow (M)": 7.58}, {"rank": 19, "name": "HSTECH Long", "inflow (M)": 6.77}, {"rank": 20, "name": "0992 Long", "inflow (M)": 6.27}], "top20outflow_20d": [{"rank": 1, "name": "HSI Short", "outflow (M)": 53.95}, {"rank": 2, "name": "1211 Short", "outflow (M)": 36.01}, {"rank": 3, "name": "0700 Short", "outflow (M)": 13.45}, {"rank": 4, "name": "1810 Short", "outflow (M)": 3.23}, {"rank": 5, "name": "2015 Short", "outflow (M)": 2.22}, {"rank": 6, "name": "0992 Short", "outflow (M)": 2.09}, {"rank": 7, "name": "3988 Short", "outflow (M)": 1.51}, {"rank": 8, "name": "0388 Short", "outflow (M)": 1.05}, {"rank": 9, "name": "2382 Short", "outflow (M)": 0.94}, {"rank": 10, "name": "HSTECH Short", "outflow (M)": 0.82}, {"rank": 11, "name": "2018 Short", "outflow (M)": 0.72}, {"rank": 12, "name": "2331 Long", "outflow (M)": 0.72}, {"rank": 13, "name": "0788 Long", "outflow (M)": 0.6}, {"rank": 14, "name": "1658 Long", "outflow (M)": 0.53}, {"rank": 15, "name": "9618 Short", "outflow (M)": 0.53}, {"rank": 16, "name": "0902 Long", "outflow (M)": 0.42}, {"rank": 17, "name": "9888 Short", "outflow (M)": 0.42}, {"rank": 18, "name": "2380 Long", "outflow (M)": 0.4}, {"rank": 19, "name": "1024 Short", "outflow (M)": 0.32}, {"rank": 20, "name": "1398 Long", "outflow (M)": 0.3}], "stats": {"hsi long pos": "+472.12M", "hsi short pos:": "-46.20M", "stocks long pos": "+263.06M", "stocks short pos": "+24.33M"}}