{"top20inflow_20d": [{"rank": 1, "name": "HSI Long", "inflow (M)": 275.85}, {"rank": 2, "name": "9988 Long", "inflow (M)": 102.24}, {"rank": 3, "name": "HSI Short", "inflow (M)": 57.23}, {"rank": 4, "name": "9988 Short", "inflow (M)": 54.64}, {"rank": 5, "name": "0700 Short", "inflow (M)": 46.76}, {"rank": 6, "name": "1810 Long", "inflow (M)": 45.62}, {"rank": 7, "name": "2318 Long", "inflow (M)": 33.63}, {"rank": 8, "name": "1211 Long", "inflow (M)": 26.57}, {"rank": 9, "name": "0388 Long", "inflow (M)": 24.55}, {"rank": 10, "name": "DJI Short", "inflow (M)": 20.47}, {"rank": 11, "name": "3690 Long", "inflow (M)": 16.86}, {"rank": 12, "name": "1810 Short", "inflow (M)": 13.73}, {"rank": 13, "name": "NDX Short", "inflow (M)": 13.46}, {"rank": 14, "name": "0175 Long", "inflow (M)": 6.64}, {"rank": 15, "name": "6862 Long", "inflow (M)": 4.4}, {"rank": 16, "name": "9888 Long", "inflow (M)": 4.37}, {"rank": 17, "name": "2269 Long", "inflow (M)": 4.13}, {"rank": 18, "name": "3968 Long", "inflow (M)": 3.66}, {"rank": 19, "name": "0883 Long", "inflow (M)": 3.5}, {"rank": 20, "name": "9999 Long", "inflow (M)": 3.42}], "top20outflow_20d": [{"rank": 1, "name": "0700 Long", "outflow (M)": 31.21}, {"rank": 2, "name": "0388 Short", "outflow (M)": 7.18}, {"rank": 3, "name": "9618 Long", "outflow (M)": 7.18}, {"rank": 4, "name": "3690 Short", "outflow (M)": 6.41}, {"rank": 5, "name": "1024 Long", "outflow (M)": 5.78}, {"rank": 6, "name": "1211 Short", "outflow (M)": 3.05}, {"rank": 7, "name": "SPX Long", "outflow (M)": 2.87}, {"rank": 8, "name": "0005 Short", "outflow (M)": 2.31}, {"rank": 9, "name": "9992 Long", "outflow (M)": 2.07}, {"rank": 10, "name": "0823 Long", "outflow (M)": 1.93}, {"rank": 11, "name": "0005 Long", "outflow (M)": 1.79}, {"rank": 12, "name": "2269 Short", "outflow (M)": 1.67}, {"rank": 13, "name": "0941 Short", "outflow (M)": 1.58}, {"rank": 14, "name": "0981 Short", "outflow (M)": 1.53}, {"rank": 15, "name": "0902 Long", "outflow (M)": 1.5}, {"rank": 16, "name": "0939 Short", "outflow (M)": 1.48}, {"rank": 17, "name": "1177 Long", "outflow (M)": 1.24}, {"rank": 18, "name": "NDX Long", "outflow (M)": 1.2}, {"rank": 19, "name": "0135 Long", "outflow (M)": 1.17}, {"rank": 20, "name": "2020 Short", "outflow (M)": 1.07}], "stats": {"hsi long pos": "+275.85M", "hsi short pos:": "+57.23M", "stocks long pos": "+275.31M", "stocks short pos": "+94.75M"}}