{"top20inflow_5d": [{"rank": 1, "name": "0700 Long", "inflow (M)": 71.82}, {"rank": 2, "name": "HSI Short", "inflow (M)": 30.55}, {"rank": 3, "name": "HSI Long", "inflow (M)": 26.71}, {"rank": 4, "name": "9888 Long", "inflow (M)": 17.3}, {"rank": 5, "name": "0941 Long", "inflow (M)": 9.9}, {"rank": 6, "name": "2015 Short", "inflow (M)": 9.63}, {"rank": 7, "name": "0388 Long", "inflow (M)": 7.86}, {"rank": 8, "name": "1211 Short", "inflow (M)": 7.73}, {"rank": 9, "name": "2318 Long", "inflow (M)": 6.86}, {"rank": 10, "name": "9988 Long", "inflow (M)": 6.04}, {"rank": 11, "name": "3690 Long", "inflow (M)": 4.52}, {"rank": 12, "name": "1810 Long", "inflow (M)": 4.36}, {"rank": 13, "name": "9999 Long", "inflow (M)": 3.58}, {"rank": 14, "name": "1299 Long", "inflow (M)": 3.37}, {"rank": 15, "name": "0005 Short", "inflow (M)": 3.08}, {"rank": 16, "name": "0883 Long", "inflow (M)": 2.18}, {"rank": 17, "name": "0027 Long", "inflow (M)": 2.14}, {"rank": 18, "name": "0981 Long", "inflow (M)": 1.73}, {"rank": 19, "name": "9961 Long", "inflow (M)": 1.51}, {"rank": 20, "name": "DJI Short", "inflow (M)": 1.41}], "top20outflow_5d": [{"rank": 1, "name": "3690 Short", "outflow (M)": 14.04}, {"rank": 2, "name": "0700 Short", "outflow (M)": 13.64}, {"rank": 3, "name": "0005 Long", "outflow (M)": 4.89}, {"rank": 4, "name": "0388 Short", "outflow (M)": 4.43}, {"rank": 5, "name": "3968 Short", "outflow (M)": 4.27}, {"rank": 6, "name": "3968 Long", "outflow (M)": 3.86}, {"rank": 7, "name": "9988 Short", "outflow (M)": 3.05}, {"rank": 8, "name": "2269 Short", "outflow (M)": 2.86}, {"rank": 9, "name": "2318 Short", "outflow (M)": 2.66}, {"rank": 10, "name": "0941 Short", "outflow (M)": 1.75}, {"rank": 11, "name": "0939 Short", "outflow (M)": 1.42}, {"rank": 12, "name": "9961 Short", "outflow (M)": 1.4}, {"rank": 13, "name": "0857 Long", "outflow (M)": 1.38}, {"rank": 14, "name": "0992 Long", "outflow (M)": 1.34}, {"rank": 15, "name": "0175 Long", "outflow (M)": 1.3}, {"rank": 16, "name": "2382 Short", "outflow (M)": 1.26}, {"rank": 17, "name": "2015 Long", "outflow (M)": 1.2}, {"rank": 18, "name": "1299 Short", "outflow (M)": 1.19}, {"rank": 19, "name": "0939 Long", "outflow (M)": 0.65}, {"rank": 20, "name": "0823 Long", "outflow (M)": 0.61}], "stats": {"hsi long pos": "+26.71M", "hsi short pos:": "+30.55M", "stocks long pos": "+148.53M", "stocks short pos": "-30.47M"}}