{"top20inflow_1d": [{"rank": 1, "name": "HSI Short", "inflow (M)": 8.38}, {"rank": 2, "name": "0883 Long", "inflow (M)": 6.59}, {"rank": 3, "name": "3968 Long", "inflow (M)": 3.9}, {"rank": 4, "name": "0700 Short", "inflow (M)": 2.11}, {"rank": 5, "name": "0941 Long", "inflow (M)": 1.61}, {"rank": 6, "name": "0696 Long", "inflow (M)": 1.52}, {"rank": 7, "name": "0960 Long", "inflow (M)": 1.36}, {"rank": 8, "name": "1810 Short", "inflow (M)": 0.98}, {"rank": 9, "name": "0857 Long", "inflow (M)": 0.87}, {"rank": 10, "name": "1299 Short", "inflow (M)": 0.75}, {"rank": 11, "name": "0823 Long", "inflow (M)": 0.68}, {"rank": 12, "name": "0027 Long", "inflow (M)": 0.54}, {"rank": 13, "name": "2318 Short", "inflow (M)": 0.53}, {"rank": 14, "name": "0388 Long", "inflow (M)": 0.44}, {"rank": 15, "name": "1211 Long", "inflow (M)": 0.43}, {"rank": 16, "name": "0857 Short", "inflow (M)": 0.43}, {"rank": 17, "name": "0005 Long", "inflow (M)": 0.4}, {"rank": 18, "name": "0981 Long", "inflow (M)": 0.32}, {"rank": 19, "name": "1211 Short", "inflow (M)": 0.31}, {"rank": 20, "name": "0005 Short", "inflow (M)": 0.24}], "top20outflow_1d": [{"rank": 1, "name": "HSI Long", "outflow (M)": 15.23}, {"rank": 2, "name": "0700 Long", "outflow (M)": 10.86}, {"rank": 3, "name": "9988 Long", "outflow (M)": 4.16}, {"rank": 4, "name": "3690 Long", "outflow (M)": 1.62}, {"rank": 5, "name": "1299 Long", "outflow (M)": 1.03}, {"rank": 6, "name": "9988 Short", "outflow (M)": 0.85}, {"rank": 7, "name": "9618 Long", "outflow (M)": 0.58}, {"rank": 8, "name": "1810 Long", "outflow (M)": 0.4}, {"rank": 9, "name": "1171 Long", "outflow (M)": 0.37}, {"rank": 10, "name": "1357 Long", "outflow (M)": 0.35}, {"rank": 11, "name": "0981 Short", "outflow (M)": 0.31}, {"rank": 12, "name": "2382 Long", "outflow (M)": 0.3}, {"rank": 13, "name": "2800 Long", "outflow (M)": 0.21}, {"rank": 14, "name": "2628 Long", "outflow (M)": 0.21}, {"rank": 15, "name": "0992 Long", "outflow (M)": 0.21}, {"rank": 16, "name": "0688 Long", "outflow (M)": 0.14}, {"rank": 17, "name": "1088 Long", "outflow (M)": 0.14}, {"rank": 18, "name": "2018 Short", "outflow (M)": 0.12}, {"rank": 19, "name": "1398 Long", "outflow (M)": 0.11}, {"rank": 20, "name": "2899 Long", "outflow (M)": 0.11}], "stats": {"hsi long pos": "-141.16M", "hsi short pos:": "+96.45M", "stocks long pos": "-4.57M", "stocks short pos": "+18.87M"}}