{"top20inflow_20d": [{"rank": 1, "name": "HSI Long", "inflow (M)": 382.43}, {"rank": 2, "name": "9988 Long", "inflow (M)": 34.32}, {"rank": 3, "name": "1299 Long", "inflow (M)": 25.52}, {"rank": 4, "name": "0388 Long", "inflow (M)": 21.07}, {"rank": 5, "name": "3690 Long", "inflow (M)": 11.72}, {"rank": 6, "name": "2318 Long", "inflow (M)": 10.99}, {"rank": 7, "name": "0700 Long", "inflow (M)": 9.97}, {"rank": 8, "name": "0005 Long", "inflow (M)": 5.83}, {"rank": 9, "name": "0027 Long", "inflow (M)": 5.17}, {"rank": 10, "name": "0857 Long", "inflow (M)": 4.25}, {"rank": 11, "name": "2899 Long", "inflow (M)": 4.2}, {"rank": 12, "name": "1818 Long", "inflow (M)": 4.09}, {"rank": 13, "name": "1299 Short", "inflow (M)": 3.76}, {"rank": 14, "name": "0883 Long", "inflow (M)": 3.59}, {"rank": 15, "name": "1928 Long", "inflow (M)": 2.7}, {"rank": 16, "name": "1211 Long", "inflow (M)": 2.54}, {"rank": 17, "name": "3968 Short", "inflow (M)": 2.39}, {"rank": 18, "name": "2015 Long", "inflow (M)": 2.33}, {"rank": 19, "name": "0027 Short", "inflow (M)": 2.09}, {"rank": 20, "name": "2883 Long", "inflow (M)": 2.05}], "top20outflow_20d": [{"rank": 1, "name": "HSI Long", "outflow (M)": 382.43}, {"rank": 2, "name": "9988 Long", "outflow (M)": 34.32}, {"rank": 3, "name": "1299 Long", "outflow (M)": 25.52}, {"rank": 4, "name": "0388 Long", "outflow (M)": 21.07}, {"rank": 5, "name": "3690 Long", "outflow (M)": 11.72}, {"rank": 6, "name": "2318 Long", "outflow (M)": 10.99}, {"rank": 7, "name": "0700 Long", "outflow (M)": 9.97}, {"rank": 8, "name": "0005 Long", "outflow (M)": 5.83}, {"rank": 9, "name": "0027 Long", "outflow (M)": 5.17}, {"rank": 10, "name": "0857 Long", "outflow (M)": 4.25}, {"rank": 11, "name": "2899 Long", "outflow (M)": 4.2}, {"rank": 12, "name": "1818 Long", "outflow (M)": 4.09}, {"rank": 13, "name": "1299 Short", "outflow (M)": 3.76}, {"rank": 14, "name": "0883 Long", "outflow (M)": 3.59}, {"rank": 15, "name": "1928 Long", "outflow (M)": 2.7}, {"rank": 16, "name": "1211 Long", "outflow (M)": 2.54}, {"rank": 17, "name": "3968 Short", "outflow (M)": 2.39}, {"rank": 18, "name": "2015 Long", "outflow (M)": 2.33}, {"rank": 19, "name": "0027 Short", "outflow (M)": 2.09}, {"rank": 20, "name": "2883 Long", "outflow (M)": 2.05}], "stats": {"hsi long pos": "+382.43M", "hsi short pos:": "-166.28M", "stocks long pos": "+168.20M", "stocks short pos": "-19.65M"}}