{"top20inflow_20d": [{"rank": 1, "name": "HSI Short", "inflow (M)": 189.56}, {"rank": 2, "name": "1299 Long", "inflow (M)": 72.09}, {"rank": 3, "name": "0700 Short", "inflow (M)": 54.26}, {"rank": 4, "name": "9988 Long", "inflow (M)": 48.92}, {"rank": 5, "name": "0388 Long", "inflow (M)": 41.47}, {"rank": 6, "name": "3690 Short", "inflow (M)": 26.65}, {"rank": 7, "name": "2318 Long", "inflow (M)": 14.55}, {"rank": 8, "name": "2269 Long", "inflow (M)": 13.75}, {"rank": 9, "name": "1810 Long", "inflow (M)": 13.49}, {"rank": 10, "name": "2382 Long", "inflow (M)": 9.49}, {"rank": 11, "name": "0981 Long", "inflow (M)": 8.81}, {"rank": 12, "name": "1024 Long", "inflow (M)": 8.3}, {"rank": 13, "name": "0268 Long", "inflow (M)": 8.16}, {"rank": 14, "name": "1810 Short", "inflow (M)": 7.97}, {"rank": 15, "name": "0941 Long", "inflow (M)": 5.98}, {"rank": 16, "name": "9868 Long", "inflow (M)": 5.64}, {"rank": 17, "name": "9999 Long", "inflow (M)": 4.94}, {"rank": 18, "name": "3993 Long", "inflow (M)": 4.82}, {"rank": 19, "name": "SPX Long", "inflow (M)": 4.66}, {"rank": 20, "name": "0788 Long", "inflow (M)": 4.36}], "top20outflow_20d": [{"rank": 1, "name": "HSI Long", "outflow (M)": 165.33}, {"rank": 2, "name": "0700 Long", "outflow (M)": 63.51}, {"rank": 3, "name": "3690 Long", "outflow (M)": 55.0}, {"rank": 4, "name": "0005 Long", "outflow (M)": 17.06}, {"rank": 5, "name": "0175 Long", "outflow (M)": 7.16}, {"rank": 6, "name": "9618 Long", "outflow (M)": 5.74}, {"rank": 7, "name": "1109 Long", "outflow (M)": 5.57}, {"rank": 8, "name": "1211 Long", "outflow (M)": 5.19}, {"rank": 9, "name": "0388 Short", "outflow (M)": 4.5}, {"rank": 10, "name": "2840 Long", "outflow (M)": 3.95}, {"rank": 11, "name": "0883 Long", "outflow (M)": 3.14}, {"rank": 12, "name": "2015 Short", "outflow (M)": 3.06}, {"rank": 13, "name": "1299 Short", "outflow (M)": 2.89}, {"rank": 14, "name": "9868 Short", "outflow (M)": 2.73}, {"rank": 15, "name": "3968 Long", "outflow (M)": 2.47}, {"rank": 16, "name": "0386 Long", "outflow (M)": 2.13}, {"rank": 17, "name": "1818 Long", "outflow (M)": 1.97}, {"rank": 18, "name": "1088 Long", "outflow (M)": 1.77}, {"rank": 19, "name": "1357 Long", "outflow (M)": 1.68}, {"rank": 20, "name": "9626 Long", "outflow (M)": 1.59}], "stats": {"hsi long pos": "-165.33M", "hsi short pos:": "+189.56M", "stocks long pos": "+125.67M", "stocks short pos": "+91.38M"}}